-- MySQL dump 10.15  Distrib 10.0.15-MariaDB, for Linux (x86_64)
--
-- Host: localhost    Database: arya
-- ------------------------------------------------------
-- Server version	10.0.15-MariaDB

/*!40101 SET @OLD_CHARACTER_SET_CLIENT=@@CHARACTER_SET_CLIENT */;
/*!40101 SET @OLD_CHARACTER_SET_RESULTS=@@CHARACTER_SET_RESULTS */;
/*!40101 SET @OLD_COLLATION_CONNECTION=@@COLLATION_CONNECTION */;
/*!40101 SET NAMES utf8 */;
/*!40103 SET @OLD_TIME_ZONE=@@TIME_ZONE */;
/*!40103 SET TIME_ZONE='+00:00' */;
/*!40014 SET @OLD_UNIQUE_CHECKS=@@UNIQUE_CHECKS, UNIQUE_CHECKS=0 */;
/*!40014 SET @OLD_FOREIGN_KEY_CHECKS=@@FOREIGN_KEY_CHECKS, FOREIGN_KEY_CHECKS=0 */;
/*!40101 SET @OLD_SQL_MODE=@@SQL_MODE, SQL_MODE='NO_AUTO_VALUE_ON_ZERO' */;
/*!40111 SET @OLD_SQL_NOTES=@@SQL_NOTES, SQL_NOTES=0 */;

--
-- Table structure for table `account`
--

DROP TABLE IF EXISTS `account`;
/*!40101 SET @saved_cs_client     = @@character_set_client */;
/*!40101 SET character_set_client = utf8 */;
CREATE TABLE `account` (
  `account_id` int(11) NOT NULL AUTO_INCREMENT,
  `name` varchar(150) NOT NULL,
  `is_usable` tinyint(1) DEFAULT NULL,
  `code` varchar(45) DEFAULT NULL,
  `lft` int(11) DEFAULT NULL,
  `rgt` int(11) DEFAULT NULL,
  `parent_account_id` int(11) DEFAULT NULL,
  PRIMARY KEY (`account_id`),
  KEY `fk_account_account1_idx` (`parent_account_id`),
  CONSTRAINT `fk_account_account1` FOREIGN KEY (`parent_account_id`) REFERENCES `account` (`account_id`) ON DELETE NO ACTION ON UPDATE NO ACTION
) ENGINE=InnoDB AUTO_INCREMENT=223 DEFAULT CHARSET=utf8;
/*!40101 SET character_set_client = @saved_cs_client */;

--
-- Dumping data for table `account`
--

LOCK TABLES `account` WRITE;
/*!40000 ALTER TABLE `account` DISABLE KEYS */;
INSERT INTO `account` VALUES (1,'ACTIVO',0,'1',1,68,0),(2,'ACTIVO CORRIENTE',0,'1.1',2,45,1),(3,'DISPONIBILIDADES',0,'1.1.1',3,16,2),(4,'Caja pesos',1,'1.1.1.1',4,5,3),(5,'Caja Moneda Extranjera',1,'1.1.1.2',6,7,3),(6,'Fondo fijo',1,'1.1.1.3',8,9,3),(7,'Banco misc',1,'1.1.1.4',10,11,3),(8,'Valores a depositar',1,'1.1.1.5',12,13,3),(9,'CRÉDITOS',0,'1.1.2',17,22,2),(10,'Deudores por ventas',1,'1.1.2.1',18,19,9),(11,'Deudores morosos',1,'1.1.2.2',20,21,9),(12,'OTROS CRÉDITOS',0,'1.1.3',23,38,2),(13,'Retencion impuestos a las ganancias',1,'1.1.3.1',24,25,12),(14,'Anticipo impuestos a las ganancias',1,'1.1.3.2',26,27,12),(15,'IVA crédito fiscal 21%',1,'1.1.3.3',28,29,12),(16,'IVA crédito fiscal 10.5 %',1,'1.1.3.4',30,31,12),(17,'Retencion IVA',1,'1.1.3.5',32,33,12),(18,'Retencion ingresos brutos',1,'1.1.3.6',34,35,12),(19,'Saldo a favor ingresos a las ganancias',1,'1.1.3.7',36,37,12),(20,'BIENES DE CAMBIO',0,'1.1.4',39,44,2),(21,'Equipos',1,'1.1.4.1',40,41,20),(22,'Equipos en Demo',1,'1.1.4.2',42,43,20),(23,'ACTIVO NO CORRIENTE',0,'1.2',46,67,1),(24,'BIENES DE USO',0,'1.2.1',47,56,23),(25,'Equipos computación',1,'1.2.1.1',48,49,24),(26,'Software',1,'1.2.1.2',50,51,24),(27,'Instalaciones',1,'1.2.1.3',52,53,24),(28,'Muebles y útiles',1,'1.2.1.4',54,55,24),(29,'AMORTIZACIONES ACUMULADAS BIENES DE USO',0,'1.2.2',57,66,23),(30,'Amortización acumulada equipos computación',1,'1.2.2.1',58,59,29),(31,'Amortización acumulada software',1,'1.2.2.2',60,61,29),(32,'Amortización acumulada instalaciones',1,'1.2.2.3',62,63,29),(33,'Amortización acumulada muebles y útiles',1,'1.2.2.4',64,65,29),(34,'PASIVO',0,'2',69,120,0),(35,'PASIVO CORRIENTE',0,'2.1',70,109,34),(36,'DEUDAS SOCIALES',0,'2.1.1',71,84,35),(37,'Sueldos a pagar',1,'2.1.1.1',72,73,36),(38,'Cargas sociales a pagar',1,'2.1.1.2',74,75,36),(39,'Provision SAC a pagar',1,'2.1.1.3',76,77,36),(40,'Provision SAC cargas sociales a pagar',1,'2.1.1.4',78,79,36),(41,'Beneficios al personal',1,'2.1.1.5',80,81,36),(42,'Previsión Despidos',1,'2.1.1.6',82,83,36),(43,'DEUDAS FISCALES',0,'2.1.2',85,98,35),(44,'Ingresos brutos a pagar',1,'2.1.2.1',86,87,43),(45,'IVA débito fiscal 21%',1,'2.1.2.2',88,89,43),(46,'IVA débito fiscal 10.5%',1,'2.1.2.3',90,91,43),(47,'IVA a pagar',1,'2.1.2.4',92,93,43),(48,'Retención ganancias a depositar',1,'2.1.2.5',94,95,43),(49,'Provision impuesto a las ganancias',1,'2.1.2.6',96,97,43),(50,'DEUDAS COMERCIALES',0,'2.1.3',99,104,35),(51,'Proveedores',1,'2.1.3.1',100,101,50),(52,'Anticipos de clientes',1,'2.1.3.2',102,103,50),(53,'PROVISIONES VARIAS',0,'2.1.4',105,108,35),(54,'Provision gastos',1,'2.1.4.1',106,107,53),(55,'PASIVO NO CORRIENTE',0,'2.2',110,119,34),(56,'DEUDAS COMERCIALES A LARGO PLAZO',0,'2.2.1',111,114,55),(57,'Deudas proveedores a largo plazo',1,'2.2.1.1',112,113,56),(58,'OTRAS DEUDAS',0,'2.2.2',115,118,55),(59,'Deudas misc',1,'2.2.2.1',116,117,58),(60,'PATRIMONIO NETO',0,'3',121,132,0),(61,'Capital',1,'3.1',122,123,60),(62,'Aporte irrevocable ',1,'3.2',124,125,60),(63,'Reserva legal',1,'3.3',126,127,60),(64,'Resultados no asignados',1,'3.4',128,129,60),(65,'Resultado del ejercicio',1,'3.5',130,131,60),(66,'INGRESOS',0,'4',133,150,0),(67,'INGRESOS OPERATIVOS',0,'4.1',134,145,66),(68,'VENTAS',0,'4.1.1',135,142,67),(69,'Ingresos por ventas',1,'4.1.1.1',136,137,68),(70,'Venta de equipos',1,'4.1.1.2',138,139,68),(71,'Venta servicios misc',1,'4.1.1.3',140,141,68),(72,'OTROS INGRESOS',0,'4.1.2',143,144,67),(73,'INGRESOS FINANCIEROS',0,'4.2',146,149,66),(74,'Resultado de inversiones financieras',1,'4.2.1',147,148,73),(75,'GASTOS',0,'5',151,222,0),(76,'GASTOS OPERATIVOS',0,'5.1',152,209,75),(77,'GASTOS DE PRODUCCION',0,'5.1.1',153,164,76),(78,'Gastos operativos general',1,'5.1.1.1',154,155,77),(79,'Haberes',1,'5.1.1.2',156,157,77),(80,'Cargas Sociales',1,'5.1.1.3',158,159,77),(81,'Costo de equipos',1,'5.1.1.4',160,161,77),(82,'Materiales',1,'5.1.1.5',162,163,77),(83,'GASTOS COMERCIALES',0,'5.1.2',165,174,76),(84,'Haberes comerciales',1,'5.1.2.1',166,167,83),(85,'Cargas sociales comerciales',1,'5.1.2.2',168,169,83),(86,'Comisiones',1,'5.1.2.3',170,171,83),(87,'Publicidad',1,'5.1.2.4',172,173,83),(88,'GASTOS DE ADMINISTRACION',0,'5.1.3',175,196,76),(89,'Haberes administrativos',1,'5.1.3.1',176,177,88),(90,'Cargas sociales administrativas',1,'5.1.3.2',178,179,88),(91,'Honorarios',1,'5.1.3.3',180,181,88),(92,'Alquileres',1,'5.1.3.4',182,183,88),(93,'Servicios de luz, agua, etc',1,'5.1.3.5',184,185,88),(94,'Mantenimiento y limpieza',1,'5.1.3.6',186,187,88),(95,'Artículos librería',1,'5.1.3.7',188,189,88),(96,'Cadetería y correo',1,'5.1.3.8',190,191,88),(97,'Seguros',1,'5.1.3.9',192,193,88),(98,'Diferencias por Redondeo',1,'5.1.3.10',194,195,88),(99,'GASTOS FISCALES',0,'5.1.4',197,204,76),(100,'Impuestos ingresos brutos',1,'5.1.4.1',198,199,99),(101,'Impuestos a las ganancias',1,'5.1.4.2',200,201,99),(102,'Impuestos transacciones bancarias',1,'5.1.4.3',202,203,99),(103,'OTROS GASTOS ',0,'5.1.5',205,208,76),(104,'Intereses y recargos',1,'5.1.5.1',206,207,103),(105,'GASTOS NO OPERATIVOS',0,'5.2',210,221,75),(106,'AMORTIZACIONES',0,'5.2.1',211,220,105),(107,'Amortizaciones instalaciones',1,'5.2.1.1',212,213,106),(108,'Amortizaciones equipos de computación',1,'5.2.1.2',214,215,106),(109,'Amortizacion software',1,'5.2.1.3',216,217,106),(110,'Amortizacion muebles y útiles',1,'5.2.1.4',218,219,106),(111,'Cuenta Corriente',1,'1.1.1.6',14,15,106),(112,'ACTIVO',0,'1',1,68,NULL),(113,'ACTIVO CORRIENTE',0,'1.1',2,45,112),(114,'DISPONIBILIDADES',0,'1.1.1',3,16,113),(115,'Caja pesos',1,'1.1.1.1',4,5,114),(116,'Caja Moneda Extranjera',1,'1.1.1.2',6,7,114),(117,'Fondo fijo',1,'1.1.1.3',8,9,114),(118,'Banco misc',1,'1.1.1.4',10,11,114),(119,'Valores a depositar',1,'1.1.1.5',12,13,114),(120,'CRÉDITOS',0,'1.1.2',17,22,113),(121,'Deudores por ventas',1,'1.1.2.1',18,19,120),(122,'Deudores morosos',1,'1.1.2.2',20,21,120),(123,'OTROS CRÉDITOS',0,'1.1.3',23,38,113),(124,'Retencion impuestos a las ganancias',1,'1.1.3.1',24,25,123),(125,'Anticipo impuestos a las ganancias',1,'1.1.3.2',26,27,123),(126,'IVA crédito fiscal 21%',1,'1.1.3.3',28,29,123),(127,'IVA crédito fiscal 10.5 %',1,'1.1.3.4',30,31,123),(128,'Retencion IVA',1,'1.1.3.5',32,33,123),(129,'Retencion ingresos brutos',1,'1.1.3.6',34,35,123),(130,'Saldo a favor ingresos a las ganancias',1,'1.1.3.7',36,37,123),(131,'BIENES DE CAMBIO',0,'1.1.4',39,44,113),(132,'Equipos',1,'1.1.4.1',40,41,131),(133,'Equipos en Demo',1,'1.1.4.2',42,43,131),(134,'ACTIVO NO CORRIENTE',0,'1.2',46,67,112),(135,'BIENES DE USO',0,'1.2.1',47,56,134),(136,'Equipos computación',1,'1.2.1.1',48,49,135),(137,'Software',1,'1.2.1.2',50,51,135),(138,'Instalaciones',1,'1.2.1.3',52,53,135),(139,'Muebles y útiles',1,'1.2.1.4',54,55,135),(140,'AMORTIZACIONES ACUMULADAS BIENES DE USO',0,'1.2.2',57,66,134),(141,'Amortización acumulada equipos computación',1,'1.2.2.1',58,59,140),(142,'Amortización acumulada software',1,'1.2.2.2',60,61,140),(143,'Amortización acumulada instalaciones',1,'1.2.2.3',62,63,140),(144,'Amortización acumulada muebles y útiles',1,'1.2.2.4',64,65,140),(145,'PASIVO',0,'2',69,120,NULL),(146,'PASIVO CORRIENTE',0,'2.1',70,109,145),(147,'DEUDAS SOCIALES',0,'2.1.1',71,84,146),(148,'Sueldos a pagar',1,'2.1.1.1',72,73,147),(149,'Cargas sociales a pagar',1,'2.1.1.2',74,75,147),(150,'Provision SAC a pagar',1,'2.1.1.3',76,77,147),(151,'Provision SAC cargas sociales a pagar',1,'2.1.1.4',78,79,147),(152,'Beneficios al personal',1,'2.1.1.5',80,81,147),(153,'Previsión Despidos',1,'2.1.1.6',82,83,147),(154,'DEUDAS FISCALES',0,'2.1.2',85,98,146),(155,'Ingresos brutos a pagar',1,'2.1.2.1',86,87,154),(156,'IVA débito fiscal 21%',1,'2.1.2.2',88,89,154),(157,'IVA débito fiscal 10.5%',1,'2.1.2.3',90,91,154),(158,'IVA a pagar',1,'2.1.2.4',92,93,154),(159,'Retención ganancias a depositar',1,'2.1.2.5',94,95,154),(160,'Provision impuesto a las ganancias',1,'2.1.2.6',96,97,154),(161,'DEUDAS COMERCIALES',0,'2.1.3',99,104,146),(162,'Proveedores',1,'2.1.3.1',100,101,161),(163,'Anticipos de clientes',1,'2.1.3.2',102,103,161),(164,'PROVISIONES VARIAS',0,'2.1.4',105,108,146),(165,'Provision gastos',1,'2.1.4.1',106,107,164),(166,'PASIVO NO CORRIENTE',0,'2.2',110,119,145),(167,'DEUDAS COMERCIALES A LARGO PLAZO',0,'2.2.1',111,114,166),(168,'Deudas proveedores a largo plazo',1,'2.2.1.1',112,113,167),(169,'OTRAS DEUDAS',0,'2.2.2',115,118,166),(170,'Deudas misc',1,'2.2.2.1',116,117,169),(171,'PATRIMONIO NETO',0,'3',121,132,NULL),(172,'Capital',1,'3.1',122,123,171),(173,'Aporte irrevocable ',1,'3.2',124,125,171),(174,'Reserva legal',1,'3.3',126,127,171),(175,'Resultados no asignados',1,'3.4',128,129,171),(176,'Resultado del ejercicio',1,'3.5',130,131,171),(177,'INGRESOS',0,'4',133,150,NULL),(178,'INGRESOS OPERATIVOS',0,'4.1',134,145,177),(179,'VENTAS',0,'4.1.1',135,142,178),(180,'Ingresos por ventas',1,'4.1.1.1',136,137,179),(181,'Venta de equipos',1,'4.1.1.2',138,139,179),(182,'Venta servicios misc',1,'4.1.1.3',140,141,179),(183,'OTROS INGRESOS',0,'4.1.2',143,144,178),(184,'INGRESOS FINANCIEROS',0,'4.2',146,149,177),(185,'Resultado de inversiones financieras',1,'4.2.1',147,148,184),(186,'GASTOS',0,'5',151,222,NULL),(187,'GASTOS OPERATIVOS',0,'5.1',152,209,186),(188,'GASTOS DE PRODUCCION',0,'5.1.1',153,164,187),(189,'Gastos operativos general',1,'5.1.1.1',154,155,188),(190,'Haberes',1,'5.1.1.2',156,157,188),(191,'Cargas Sociales',1,'5.1.1.3',158,159,188),(192,'Costo de equipos',1,'5.1.1.4',160,161,188),(193,'Materiales',1,'5.1.1.5',162,163,188),(194,'GASTOS COMERCIALES',0,'5.1.2',165,174,187),(195,'Haberes comerciales',1,'5.1.2.1',166,167,194),(196,'Cargas sociales comerciales',1,'5.1.2.2',168,169,194),(197,'Comisiones',1,'5.1.2.3',170,171,194),(198,'Publicidad',1,'5.1.2.4',172,173,194),(199,'GASTOS DE ADMINISTRACION',0,'5.1.3',175,196,187),(200,'Haberes administrativos',1,'5.1.3.1',176,177,199),(201,'Cargas sociales administrativas',1,'5.1.3.2',178,179,199),(202,'Honorarios',1,'5.1.3.3',180,181,199),(203,'Alquileres',1,'5.1.3.4',182,183,199),(204,'Servicios de luz, agua, etc',1,'5.1.3.5',184,185,199),(205,'Mantenimiento y limpieza',1,'5.1.3.6',186,187,199),(206,'Artículos librería',1,'5.1.3.7',188,189,199),(207,'Cadetería y correo',1,'5.1.3.8',190,191,199),(208,'Seguros',1,'5.1.3.9',192,193,199),(209,'Diferencias por Redondeo',1,'5.1.3.10',194,195,199),(210,'GASTOS FISCALES',0,'5.1.4',197,204,187),(211,'Impuestos ingresos brutos',1,'5.1.4.1',198,199,210),(212,'Impuestos a las ganancias',1,'5.1.4.2',200,201,210),(213,'Impuestos transacciones bancarias',1,'5.1.4.3',202,203,210),(214,'OTROS GASTOS ',0,'5.1.5',205,208,187),(215,'Intereses y recargos',1,'5.1.5.1',206,207,214),(216,'GASTOS NO OPERATIVOS',0,'5.2',210,221,186),(217,'AMORTIZACIONES',0,'5.2.1',211,220,216),(218,'Amortizaciones instalaciones',1,'5.2.1.1',212,213,217),(219,'Amortizaciones equipos de computación',1,'5.2.1.2',214,215,217),(220,'Amortizacion software',1,'5.2.1.3',216,217,217),(221,'Amortizacion muebles y útiles',1,'5.2.1.4',218,219,217),(222,'Cuenta Corriente',1,'1.1.1.6',14,15,217);
/*!40000 ALTER TABLE `account` ENABLE KEYS */;
UNLOCK TABLES;

--
-- Table structure for table `account_config`
--

DROP TABLE IF EXISTS `account_config`;
/*!40101 SET @saved_cs_client     = @@character_set_client */;
/*!40101 SET character_set_client = utf8 */;
CREATE TABLE `account_config` (
  `account_config_id` int(11) NOT NULL AUTO_INCREMENT,
  `name` varchar(150) NOT NULL,
  `class` varchar(250) NOT NULL,
  `classMovement` varchar(250) NOT NULL,
  PRIMARY KEY (`account_config_id`)
) ENGINE=InnoDB DEFAULT CHARSET=utf8;
/*!40101 SET character_set_client = @saved_cs_client */;

--
-- Dumping data for table `account_config`
--

LOCK TABLES `account_config` WRITE;
/*!40000 ALTER TABLE `account_config` DISABLE KEYS */;
/*!40000 ALTER TABLE `account_config` ENABLE KEYS */;
UNLOCK TABLES;

--
-- Table structure for table `account_config_has_account`
--

DROP TABLE IF EXISTS `account_config_has_account`;
/*!40101 SET @saved_cs_client     = @@character_set_client */;
/*!40101 SET character_set_client = utf8 */;
CREATE TABLE `account_config_has_account` (
  `account_config_has_account_id` int(11) NOT NULL AUTO_INCREMENT,
  `account_config_id` int(11) NOT NULL,
  `account_id` int(11) NOT NULL,
  `is_debit` tinyint(1) DEFAULT NULL,
  `attrib` varchar(45) DEFAULT NULL,
  PRIMARY KEY (`account_config_has_account_id`),
  KEY `fk_account_config_has_account_account1_idx` (`account_id`),
  KEY `fk_account_config_has_account_account_config1_idx` (`account_config_id`),
  CONSTRAINT `fk_account_config_has_account_account1` FOREIGN KEY (`account_id`) REFERENCES `account` (`account_id`) ON DELETE NO ACTION ON UPDATE NO ACTION,
  CONSTRAINT `fk_account_config_has_account_account_config1` FOREIGN KEY (`account_config_id`) REFERENCES `account_config` (`account_config_id`) ON DELETE NO ACTION ON UPDATE NO ACTION
) ENGINE=InnoDB DEFAULT CHARSET=utf8;
/*!40101 SET character_set_client = @saved_cs_client */;

--
-- Dumping data for table `account_config_has_account`
--

LOCK TABLES `account_config_has_account` WRITE;
/*!40000 ALTER TABLE `account_config_has_account` DISABLE KEYS */;
/*!40000 ALTER TABLE `account_config_has_account` ENABLE KEYS */;
UNLOCK TABLES;

--
-- Table structure for table `account_movement`
--

DROP TABLE IF EXISTS `account_movement`;
/*!40101 SET @saved_cs_client     = @@character_set_client */;
/*!40101 SET character_set_client = utf8 */;
CREATE TABLE `account_movement` (
  `account_movement_id` int(11) NOT NULL AUTO_INCREMENT,
  `description` varchar(150) DEFAULT NULL,
  `status` enum('draft','closed') NOT NULL DEFAULT 'draft',
  `date` date DEFAULT NULL,
  `time` time DEFAULT NULL,
  `company_id` int(11) DEFAULT NULL,
  `accounting_period_id` int(11) NOT NULL,
  PRIMARY KEY (`account_movement_id`),
  KEY `fk_account_movement_accounting_period1_idx` (`accounting_period_id`),
  KEY `ix_account_movement_company_id` (`company_id`),
  CONSTRAINT `fk_account_movement_accounting_period1` FOREIGN KEY (`accounting_period_id`) REFERENCES `accounting_period` (`accounting_period_id`) ON DELETE NO ACTION ON UPDATE NO ACTION
) ENGINE=InnoDB DEFAULT CHARSET=utf8;
/*!40101 SET character_set_client = @saved_cs_client */;

--
-- Dumping data for table `account_movement`
--

LOCK TABLES `account_movement` WRITE;
/*!40000 ALTER TABLE `account_movement` DISABLE KEYS */;
/*!40000 ALTER TABLE `account_movement` ENABLE KEYS */;
UNLOCK TABLES;

--
-- Table structure for table `account_movement_item`
--

DROP TABLE IF EXISTS `account_movement_item`;
/*!40101 SET @saved_cs_client     = @@character_set_client */;
/*!40101 SET character_set_client = utf8 */;
CREATE TABLE `account_movement_item` (
  `account_movement_item_id` int(11) NOT NULL AUTO_INCREMENT,
  `account_id` int(11) NOT NULL,
  `account_movement_id` int(11) NOT NULL,
  `debit` double DEFAULT NULL,
  `credit` double DEFAULT NULL,
  `status` enum('draft','closed','conciled') NOT NULL DEFAULT 'draft',
  PRIMARY KEY (`account_movement_item_id`),
  KEY `fk_account_movement_item_account1_idx` (`account_id`),
  KEY `fk_account_movement_item_account_movement1_idx` (`account_movement_id`),
  CONSTRAINT `fk_account_movement_item_account1` FOREIGN KEY (`account_id`) REFERENCES `account` (`account_id`) ON DELETE NO ACTION ON UPDATE NO ACTION,
  CONSTRAINT `fk_account_movement_item_account_movement1` FOREIGN KEY (`account_movement_id`) REFERENCES `account_movement` (`account_movement_id`) ON DELETE NO ACTION ON UPDATE NO ACTION
) ENGINE=InnoDB DEFAULT CHARSET=utf8;
/*!40101 SET character_set_client = @saved_cs_client */;

--
-- Dumping data for table `account_movement_item`
--

LOCK TABLES `account_movement_item` WRITE;
/*!40000 ALTER TABLE `account_movement_item` DISABLE KEYS */;
/*!40000 ALTER TABLE `account_movement_item` ENABLE KEYS */;
UNLOCK TABLES;

--
-- Table structure for table `accounting_period`
--

DROP TABLE IF EXISTS `accounting_period`;
/*!40101 SET @saved_cs_client     = @@character_set_client */;
/*!40101 SET character_set_client = utf8 */;
CREATE TABLE `accounting_period` (
  `accounting_period_id` int(11) NOT NULL AUTO_INCREMENT,
  `name` varchar(150) DEFAULT NULL,
  `date_from` date DEFAULT NULL,
  `date_to` date DEFAULT NULL,
  `number` int(11) DEFAULT NULL,
  `status` enum('draft','closed') DEFAULT NULL,
  `active` tinyint(1) DEFAULT NULL,
  PRIMARY KEY (`accounting_period_id`)
) ENGINE=InnoDB DEFAULT CHARSET=utf8;
/*!40101 SET character_set_client = @saved_cs_client */;

--
-- Dumping data for table `accounting_period`
--

LOCK TABLES `accounting_period` WRITE;
/*!40000 ALTER TABLE `accounting_period` DISABLE KEYS */;
/*!40000 ALTER TABLE `accounting_period` ENABLE KEYS */;
UNLOCK TABLES;

--
-- Table structure for table `address`
--

DROP TABLE IF EXISTS `address`;
/*!40101 SET @saved_cs_client     = @@character_set_client */;
/*!40101 SET character_set_client = utf8 */;
CREATE TABLE `address` (
  `address_id` int(11) NOT NULL AUTO_INCREMENT,
  `street` varchar(100) DEFAULT NULL,
  `between_street_1` varchar(100) DEFAULT NULL,
  `between_street_2` varchar(100) DEFAULT NULL,
  `number` int(11) DEFAULT NULL,
  `block` varchar(45) DEFAULT NULL,
  `house` varchar(45) DEFAULT NULL,
  `floor` int(11) DEFAULT NULL,
  `department` varchar(45) DEFAULT NULL,
  `tower` varchar(45) DEFAULT NULL,
  `zone_id` int(11) DEFAULT NULL,
  `geocode` varchar(100) DEFAULT NULL,
  PRIMARY KEY (`address_id`),
  KEY `fk_address_zone_idx` (`zone_id`),
  CONSTRAINT `fk_address_zone` FOREIGN KEY (`zone_id`) REFERENCES `zone` (`zone_id`) ON DELETE NO ACTION ON UPDATE NO ACTION
) ENGINE=InnoDB AUTO_INCREMENT=11 DEFAULT CHARSET=utf8;
/*!40101 SET character_set_client = @saved_cs_client */;

--
-- Dumping data for table `address`
--

LOCK TABLES `address` WRITE;
/*!40000 ALTER TABLE `address` DISABLE KEYS */;
INSERT INTO `address` VALUES (1,'EMILIO CIVIT 460 - (5.500) MENDOZA','','',0,'','',0,'','',1,NULL),(2,'ESPEJO 189 - RUSSELL - (5.517) MAIPÚ','','',0,'','',0,'','',1,NULL),(3,'PELLEGRINI 143 - (5.700) SAN LUIS','','',0,'','',0,'','',1,NULL),(4,'PELLEGRINI 143 - (5.700) SAN LUIS','','',0,'','',0,'','',1,NULL),(5,'ONELLI 1.233 - SAN CARLOS DE BARILOCHE - (8.400) RÍO NEGRO','','',0,'','',0,'','',1,NULL),(6,'HIPÓLITO YRIGOYEN 475 - BARRIO NUEVA CÓRDOBA - (5.000) CÓRDOBA','','',0,'','',0,'','',1,NULL),(7,'BARRIO CRISTO REDENTOR MZA G CASA 10 LAS HERAS','','',0,'','',0,'','',1,NULL),(8,'SEVERO DEL CASTILLO 7.881 - LOS CORRALITOS','','',0,'','',0,'GUAYMALLÉN','',1,NULL),(9,'LOLA MORA','','',457,'','',8,'808','',1,NULL),(10,'DON BOSCO 4.444 - (1.754) SAN JUSTO - BUENOS AIRES','','',0,'','',0,'','',1,NULL);
/*!40000 ALTER TABLE `address` ENABLE KEYS */;
UNLOCK TABLES;

--
-- Table structure for table `auth_assignment`
--

DROP TABLE IF EXISTS `auth_assignment`;
/*!40101 SET @saved_cs_client     = @@character_set_client */;
/*!40101 SET character_set_client = utf8 */;
CREATE TABLE `auth_assignment` (
  `item_name` varchar(64) NOT NULL,
  `user_id` int(11) NOT NULL,
  `created_at` int(11) DEFAULT NULL,
  PRIMARY KEY (`item_name`,`user_id`),
  KEY `user_id` (`user_id`),
  CONSTRAINT `auth_assignment_ibfk_1` FOREIGN KEY (`item_name`) REFERENCES `auth_item` (`name`) ON DELETE CASCADE ON UPDATE CASCADE,
  CONSTRAINT `auth_assignment_ibfk_2` FOREIGN KEY (`user_id`) REFERENCES `user` (`id`) ON DELETE CASCADE ON UPDATE CASCADE
) ENGINE=InnoDB DEFAULT CHARSET=utf8;
/*!40101 SET character_set_client = @saved_cs_client */;

--
-- Dumping data for table `auth_assignment`
--

LOCK TABLES `auth_assignment` WRITE;
/*!40000 ALTER TABLE `auth_assignment` DISABLE KEYS */;
INSERT INTO `auth_assignment` VALUES ('Cashier',16,1451916127),('Cashier',17,1452002847);
/*!40000 ALTER TABLE `auth_assignment` ENABLE KEYS */;
UNLOCK TABLES;

--
-- Table structure for table `auth_item`
--

DROP TABLE IF EXISTS `auth_item`;
/*!40101 SET @saved_cs_client     = @@character_set_client */;
/*!40101 SET character_set_client = utf8 */;
CREATE TABLE `auth_item` (
  `name` varchar(64) NOT NULL,
  `type` int(11) NOT NULL,
  `description` text,
  `rule_name` varchar(64) DEFAULT NULL,
  `data` text,
  `created_at` int(11) DEFAULT NULL,
  `updated_at` int(11) DEFAULT NULL,
  `group_code` varchar(64) DEFAULT NULL,
  PRIMARY KEY (`name`),
  KEY `rule_name` (`rule_name`),
  KEY `idx-auth_item-type` (`type`),
  KEY `fk_auth_item_group_code` (`group_code`),
  CONSTRAINT `auth_item_ibfk_1` FOREIGN KEY (`rule_name`) REFERENCES `auth_rule` (`name`) ON DELETE SET NULL ON UPDATE CASCADE,
  CONSTRAINT `fk_auth_item_group_code` FOREIGN KEY (`group_code`) REFERENCES `auth_item_group` (`code`) ON DELETE SET NULL ON UPDATE CASCADE
) ENGINE=InnoDB DEFAULT CHARSET=utf8;
/*!40101 SET character_set_client = @saved_cs_client */;

--
-- Dumping data for table `auth_item`
--

LOCK TABLES `auth_item` WRITE;
/*!40000 ALTER TABLE `auth_item` DISABLE KEYS */;
INSERT INTO `auth_item` VALUES ('/*',3,NULL,NULL,NULL,1451911875,1451911875,NULL),('/accounting/*',3,NULL,NULL,NULL,1451911889,1451911889,NULL),('/accounting/account-config/*',3,NULL,NULL,NULL,1451911893,1451911893,NULL),('/accounting/account-config/add-account',3,NULL,NULL,NULL,1451911893,1451911893,NULL),('/accounting/account-config/create',3,NULL,NULL,NULL,1451911893,1451911893,NULL),('/accounting/account-config/delete',3,NULL,NULL,NULL,1451911893,1451911893,NULL),('/accounting/account-config/delete-account',3,NULL,NULL,NULL,1451911893,1451911893,NULL),('/accounting/account-config/index',3,NULL,NULL,NULL,1451911893,1451911893,NULL),('/accounting/account-config/update',3,NULL,NULL,NULL,1451911893,1451911893,NULL),('/accounting/account-config/view',3,NULL,NULL,NULL,1451911893,1451911893,NULL),('/accounting/account-movement/*',3,NULL,NULL,NULL,1451911892,1451911892,NULL),('/accounting/account-movement/create',3,NULL,NULL,NULL,1451911892,1451911892,NULL),('/accounting/account-movement/delete',3,NULL,NULL,NULL,1451911892,1451911892,NULL),('/accounting/account-movement/index',3,NULL,NULL,NULL,1451911892,1451911892,NULL),('/accounting/account-movement/resume',3,NULL,NULL,NULL,1451911892,1451911892,NULL),('/accounting/account-movement/update',3,NULL,NULL,NULL,1451911892,1451911892,NULL),('/accounting/account-movement/view',3,NULL,NULL,NULL,1451911892,1451911892,NULL),('/accounting/account/*',3,NULL,NULL,NULL,1451911892,1451911892,NULL),('/accounting/account/create',3,NULL,NULL,NULL,1451911892,1451911892,NULL),('/accounting/account/delete',3,NULL,NULL,NULL,1451911892,1451911892,NULL),('/accounting/account/index',3,NULL,NULL,NULL,1451911892,1451911892,NULL),('/accounting/account/listtreeaccounts',3,NULL,NULL,NULL,1451911892,1451911892,NULL),('/accounting/account/moveaccount',3,NULL,NULL,NULL,1451911892,1451911892,NULL),('/accounting/account/update',3,NULL,NULL,NULL,1451911892,1451911892,NULL),('/accounting/account/view',3,NULL,NULL,NULL,1451911892,1451911892,NULL),('/accounting/accounting-period/*',3,NULL,NULL,NULL,1451911892,1451911892,NULL),('/accounting/accounting-period/create',3,NULL,NULL,NULL,1451911892,1451911892,NULL),('/accounting/accounting-period/delete',3,NULL,NULL,NULL,1451911892,1451911892,NULL),('/accounting/accounting-period/index',3,NULL,NULL,NULL,1451911892,1451911892,NULL),('/accounting/accounting-period/update',3,NULL,NULL,NULL,1451911892,1451911892,NULL),('/accounting/accounting-period/view',3,NULL,NULL,NULL,1451911892,1451911892,NULL),('/accounting/conciliation/*',3,NULL,NULL,NULL,1451911891,1451911891,NULL),('/accounting/conciliation/close',3,NULL,NULL,NULL,1451911891,1451911891,NULL),('/accounting/conciliation/conciliar',3,NULL,NULL,NULL,1451911891,1451911891,NULL),('/accounting/conciliation/conciliate',3,NULL,NULL,NULL,1451911891,1451911891,NULL),('/accounting/conciliation/create',3,NULL,NULL,NULL,1451911891,1451911891,NULL),('/accounting/conciliation/deconciliate',3,NULL,NULL,NULL,1451911891,1451911891,NULL),('/accounting/conciliation/delete',3,NULL,NULL,NULL,1451911891,1451911891,NULL),('/accounting/conciliation/get-resume-items',3,NULL,NULL,NULL,1451911891,1451911891,NULL),('/accounting/conciliation/index',3,NULL,NULL,NULL,1451911892,1451911892,NULL),('/accounting/conciliation/update',3,NULL,NULL,NULL,1451911891,1451911891,NULL),('/accounting/conciliation/view',3,NULL,NULL,NULL,1451911892,1451911892,NULL),('/accounting/conciliation/view-conciliation',3,NULL,NULL,NULL,1451911891,1451911891,NULL),('/accounting/money-box-account/*',3,NULL,NULL,NULL,1451911891,1451911891,NULL),('/accounting/money-box-account/create',3,NULL,NULL,NULL,1451911891,1451911891,NULL),('/accounting/money-box-account/delete',3,NULL,NULL,NULL,1451911891,1451911891,NULL),('/accounting/money-box-account/index',3,NULL,NULL,NULL,1451911891,1451911891,NULL),('/accounting/money-box-account/moneyboxaccounts',3,NULL,NULL,NULL,1451911891,1451911891,NULL),('/accounting/money-box-account/movements',3,NULL,NULL,NULL,1451911891,1451911891,NULL),('/accounting/money-box-account/update',3,NULL,NULL,NULL,1451911891,1451911891,NULL),('/accounting/money-box-account/view',3,NULL,NULL,NULL,1451911891,1451911891,NULL),('/accounting/money-box-type/*',3,NULL,NULL,NULL,1451911890,1451911890,NULL),('/accounting/money-box-type/create',3,NULL,NULL,NULL,1451911890,1451911890,NULL),('/accounting/money-box-type/delete',3,NULL,NULL,NULL,1451911890,1451911890,NULL),('/accounting/money-box-type/index',3,NULL,NULL,NULL,1451911890,1451911890,NULL),('/accounting/money-box-type/update',3,NULL,NULL,NULL,1451911890,1451911890,NULL),('/accounting/money-box-type/view',3,NULL,NULL,NULL,1451911890,1451911890,NULL),('/accounting/money-box/*',3,NULL,NULL,NULL,1451911890,1451911890,NULL),('/accounting/money-box/create',3,NULL,NULL,NULL,1451911891,1451911891,NULL),('/accounting/money-box/delete',3,NULL,NULL,NULL,1451911890,1451911890,NULL),('/accounting/money-box/index',3,NULL,NULL,NULL,1451911891,1451911891,NULL),('/accounting/money-box/update',3,NULL,NULL,NULL,1451911890,1451911890,NULL),('/accounting/money-box/view',3,NULL,NULL,NULL,1451911891,1451911891,NULL),('/accounting/operation-type/*',3,NULL,NULL,NULL,1451911890,1451911890,NULL),('/accounting/operation-type/create',3,NULL,NULL,NULL,1451911890,1451911890,NULL),('/accounting/operation-type/delete',3,NULL,NULL,NULL,1451911890,1451911890,NULL),('/accounting/operation-type/index',3,NULL,NULL,NULL,1451911890,1451911890,NULL),('/accounting/operation-type/update',3,NULL,NULL,NULL,1451911890,1451911890,NULL),('/accounting/operation-type/view',3,NULL,NULL,NULL,1451911890,1451911890,NULL),('/accounting/resume/*',3,NULL,NULL,NULL,1451911889,1451911889,NULL),('/accounting/resume/add-item',3,NULL,NULL,NULL,1451911889,1451911889,NULL),('/accounting/resume/change-state',3,NULL,NULL,NULL,1451911889,1451911889,NULL),('/accounting/resume/create',3,NULL,NULL,NULL,1451911890,1451911890,NULL),('/accounting/resume/delete',3,NULL,NULL,NULL,1451911889,1451911889,NULL),('/accounting/resume/delete-item',3,NULL,NULL,NULL,1451911889,1451911889,NULL),('/accounting/resume/details',3,NULL,NULL,NULL,1451911889,1451911889,NULL),('/accounting/resume/index',3,NULL,NULL,NULL,1451911890,1451911890,NULL),('/accounting/resume/resume-by-account',3,NULL,NULL,NULL,1451911889,1451911889,NULL),('/accounting/resume/update',3,NULL,NULL,NULL,1451911889,1451911889,NULL),('/accounting/resume/view',3,NULL,NULL,NULL,1451911890,1451911890,NULL),('/afip/*',3,NULL,NULL,NULL,1451911885,1451911885,NULL),('/afip/taxes-book/*',3,NULL,NULL,NULL,1451911885,1451911885,NULL),('/afip/taxes-book/add-bill',3,NULL,NULL,NULL,1451911885,1451911885,NULL),('/afip/taxes-book/add-buy-bills',3,NULL,NULL,NULL,1451911885,1451911885,NULL),('/afip/taxes-book/add-sale-bills',3,NULL,NULL,NULL,1451911885,1451911885,NULL),('/afip/taxes-book/buy',3,NULL,NULL,NULL,1451911885,1451911885,NULL),('/afip/taxes-book/buy-bills',3,NULL,NULL,NULL,1451911885,1451911885,NULL),('/afip/taxes-book/buy-bills-totals',3,NULL,NULL,NULL,1451911885,1451911885,NULL),('/afip/taxes-book/close',3,NULL,NULL,NULL,1451911885,1451911885,NULL),('/afip/taxes-book/create',3,NULL,NULL,NULL,1451911885,1451911885,NULL),('/afip/taxes-book/delete',3,NULL,NULL,NULL,1451911885,1451911885,NULL),('/afip/taxes-book/print',3,NULL,NULL,NULL,1451911885,1451911885,NULL),('/afip/taxes-book/remove-bill',3,NULL,NULL,NULL,1451911885,1451911885,NULL),('/afip/taxes-book/sale',3,NULL,NULL,NULL,1451911885,1451911885,NULL),('/afip/taxes-book/update',3,NULL,NULL,NULL,1451911885,1451911885,NULL),('/afip/taxes-book/view',3,NULL,NULL,NULL,1451911885,1451911885,NULL),('/agenda/*',3,NULL,NULL,NULL,1451911877,1451911877,NULL),('/agenda/category/*',3,NULL,NULL,NULL,1451911879,1451911879,NULL),('/agenda/category/create',3,NULL,NULL,NULL,1451911879,1451911879,NULL),('/agenda/category/delete',3,NULL,NULL,NULL,1451911879,1451911879,NULL),('/agenda/category/fetch-category',3,NULL,NULL,NULL,1451911879,1451911879,NULL),('/agenda/category/index',3,NULL,NULL,NULL,1451911879,1451911879,NULL),('/agenda/category/update',3,NULL,NULL,NULL,1451911879,1451911879,NULL),('/agenda/category/view',3,NULL,NULL,NULL,1451911879,1451911879,NULL),('/agenda/default/*',3,NULL,NULL,NULL,1451911879,1451911879,NULL),('/agenda/default/index',3,NULL,NULL,NULL,1451911879,1451911879,NULL),('/agenda/default/update-agenda',3,NULL,NULL,NULL,1451911879,1451911879,NULL),('/agenda/event-type/*',3,NULL,NULL,NULL,1451911879,1451911879,NULL),('/agenda/event-type/create',3,NULL,NULL,NULL,1451911879,1451911879,NULL),('/agenda/event-type/delete',3,NULL,NULL,NULL,1451911879,1451911879,NULL),('/agenda/event-type/index',3,NULL,NULL,NULL,1451911879,1451911879,NULL),('/agenda/event-type/update',3,NULL,NULL,NULL,1451911879,1451911879,NULL),('/agenda/event-type/view',3,NULL,NULL,NULL,1451911879,1451911879,NULL),('/agenda/event/*',3,NULL,NULL,NULL,1451911879,1451911879,NULL),('/agenda/event/build-note',3,NULL,NULL,NULL,1451911879,1451911879,NULL),('/agenda/event/create',3,NULL,NULL,NULL,1451911879,1451911879,NULL),('/agenda/event/delete',3,NULL,NULL,NULL,1451911879,1451911879,NULL),('/agenda/event/index',3,NULL,NULL,NULL,1451911879,1451911879,NULL),('/agenda/event/update',3,NULL,NULL,NULL,1451911879,1451911879,NULL),('/agenda/event/view',3,NULL,NULL,NULL,1451911879,1451911879,NULL),('/agenda/notification/*',3,NULL,NULL,NULL,1451911878,1451911878,NULL),('/agenda/notification/batch-change-status',3,NULL,NULL,NULL,1451911878,1451911878,NULL),('/agenda/notification/change-status',3,NULL,NULL,NULL,1451911878,1451911878,NULL),('/agenda/notification/create',3,NULL,NULL,NULL,1451911878,1451911878,NULL),('/agenda/notification/delete',3,NULL,NULL,NULL,1451911878,1451911878,NULL),('/agenda/notification/index',3,NULL,NULL,NULL,1451911878,1451911878,NULL),('/agenda/notification/update',3,NULL,NULL,NULL,1451911878,1451911878,NULL),('/agenda/notification/view',3,NULL,NULL,NULL,1451911878,1451911878,NULL),('/agenda/status/*',3,NULL,NULL,NULL,1451911877,1451911877,NULL),('/agenda/status/create',3,NULL,NULL,NULL,1451911878,1451911878,NULL),('/agenda/status/delete',3,NULL,NULL,NULL,1451911878,1451911878,NULL),('/agenda/status/index',3,NULL,NULL,NULL,1451911878,1451911878,NULL),('/agenda/status/update',3,NULL,NULL,NULL,1451911878,1451911878,NULL),('/agenda/status/view',3,NULL,NULL,NULL,1451911878,1451911878,NULL),('/agenda/task-type/*',3,NULL,NULL,NULL,1451911877,1451911877,NULL),('/agenda/task-type/create',3,NULL,NULL,NULL,1451911877,1451911877,NULL),('/agenda/task-type/delete',3,NULL,NULL,NULL,1451911877,1451911877,NULL),('/agenda/task-type/index',3,NULL,NULL,NULL,1451911877,1451911877,NULL),('/agenda/task-type/update',3,NULL,NULL,NULL,1451911877,1451911877,NULL),('/agenda/task-type/view',3,NULL,NULL,NULL,1451911877,1451911877,NULL),('/agenda/task/*',3,NULL,NULL,NULL,1451911877,1451911877,NULL),('/agenda/task/create',3,NULL,NULL,NULL,1451911877,1451911877,NULL),('/agenda/task/delete',3,NULL,NULL,NULL,1451911877,1451911877,NULL),('/agenda/task/index',3,NULL,NULL,NULL,1451911877,1451911877,NULL),('/agenda/task/postpone-task',3,NULL,NULL,NULL,1451911877,1451911877,NULL),('/agenda/task/quick-create',3,NULL,NULL,NULL,1451911877,1451911877,NULL),('/agenda/task/quick-update',3,NULL,NULL,NULL,1451911877,1451911877,NULL),('/agenda/task/update',3,NULL,NULL,NULL,1451911877,1451911877,NULL),('/agenda/task/view',3,NULL,NULL,NULL,1451911877,1451911877,NULL),('/agenda/user-group/*',3,NULL,NULL,NULL,1451911877,1451911877,NULL),('/agenda/user-group/create',3,NULL,NULL,NULL,1451911877,1451911877,NULL),('/agenda/user-group/delete',3,NULL,NULL,NULL,1451911877,1451911877,NULL),('/agenda/user-group/get-user-by-username',3,NULL,NULL,NULL,1451911877,1451911877,NULL),('/agenda/user-group/index',3,NULL,NULL,NULL,1451911877,1451911877,NULL),('/agenda/user-group/update',3,NULL,NULL,NULL,1451911877,1451911877,NULL),('/agenda/user-group/view',3,NULL,NULL,NULL,1451911877,1451911877,NULL),('/backup/*',3,NULL,NULL,NULL,1451911893,1451911893,NULL),('/backup/default/*',3,NULL,NULL,NULL,1451911893,1451911893,NULL),('/backup/default/clean',3,NULL,NULL,NULL,1451911894,1451911894,NULL),('/backup/default/create',3,NULL,NULL,NULL,1451911894,1451911894,NULL),('/backup/default/delete',3,NULL,NULL,NULL,1451911894,1451911894,NULL),('/backup/default/download',3,NULL,NULL,NULL,1451911894,1451911894,NULL),('/backup/default/index',3,NULL,NULL,NULL,1451911894,1451911894,NULL),('/backup/default/restore',3,NULL,NULL,NULL,1451911894,1451911894,NULL),('/backup/default/syncdown',3,NULL,NULL,NULL,1451911894,1451911894,NULL),('/backup/default/upload',3,NULL,NULL,NULL,1451911894,1451911894,NULL),('/checkout/*',3,NULL,NULL,NULL,1451911895,1451911895,NULL),('/checkout/default/*',3,NULL,NULL,NULL,1451911897,1451911897,NULL),('/checkout/payment-method/*',3,NULL,NULL,NULL,1451911896,1451911896,NULL),('/checkout/payment-method/create',3,NULL,NULL,NULL,1451911896,1451911896,NULL),('/checkout/payment-method/delete',3,NULL,NULL,NULL,1451911896,1451911896,NULL),('/checkout/payment-method/index',3,NULL,NULL,NULL,1451911896,1451911896,NULL),('/checkout/payment-method/update',3,NULL,NULL,NULL,1451911896,1451911896,NULL),('/checkout/payment-method/view',3,NULL,NULL,NULL,1451911896,1451911896,NULL),('/checkout/payment-receipt/*',3,NULL,NULL,NULL,1451911896,1451911896,NULL),('/checkout/payment-receipt/create',3,NULL,NULL,NULL,1451911896,1451911896,NULL),('/checkout/payment-receipt/delete',3,NULL,NULL,NULL,1451911896,1451911896,NULL),('/checkout/payment-receipt/index',3,NULL,NULL,NULL,1451911896,1451911896,NULL),('/checkout/payment-receipt/pdf',3,NULL,NULL,NULL,1451911896,1451911896,NULL),('/checkout/payment-receipt/update',3,NULL,NULL,NULL,1451911896,1451911896,NULL),('/checkout/payment-receipt/view',3,NULL,NULL,NULL,1451911896,1451911896,NULL),('/checkout/payment/*',3,NULL,NULL,NULL,1451911896,1451911896,NULL),('/checkout/payment/add-bill',3,NULL,NULL,NULL,1451911897,1451911897,NULL),('/checkout/payment/add-item',3,NULL,NULL,NULL,1451911897,1451911897,NULL),('/checkout/payment/apply',3,NULL,NULL,NULL,1451911896,1451911896,NULL),('/checkout/payment/cancel-payment',3,NULL,NULL,NULL,1451911897,1451911897,NULL),('/checkout/payment/close',3,NULL,NULL,NULL,1451911896,1451911896,NULL),('/checkout/payment/create',3,NULL,NULL,NULL,1451911897,1451911897,NULL),('/checkout/payment/create-debt',3,NULL,NULL,NULL,1451911897,1451911897,NULL),('/checkout/payment/current-account',3,NULL,NULL,NULL,1451911897,1451911897,NULL),('/checkout/payment/delete',3,NULL,NULL,NULL,1451911897,1451911897,NULL),('/checkout/payment/delete-bill',3,NULL,NULL,NULL,1451911896,1451911896,NULL),('/checkout/payment/delete-item',3,NULL,NULL,NULL,1451911897,1451911897,NULL),('/checkout/payment/index',3,NULL,NULL,NULL,1451911897,1451911897,NULL),('/checkout/payment/open-bill',3,NULL,NULL,NULL,1451911897,1451911897,NULL),('/checkout/payment/pay-bill',3,NULL,NULL,NULL,1451911897,1451911897,NULL),('/checkout/payment/pdf',3,NULL,NULL,NULL,1451911897,1451911897,NULL),('/checkout/payment/remove-bill',3,NULL,NULL,NULL,1451911896,1451911896,NULL),('/checkout/payment/update',3,NULL,NULL,NULL,1451911897,1451911897,NULL),('/checkout/payment/view',3,NULL,NULL,NULL,1451911897,1451911897,NULL),('/config/*',3,NULL,NULL,NULL,1451911879,1451911879,NULL),('/config/category/*',3,NULL,NULL,NULL,1451911880,1451911880,NULL),('/config/category/create',3,NULL,NULL,NULL,1451911880,1451911880,NULL),('/config/category/delete',3,NULL,NULL,NULL,1451911880,1451911880,NULL),('/config/category/index',3,NULL,NULL,NULL,1451911881,1451911881,NULL),('/config/category/update',3,NULL,NULL,NULL,1451911880,1451911880,NULL),('/config/category/view',3,NULL,NULL,NULL,1451911881,1451911881,NULL),('/config/config/*',3,NULL,NULL,NULL,1451911880,1451911880,NULL),('/config/config/create',3,NULL,NULL,NULL,1451911880,1451911880,NULL),('/config/config/delete',3,NULL,NULL,NULL,1451911880,1451911880,NULL),('/config/config/index',3,NULL,NULL,NULL,1451911880,1451911880,NULL),('/config/config/reset',3,NULL,NULL,NULL,1451911880,1451911880,NULL),('/config/config/update',3,NULL,NULL,NULL,1451911880,1451911880,NULL),('/config/config/view',3,NULL,NULL,NULL,1451911880,1451911880,NULL),('/config/default/*',3,NULL,NULL,NULL,1451911880,1451911880,NULL),('/config/default/index',3,NULL,NULL,NULL,1451911880,1451911880,NULL),('/config/item/*',3,NULL,NULL,NULL,1451911880,1451911880,NULL),('/config/item/create',3,NULL,NULL,NULL,1451911880,1451911880,NULL),('/config/item/delete',3,NULL,NULL,NULL,1451911880,1451911880,NULL),('/config/item/index',3,NULL,NULL,NULL,1451911880,1451911880,NULL),('/config/item/update',3,NULL,NULL,NULL,1451911880,1451911880,NULL),('/config/item/view',3,NULL,NULL,NULL,1451911880,1451911880,NULL),('/config/rule/*',3,NULL,NULL,NULL,1451911879,1451911879,NULL),('/config/rule/create',3,NULL,NULL,NULL,1451911879,1451911879,NULL),('/config/rule/delete',3,NULL,NULL,NULL,1451911879,1451911879,NULL),('/config/rule/index',3,NULL,NULL,NULL,1451911880,1451911880,NULL),('/config/rule/load-attributes',3,NULL,NULL,NULL,1451911879,1451911879,NULL),('/config/rule/update',3,NULL,NULL,NULL,1451911879,1451911879,NULL),('/config/rule/view',3,NULL,NULL,NULL,1451911880,1451911880,NULL),('/debug/*',3,NULL,NULL,NULL,1451911876,1451911876,NULL),('/debug/default/*',3,NULL,NULL,NULL,1451911877,1451911877,NULL),('/debug/default/db-explain',3,NULL,NULL,NULL,1451911877,1451911877,NULL),('/debug/default/download-mail',3,NULL,NULL,NULL,1451911877,1451911877,NULL),('/debug/default/index',3,NULL,NULL,NULL,1451911877,1451911877,NULL),('/debug/default/toolbar',3,NULL,NULL,NULL,1451911877,1451911877,NULL),('/debug/default/view',3,NULL,NULL,NULL,1451911877,1451911877,NULL),('/gii/*',3,NULL,NULL,NULL,1451911876,1451911876,NULL),('/gii/default/*',3,NULL,NULL,NULL,1451911876,1451911876,NULL),('/gii/default/action',3,NULL,NULL,NULL,1451911876,1451911876,NULL),('/gii/default/diff',3,NULL,NULL,NULL,1451911876,1451911876,NULL),('/gii/default/index',3,NULL,NULL,NULL,1451911876,1451911876,NULL),('/gii/default/parse-crud-relations',3,NULL,NULL,NULL,1451911876,1451911876,NULL),('/gii/default/parse-model-relations',3,NULL,NULL,NULL,1451911876,1451911876,NULL),('/gii/default/preview',3,NULL,NULL,NULL,1451911876,1451911876,NULL),('/gii/default/view',3,NULL,NULL,NULL,1451911876,1451911876,NULL),('/gii/qii/*',3,NULL,NULL,NULL,1451911876,1451911876,NULL),('/gii/qii/action',3,NULL,NULL,NULL,1451911876,1451911876,NULL),('/gii/qii/diff',3,NULL,NULL,NULL,1451911876,1451911876,NULL),('/gii/qii/index',3,NULL,NULL,NULL,1451911876,1451911876,NULL),('/gii/qii/parse-crud-relations',3,NULL,NULL,NULL,1451911876,1451911876,NULL),('/gii/qii/parse-model-relations',3,NULL,NULL,NULL,1451911876,1451911876,NULL),('/gii/qii/preview',3,NULL,NULL,NULL,1451911876,1451911876,NULL),('/gii/qii/view',3,NULL,NULL,NULL,1451911876,1451911876,NULL),('/gridview/*',3,NULL,NULL,NULL,1451911898,1451911898,NULL),('/gridview/export/*',3,NULL,NULL,NULL,1451911898,1451911898,NULL),('/gridview/export/download',3,NULL,NULL,NULL,1451911898,1451911898,NULL),('/import/*',3,NULL,NULL,NULL,1451911897,1451911897,NULL),('/import/importer/*',3,NULL,NULL,NULL,1451911898,1451911898,NULL),('/import/importer/import',3,NULL,NULL,NULL,1451911898,1451911898,NULL),('/invoice/*',3,NULL,NULL,NULL,1451911893,1451911893,NULL),('/invoice/default/*',3,NULL,NULL,NULL,1451911893,1451911893,NULL),('/invoice/default/index',3,NULL,NULL,NULL,1451911893,1451911893,NULL),('/invoice/messages/*',3,NULL,NULL,NULL,1451911893,1451911893,NULL),('/invoice/messages/index',3,NULL,NULL,NULL,1451911893,1451911893,NULL),('/invoice/migracionafip/*',3,NULL,NULL,NULL,1451911893,1451911893,NULL),('/invoice/migracionafip/comprobante',3,NULL,NULL,NULL,1451911893,1451911893,NULL),('/invoice/migracionafip/index',3,NULL,NULL,NULL,1451911893,1451911893,NULL),('/invoice/migracionafip/migrar',3,NULL,NULL,NULL,1451911893,1451911893,NULL),('/media/*',3,NULL,NULL,NULL,1451911893,1451911893,NULL),('/media/default/*',3,NULL,NULL,NULL,1451911893,1451911893,NULL),('/media/default/index',3,NULL,NULL,NULL,1451911893,1451911893,NULL),('/media/image/*',3,NULL,NULL,NULL,1451911893,1451911893,NULL),('/media/image/create',3,NULL,NULL,NULL,1451911893,1451911893,NULL),('/media/image/delete',3,NULL,NULL,NULL,1451911893,1451911893,NULL),('/media/image/index',3,NULL,NULL,NULL,1451911893,1451911893,NULL),('/media/image/update',3,NULL,NULL,NULL,1451911893,1451911893,NULL),('/media/image/view',3,NULL,NULL,NULL,1451911893,1451911893,NULL),('/paycheck/*',3,NULL,NULL,NULL,1451911884,1451911884,NULL),('/paycheck/checkbook/*',3,NULL,NULL,NULL,1451911884,1451911884,NULL),('/paycheck/checkbook/create',3,NULL,NULL,NULL,1451911885,1451911885,NULL),('/paycheck/checkbook/delete',3,NULL,NULL,NULL,1451911884,1451911884,NULL),('/paycheck/checkbook/index',3,NULL,NULL,NULL,1451911885,1451911885,NULL),('/paycheck/checkbook/update',3,NULL,NULL,NULL,1451911884,1451911884,NULL),('/paycheck/checkbook/view',3,NULL,NULL,NULL,1451911885,1451911885,NULL),('/paycheck/paycheck/*',3,NULL,NULL,NULL,1451911884,1451911884,NULL),('/paycheck/paycheck/checkbooks',3,NULL,NULL,NULL,1451911884,1451911884,NULL),('/paycheck/paycheck/create',3,NULL,NULL,NULL,1451911884,1451911884,NULL),('/paycheck/paycheck/delete',3,NULL,NULL,NULL,1451911884,1451911884,NULL),('/paycheck/paycheck/encartera',3,NULL,NULL,NULL,1451911884,1451911884,NULL),('/paycheck/paycheck/index',3,NULL,NULL,NULL,1451911884,1451911884,NULL),('/paycheck/paycheck/select-paycheck',3,NULL,NULL,NULL,1451911884,1451911884,NULL),('/paycheck/paycheck/update',3,NULL,NULL,NULL,1451911884,1451911884,NULL),('/paycheck/paycheck/view',3,NULL,NULL,NULL,1451911884,1451911884,NULL),('/provider/*',3,NULL,NULL,NULL,1451911894,1451911894,NULL),('/provider/default/*',3,NULL,NULL,NULL,1451911895,1451911895,NULL),('/provider/provider-bill/*',3,NULL,NULL,NULL,1451911895,1451911895,NULL),('/provider/provider-bill/add-item',3,NULL,NULL,NULL,1451911895,1451911895,NULL),('/provider/provider-bill/add-tax',3,NULL,NULL,NULL,1451911895,1451911895,NULL),('/provider/provider-bill/create',3,NULL,NULL,NULL,1451911895,1451911895,NULL),('/provider/provider-bill/delete',3,NULL,NULL,NULL,1451911895,1451911895,NULL),('/provider/provider-bill/delete-item',3,NULL,NULL,NULL,1451911895,1451911895,NULL),('/provider/provider-bill/delete-tax',3,NULL,NULL,NULL,1451911895,1451911895,NULL),('/provider/provider-bill/index',3,NULL,NULL,NULL,1451911895,1451911895,NULL),('/provider/provider-bill/update',3,NULL,NULL,NULL,1451911895,1451911895,NULL),('/provider/provider-bill/view',3,NULL,NULL,NULL,1451911895,1451911895,NULL),('/provider/provider-payment/*',3,NULL,NULL,NULL,1451911894,1451911894,NULL),('/provider/provider-payment/add-bill',3,NULL,NULL,NULL,1451911894,1451911894,NULL),('/provider/provider-payment/create',3,NULL,NULL,NULL,1451911894,1451911894,NULL),('/provider/provider-payment/delete',3,NULL,NULL,NULL,1451911894,1451911894,NULL),('/provider/provider-payment/delete-bill',3,NULL,NULL,NULL,1451911894,1451911894,NULL),('/provider/provider-payment/index',3,NULL,NULL,NULL,1451911894,1451911894,NULL),('/provider/provider-payment/update',3,NULL,NULL,NULL,1451911894,1451911894,NULL),('/provider/provider-payment/view',3,NULL,NULL,NULL,1451911894,1451911894,NULL),('/provider/provider/*',3,NULL,NULL,NULL,1451911894,1451911894,NULL),('/provider/provider/account',3,NULL,NULL,NULL,1451911894,1451911894,NULL),('/provider/provider/create',3,NULL,NULL,NULL,1451911895,1451911895,NULL),('/provider/provider/delete',3,NULL,NULL,NULL,1451911894,1451911894,NULL),('/provider/provider/index',3,NULL,NULL,NULL,1451911895,1451911895,NULL),('/provider/provider/update',3,NULL,NULL,NULL,1451911895,1451911895,NULL),('/provider/provider/view',3,NULL,NULL,NULL,1451911895,1451911895,NULL),('/sale/*',3,NULL,NULL,NULL,1451911899,1451911899,NULL),('/sale/address/*',3,NULL,NULL,NULL,1451911907,1451911907,NULL),('/sale/address/create',3,NULL,NULL,NULL,1451911907,1451911907,NULL),('/sale/address/delete',3,NULL,NULL,NULL,1451911907,1451911907,NULL),('/sale/address/index',3,NULL,NULL,NULL,1451911907,1451911907,NULL),('/sale/address/update',3,NULL,NULL,NULL,1451911907,1451911907,NULL),('/sale/address/view',3,NULL,NULL,NULL,1451911907,1451911907,NULL),('/sale/api/*',3,NULL,NULL,NULL,1451911909,1451911909,NULL),('/sale/api/bill/*',3,NULL,NULL,NULL,1451911911,1451911911,NULL),('/sale/api/bill/close',3,NULL,NULL,NULL,1451911911,1451911911,NULL),('/sale/api/bill/create',3,NULL,NULL,NULL,1451911912,1451911912,NULL),('/sale/api/bill/group',3,NULL,NULL,NULL,1451911911,1451911911,NULL),('/sale/api/bill/import',3,NULL,NULL,NULL,1451911911,1451911911,NULL),('/sale/api/bill/index',3,NULL,NULL,NULL,1451911912,1451911912,NULL),('/sale/api/bill/options',3,NULL,NULL,NULL,1451911912,1451911912,NULL),('/sale/api/bill/types',3,NULL,NULL,NULL,1451911911,1451911911,NULL),('/sale/api/bill/view',3,NULL,NULL,NULL,1451911912,1451911912,NULL),('/sale/api/category/*',3,NULL,NULL,NULL,1451911911,1451911911,NULL),('/sale/api/category/index',3,NULL,NULL,NULL,1451911911,1451911911,NULL),('/sale/api/category/options',3,NULL,NULL,NULL,1451911911,1451911911,NULL),('/sale/api/category/view',3,NULL,NULL,NULL,1451911911,1451911911,NULL),('/sale/api/company/*',3,NULL,NULL,NULL,1451911910,1451911910,NULL),('/sale/api/company/create',3,NULL,NULL,NULL,1451911910,1451911910,NULL),('/sale/api/company/index',3,NULL,NULL,NULL,1451911911,1451911911,NULL),('/sale/api/company/options',3,NULL,NULL,NULL,1451911910,1451911910,NULL),('/sale/api/company/view',3,NULL,NULL,NULL,1451911911,1451911911,NULL),('/sale/api/customer/*',3,NULL,NULL,NULL,1451911910,1451911910,NULL),('/sale/api/customer/create',3,NULL,NULL,NULL,1451911910,1451911910,NULL),('/sale/api/customer/index',3,NULL,NULL,NULL,1451911910,1451911910,NULL),('/sale/api/customer/options',3,NULL,NULL,NULL,1451911910,1451911910,NULL),('/sale/api/customer/view',3,NULL,NULL,NULL,1451911910,1451911910,NULL),('/sale/api/default/*',3,NULL,NULL,NULL,1451911910,1451911910,NULL),('/sale/api/default/index',3,NULL,NULL,NULL,1451911910,1451911910,NULL),('/sale/api/product/*',3,NULL,NULL,NULL,1451911909,1451911909,NULL),('/sale/api/product/index',3,NULL,NULL,NULL,1451911910,1451911910,NULL),('/sale/api/product/options',3,NULL,NULL,NULL,1451911910,1451911910,NULL),('/sale/api/product/view',3,NULL,NULL,NULL,1451911910,1451911910,NULL),('/sale/batch-invoice/*',3,NULL,NULL,NULL,1451911907,1451911907,NULL),('/sale/batch-invoice/bill-type',3,NULL,NULL,NULL,1451911907,1451911907,NULL),('/sale/batch-invoice/get-process',3,NULL,NULL,NULL,1451911907,1451911907,NULL),('/sale/batch-invoice/index',3,NULL,NULL,NULL,1451911907,1451911907,NULL),('/sale/batch-invoice/invoice',3,NULL,NULL,NULL,1451911907,1451911907,NULL),('/sale/bill-type/*',3,NULL,NULL,NULL,1451911905,1451911905,NULL),('/sale/bill-type/create',3,NULL,NULL,NULL,1451911905,1451911905,NULL),('/sale/bill-type/delete',3,NULL,NULL,NULL,1451911905,1451911905,NULL),('/sale/bill-type/index',3,NULL,NULL,NULL,1451911905,1451911905,NULL),('/sale/bill-type/update',3,NULL,NULL,NULL,1451911905,1451911905,NULL),('/sale/bill-type/view',3,NULL,NULL,NULL,1451911905,1451911905,NULL),('/sale/bill/*',3,NULL,NULL,NULL,1451911905,1451911905,NULL),('/sale/bill/barcode',3,NULL,NULL,NULL,1451911906,1451911906,NULL),('/sale/bill/close',3,NULL,NULL,NULL,1451911906,1451911906,NULL),('/sale/bill/create',3,NULL,NULL,NULL,1451911906,1451911906,NULL),('/sale/bill/delete',3,NULL,NULL,NULL,1451911906,1451911906,NULL),('/sale/bill/delete-detail',3,NULL,NULL,NULL,1451911906,1451911906,NULL),('/sale/bill/email',3,NULL,NULL,NULL,1451911906,1451911906,NULL),('/sale/bill/generate',3,NULL,NULL,NULL,1451911906,1451911906,NULL),('/sale/bill/group',3,NULL,NULL,NULL,1451911906,1451911906,NULL),('/sale/bill/handwrite-detail',3,NULL,NULL,NULL,1451911906,1451911906,NULL),('/sale/bill/history',3,NULL,NULL,NULL,1451911906,1451911906,NULL),('/sale/bill/index',3,NULL,NULL,NULL,1451911906,1451911906,NULL),('/sale/bill/open',3,NULL,NULL,NULL,1451911906,1451911906,NULL),('/sale/bill/pdf',3,NULL,NULL,NULL,1451911906,1451911906,NULL),('/sale/bill/remove-customer',3,NULL,NULL,NULL,1451911906,1451911906,NULL),('/sale/bill/resend',3,NULL,NULL,NULL,1451911905,1451911905,NULL),('/sale/bill/search-customer',3,NULL,NULL,NULL,1451911906,1451911906,NULL),('/sale/bill/search-product',3,NULL,NULL,NULL,1451911906,1451911906,NULL),('/sale/bill/select-customer',3,NULL,NULL,NULL,1451911906,1451911906,NULL),('/sale/bill/update',3,NULL,NULL,NULL,1451911906,1451911906,NULL),('/sale/bill/update-qty',3,NULL,NULL,NULL,1451911906,1451911906,NULL),('/sale/bill/view',3,NULL,NULL,NULL,1451911906,1451911906,NULL),('/sale/category/*',3,NULL,NULL,NULL,1451911904,1451911904,NULL),('/sale/category/create',3,NULL,NULL,NULL,1451911905,1451911905,NULL),('/sale/category/delete',3,NULL,NULL,NULL,1451911905,1451911905,NULL),('/sale/category/index',3,NULL,NULL,NULL,1451911905,1451911905,NULL),('/sale/category/update',3,NULL,NULL,NULL,1451911905,1451911905,NULL),('/sale/category/view',3,NULL,NULL,NULL,1451911905,1451911905,NULL),('/sale/company/*',3,NULL,NULL,NULL,1451911904,1451911904,NULL),('/sale/company/create',3,NULL,NULL,NULL,1451911904,1451911904,NULL),('/sale/company/delete',3,NULL,NULL,NULL,1451911904,1451911904,NULL),('/sale/company/index',3,NULL,NULL,NULL,1451911904,1451911904,NULL),('/sale/company/update',3,NULL,NULL,NULL,1451911904,1451911904,NULL),('/sale/company/view',3,NULL,NULL,NULL,1451911904,1451911904,NULL),('/sale/contract/*',3,NULL,NULL,NULL,1451911907,1451911907,NULL),('/sale/contract/contract-detail/*',3,NULL,NULL,NULL,1451911908,1451911908,NULL),('/sale/contract/contract-detail/create',3,NULL,NULL,NULL,1451911909,1451911909,NULL),('/sale/contract/contract-detail/delete',3,NULL,NULL,NULL,1451911908,1451911908,NULL),('/sale/contract/contract-detail/index',3,NULL,NULL,NULL,1451911909,1451911909,NULL),('/sale/contract/contract-detail/update',3,NULL,NULL,NULL,1451911909,1451911909,NULL),('/sale/contract/contract-detail/view',3,NULL,NULL,NULL,1451911909,1451911909,NULL),('/sale/contract/contract/*',3,NULL,NULL,NULL,1451911909,1451911909,NULL),('/sale/contract/contract/active-contract',3,NULL,NULL,NULL,1451911909,1451911909,NULL),('/sale/contract/contract/add-contract-detail',3,NULL,NULL,NULL,1451911909,1451911909,NULL),('/sale/contract/contract/cancel-contract',3,NULL,NULL,NULL,1451911909,1451911909,NULL),('/sale/contract/contract/change-status-contract-detail',3,NULL,NULL,NULL,1451911909,1451911909,NULL),('/sale/contract/contract/create',3,NULL,NULL,NULL,1451911909,1451911909,NULL),('/sale/contract/contract/delete',3,NULL,NULL,NULL,1451911909,1451911909,NULL),('/sale/contract/contract/funding-plans',3,NULL,NULL,NULL,1451911909,1451911909,NULL),('/sale/contract/contract/history',3,NULL,NULL,NULL,1451911909,1451911909,NULL),('/sale/contract/contract/index',3,NULL,NULL,NULL,1451911909,1451911909,NULL),('/sale/contract/contract/remove-contract-detail',3,NULL,NULL,NULL,1451911909,1451911909,NULL),('/sale/contract/contract/show-additionals',3,NULL,NULL,NULL,1451911909,1451911909,NULL),('/sale/contract/contract/update',3,NULL,NULL,NULL,1451911909,1451911909,NULL),('/sale/contract/contract/view',3,NULL,NULL,NULL,1451911909,1451911909,NULL),('/sale/contract/plan-feature/*',3,NULL,NULL,NULL,1451911907,1451911907,NULL),('/sale/contract/plan-feature/create',3,NULL,NULL,NULL,1451911907,1451911907,NULL),('/sale/contract/plan-feature/delete',3,NULL,NULL,NULL,1451911907,1451911907,NULL),('/sale/contract/plan-feature/index',3,NULL,NULL,NULL,1451911907,1451911907,NULL),('/sale/contract/plan-feature/update',3,NULL,NULL,NULL,1451911907,1451911907,NULL),('/sale/contract/plan-feature/view',3,NULL,NULL,NULL,1451911907,1451911907,NULL),('/sale/contract/plan/*',3,NULL,NULL,NULL,1451911907,1451911907,NULL),('/sale/contract/plan/batch-updater',3,NULL,NULL,NULL,1451911907,1451911907,NULL),('/sale/contract/plan/create',3,NULL,NULL,NULL,1451911908,1451911908,NULL),('/sale/contract/plan/delete',3,NULL,NULL,NULL,1451911908,1451911908,NULL),('/sale/contract/plan/index',3,NULL,NULL,NULL,1451911908,1451911908,NULL),('/sale/contract/plan/price-history',3,NULL,NULL,NULL,1451911908,1451911908,NULL),('/sale/contract/plan/update',3,NULL,NULL,NULL,1451911908,1451911908,NULL),('/sale/contract/plan/update-price',3,NULL,NULL,NULL,1451911908,1451911908,NULL),('/sale/contract/plan/update-prices',3,NULL,NULL,NULL,1451911908,1451911908,NULL),('/sale/contract/plan/view',3,NULL,NULL,NULL,1451911908,1451911908,NULL),('/sale/currency/*',3,NULL,NULL,NULL,1451911904,1451911904,NULL),('/sale/currency/create',3,NULL,NULL,NULL,1451911904,1451911904,NULL),('/sale/currency/delete',3,NULL,NULL,NULL,1451911904,1451911904,NULL),('/sale/currency/index',3,NULL,NULL,NULL,1451911904,1451911904,NULL),('/sale/currency/update',3,NULL,NULL,NULL,1451911904,1451911904,NULL),('/sale/currency/view',3,NULL,NULL,NULL,1451911904,1451911904,NULL),('/sale/customer-category/*',3,NULL,NULL,NULL,1451911904,1451911904,NULL),('/sale/customer-category/create',3,NULL,NULL,NULL,1451911904,1451911904,NULL),('/sale/customer-category/delete',3,NULL,NULL,NULL,1451911904,1451911904,NULL),('/sale/customer-category/index',3,NULL,NULL,NULL,1451911904,1451911904,NULL),('/sale/customer-category/update',3,NULL,NULL,NULL,1451911904,1451911904,NULL),('/sale/customer-category/view',3,NULL,NULL,NULL,1451911904,1451911904,NULL),('/sale/customer-class/*',3,NULL,NULL,NULL,1451911903,1451911903,NULL),('/sale/customer-class/create',3,NULL,NULL,NULL,1451911903,1451911903,NULL),('/sale/customer-class/delete',3,NULL,NULL,NULL,1451911903,1451911903,NULL),('/sale/customer-class/index',3,NULL,NULL,NULL,1451911903,1451911903,NULL),('/sale/customer-class/update',3,NULL,NULL,NULL,1451911903,1451911903,NULL),('/sale/customer-class/view',3,NULL,NULL,NULL,1451911903,1451911903,NULL),('/sale/customer/*',3,NULL,NULL,NULL,1451911903,1451911903,NULL),('/sale/customer/classhistory',3,NULL,NULL,NULL,1451911903,1451911903,NULL),('/sale/customer/create',3,NULL,NULL,NULL,1451911903,1451911903,NULL),('/sale/customer/create-embed',3,NULL,NULL,NULL,1451911903,1451911903,NULL),('/sale/customer/createcontract',3,NULL,NULL,NULL,1451911903,1451911903,NULL),('/sale/customer/debtors',3,NULL,NULL,NULL,1451911903,1451911903,NULL),('/sale/customer/delete',3,NULL,NULL,NULL,1451911903,1451911903,NULL),('/sale/customer/find-by-name',3,NULL,NULL,NULL,1451911903,1451911903,NULL),('/sale/customer/index',3,NULL,NULL,NULL,1451911903,1451911903,NULL),('/sale/customer/search',3,NULL,NULL,NULL,1451911903,1451911903,NULL),('/sale/customer/update',3,NULL,NULL,NULL,1451911903,1451911903,NULL),('/sale/customer/view',3,NULL,NULL,NULL,1451911903,1451911903,NULL),('/sale/default/*',3,NULL,NULL,NULL,1451911903,1451911903,NULL),('/sale/default/index',3,NULL,NULL,NULL,1451911903,1451911903,NULL),('/sale/document-type/*',3,NULL,NULL,NULL,1451911902,1451911902,NULL),('/sale/document-type/create',3,NULL,NULL,NULL,1451911902,1451911902,NULL),('/sale/document-type/delete',3,NULL,NULL,NULL,1451911902,1451911902,NULL),('/sale/document-type/index',3,NULL,NULL,NULL,1451911903,1451911903,NULL),('/sale/document-type/update',3,NULL,NULL,NULL,1451911902,1451911902,NULL),('/sale/document-type/view',3,NULL,NULL,NULL,1451911903,1451911903,NULL),('/sale/funding-plan/*',3,NULL,NULL,NULL,1451911902,1451911902,NULL),('/sale/funding-plan/add-funding-product',3,NULL,NULL,NULL,1451911902,1451911902,NULL),('/sale/funding-plan/create',3,NULL,NULL,NULL,1451911902,1451911902,NULL),('/sale/funding-plan/delete',3,NULL,NULL,NULL,1451911902,1451911902,NULL),('/sale/funding-plan/index',3,NULL,NULL,NULL,1451911902,1451911902,NULL),('/sale/funding-plan/update',3,NULL,NULL,NULL,1451911902,1451911902,NULL),('/sale/funding-plan/view',3,NULL,NULL,NULL,1451911902,1451911902,NULL),('/sale/invoice-class/*',3,NULL,NULL,NULL,1451911902,1451911902,NULL),('/sale/invoice-class/create',3,NULL,NULL,NULL,1451911902,1451911902,NULL),('/sale/invoice-class/delete',3,NULL,NULL,NULL,1451911902,1451911902,NULL),('/sale/invoice-class/index',3,NULL,NULL,NULL,1451911902,1451911902,NULL),('/sale/invoice-class/update',3,NULL,NULL,NULL,1451911902,1451911902,NULL),('/sale/invoice-class/view',3,NULL,NULL,NULL,1451911902,1451911902,NULL),('/sale/invoice/*',3,NULL,NULL,NULL,1451911912,1451911912,NULL),('/sale/point-of-sale/*',3,NULL,NULL,NULL,1451911901,1451911901,NULL),('/sale/point-of-sale/create',3,NULL,NULL,NULL,1451911902,1451911902,NULL),('/sale/point-of-sale/delete',3,NULL,NULL,NULL,1451911902,1451911902,NULL),('/sale/point-of-sale/index',3,NULL,NULL,NULL,1451911902,1451911902,NULL),('/sale/point-of-sale/update',3,NULL,NULL,NULL,1451911902,1451911902,NULL),('/sale/point-of-sale/view',3,NULL,NULL,NULL,1451911902,1451911902,NULL),('/sale/product-price/*',3,NULL,NULL,NULL,1451911901,1451911901,NULL),('/sale/product-price/create',3,NULL,NULL,NULL,1451911901,1451911901,NULL),('/sale/product-price/delete',3,NULL,NULL,NULL,1451911901,1451911901,NULL),('/sale/product-price/graph',3,NULL,NULL,NULL,1451911901,1451911901,NULL),('/sale/product-price/index',3,NULL,NULL,NULL,1451911901,1451911901,NULL),('/sale/product-price/update',3,NULL,NULL,NULL,1451911901,1451911901,NULL),('/sale/product-price/view',3,NULL,NULL,NULL,1451911901,1451911901,NULL),('/sale/product/*',3,NULL,NULL,NULL,1451911901,1451911901,NULL),('/sale/product/barcode',3,NULL,NULL,NULL,1451911901,1451911901,NULL),('/sale/product/batch-updater',3,NULL,NULL,NULL,1451911901,1451911901,NULL),('/sale/product/create',3,NULL,NULL,NULL,1451911901,1451911901,NULL),('/sale/product/delete',3,NULL,NULL,NULL,1451911901,1451911901,NULL),('/sale/product/index',3,NULL,NULL,NULL,1451911901,1451911901,NULL),('/sale/product/price-history',3,NULL,NULL,NULL,1451911901,1451911901,NULL),('/sale/product/print-barcodes',3,NULL,NULL,NULL,1451911901,1451911901,NULL),('/sale/product/stock',3,NULL,NULL,NULL,1451911901,1451911901,NULL),('/sale/product/update',3,NULL,NULL,NULL,1451911901,1451911901,NULL),('/sale/product/update-price',3,NULL,NULL,NULL,1451911901,1451911901,NULL),('/sale/product/update-prices',3,NULL,NULL,NULL,1451911901,1451911901,NULL),('/sale/product/update-stock',3,NULL,NULL,NULL,1451911901,1451911901,NULL),('/sale/product/view',3,NULL,NULL,NULL,1451911901,1451911901,NULL),('/sale/profile-class/*',3,NULL,NULL,NULL,1451911900,1451911900,NULL),('/sale/profile-class/create',3,NULL,NULL,NULL,1451911901,1451911901,NULL),('/sale/profile-class/delete',3,NULL,NULL,NULL,1451911900,1451911900,NULL),('/sale/profile-class/index',3,NULL,NULL,NULL,1451911901,1451911901,NULL),('/sale/profile-class/update',3,NULL,NULL,NULL,1451911900,1451911900,NULL),('/sale/profile-class/view',3,NULL,NULL,NULL,1451911901,1451911901,NULL),('/sale/stock-movement/*',3,NULL,NULL,NULL,1451911900,1451911900,NULL),('/sale/stock-movement/create',3,NULL,NULL,NULL,1451911900,1451911900,NULL),('/sale/stock-movement/delete',3,NULL,NULL,NULL,1451911900,1451911900,NULL),('/sale/stock-movement/graph',3,NULL,NULL,NULL,1451911900,1451911900,NULL),('/sale/stock-movement/index',3,NULL,NULL,NULL,1451911900,1451911900,NULL),('/sale/stock-movement/view',3,NULL,NULL,NULL,1451911900,1451911900,NULL),('/sale/tax-condition/*',3,NULL,NULL,NULL,1451911900,1451911900,NULL),('/sale/tax-condition/create',3,NULL,NULL,NULL,1451911900,1451911900,NULL),('/sale/tax-condition/delete',3,NULL,NULL,NULL,1451911900,1451911900,NULL),('/sale/tax-condition/index',3,NULL,NULL,NULL,1451911900,1451911900,NULL),('/sale/tax-condition/update',3,NULL,NULL,NULL,1451911900,1451911900,NULL),('/sale/tax-condition/view',3,NULL,NULL,NULL,1451911900,1451911900,NULL),('/sale/tax-rate/*',3,NULL,NULL,NULL,1451911899,1451911899,NULL),('/sale/tax-rate/create',3,NULL,NULL,NULL,1451911899,1451911899,NULL),('/sale/tax-rate/delete',3,NULL,NULL,NULL,1451911899,1451911899,NULL),('/sale/tax-rate/index',3,NULL,NULL,NULL,1451911899,1451911899,NULL),('/sale/tax-rate/update',3,NULL,NULL,NULL,1451911899,1451911899,NULL),('/sale/tax-rate/view',3,NULL,NULL,NULL,1451911899,1451911899,NULL),('/sale/tax/*',3,NULL,NULL,NULL,1451911899,1451911899,NULL),('/sale/tax/create',3,NULL,NULL,NULL,1451911899,1451911899,NULL),('/sale/tax/delete',3,NULL,NULL,NULL,1451911899,1451911899,NULL),('/sale/tax/index',3,NULL,NULL,NULL,1451911899,1451911899,NULL),('/sale/tax/update',3,NULL,NULL,NULL,1451911899,1451911899,NULL),('/sale/tax/view',3,NULL,NULL,NULL,1451911899,1451911899,NULL),('/sale/unit/*',3,NULL,NULL,NULL,1451911899,1451911899,NULL),('/sale/unit/create',3,NULL,NULL,NULL,1451911899,1451911899,NULL),('/sale/unit/delete',3,NULL,NULL,NULL,1451911899,1451911899,NULL),('/sale/unit/index',3,NULL,NULL,NULL,1451911899,1451911899,NULL),('/sale/unit/update',3,NULL,NULL,NULL,1451911899,1451911899,NULL),('/sale/unit/view',3,NULL,NULL,NULL,1451911899,1451911899,NULL),('/site/*',3,NULL,NULL,NULL,1451911875,1451911875,NULL),('/site/about',3,NULL,NULL,NULL,1451911876,1451911876,NULL),('/site/captcha',3,NULL,NULL,NULL,1451911876,1451911876,NULL),('/site/contact',3,NULL,NULL,NULL,1451911876,1451911876,NULL),('/site/error',3,NULL,NULL,NULL,1451911876,1451911876,NULL),('/site/index',3,NULL,NULL,NULL,1451911876,1451911876,NULL),('/site/login',3,NULL,NULL,NULL,1451911876,1451911876,NULL),('/site/logout',3,NULL,NULL,NULL,1451911876,1451911876,NULL),('/user-management/*',3,NULL,NULL,NULL,1451911881,1451911881,NULL),('/user-management/auth-item-group/*',3,NULL,NULL,NULL,1451911883,1451911883,NULL),('/user-management/auth-item-group/bulk-activate',3,NULL,NULL,NULL,1451911883,1451911883,NULL),('/user-management/auth-item-group/bulk-deactivate',3,NULL,NULL,NULL,1451911883,1451911883,NULL),('/user-management/auth-item-group/bulk-delete',3,NULL,NULL,NULL,1451911883,1451911883,NULL),('/user-management/auth-item-group/create',3,NULL,NULL,NULL,1451911884,1451911884,NULL),('/user-management/auth-item-group/delete',3,NULL,NULL,NULL,1451911884,1451911884,NULL),('/user-management/auth-item-group/grid-page-size',3,NULL,NULL,NULL,1451911883,1451911883,NULL),('/user-management/auth-item-group/grid-sort',3,NULL,NULL,NULL,1451911883,1451911883,NULL),('/user-management/auth-item-group/index',3,NULL,NULL,NULL,1451911884,1451911884,NULL),('/user-management/auth-item-group/toggle-attribute',3,NULL,NULL,NULL,1451911883,1451911883,NULL),('/user-management/auth-item-group/update',3,NULL,NULL,NULL,1451911884,1451911884,NULL),('/user-management/auth-item-group/view',3,NULL,NULL,NULL,1451911884,1451911884,NULL),('/user-management/auth/*',3,NULL,NULL,NULL,1451911884,1451911884,NULL),('/user-management/auth/captcha',3,NULL,NULL,NULL,1451911884,1451911884,NULL),('/user-management/auth/change-own-password',3,NULL,NULL,NULL,1451911884,1451911884,NULL),('/user-management/auth/confirm-email',3,NULL,NULL,NULL,1451911884,1451911884,NULL),('/user-management/auth/confirm-email-receive',3,NULL,NULL,NULL,1451911884,1451911884,NULL),('/user-management/auth/confirm-registration-email',3,NULL,NULL,NULL,1451911884,1451911884,NULL),('/user-management/auth/login',3,NULL,NULL,NULL,1451911884,1451911884,NULL),('/user-management/auth/logout',3,NULL,NULL,NULL,1451911884,1451911884,NULL),('/user-management/auth/password-recovery',3,NULL,NULL,NULL,1451911884,1451911884,NULL),('/user-management/auth/password-recovery-receive',3,NULL,NULL,NULL,1451911884,1451911884,NULL),('/user-management/auth/registration',3,NULL,NULL,NULL,1451911884,1451911884,NULL),('/user-management/permission/*',3,NULL,NULL,NULL,1451911882,1451911882,NULL),('/user-management/permission/bulk-activate',3,NULL,NULL,NULL,1451911883,1451911883,NULL),('/user-management/permission/bulk-deactivate',3,NULL,NULL,NULL,1451911883,1451911883,NULL),('/user-management/permission/bulk-delete',3,NULL,NULL,NULL,1451911882,1451911882,NULL),('/user-management/permission/create',3,NULL,NULL,NULL,1451911883,1451911883,NULL),('/user-management/permission/delete',3,NULL,NULL,NULL,1451911883,1451911883,NULL),('/user-management/permission/grid-page-size',3,NULL,NULL,NULL,1451911882,1451911882,NULL),('/user-management/permission/grid-sort',3,NULL,NULL,NULL,1451911882,1451911882,NULL),('/user-management/permission/index',3,NULL,NULL,NULL,1451911883,1451911883,NULL),('/user-management/permission/refresh-routes',3,NULL,NULL,NULL,1451911883,1451911883,NULL),('/user-management/permission/set-child-permissions',3,NULL,NULL,NULL,1451911883,1451911883,NULL),('/user-management/permission/set-child-routes',3,NULL,NULL,NULL,1451911883,1451911883,NULL),('/user-management/permission/toggle-attribute',3,NULL,NULL,NULL,1451911883,1451911883,NULL),('/user-management/permission/update',3,NULL,NULL,NULL,1451911883,1451911883,NULL),('/user-management/permission/view',3,NULL,NULL,NULL,1451911883,1451911883,NULL),('/user-management/role/*',3,NULL,NULL,NULL,1451911882,1451911882,NULL),('/user-management/role/bulk-activate',3,NULL,NULL,NULL,1451911882,1451911882,NULL),('/user-management/role/bulk-deactivate',3,NULL,NULL,NULL,1451911882,1451911882,NULL),('/user-management/role/bulk-delete',3,NULL,NULL,NULL,1451911882,1451911882,NULL),('/user-management/role/create',3,NULL,NULL,NULL,1451911882,1451911882,NULL),('/user-management/role/delete',3,NULL,NULL,NULL,1451911882,1451911882,NULL),('/user-management/role/grid-page-size',3,NULL,NULL,NULL,1451911882,1451911882,NULL),('/user-management/role/grid-sort',3,NULL,NULL,NULL,1451911882,1451911882,NULL),('/user-management/role/index',3,NULL,NULL,NULL,1451911882,1451911882,NULL),('/user-management/role/set-child-permissions',3,NULL,NULL,NULL,1451911882,1451911882,NULL),('/user-management/role/set-child-roles',3,NULL,NULL,NULL,1451911882,1451911882,NULL),('/user-management/role/toggle-attribute',3,NULL,NULL,NULL,1451911882,1451911882,NULL),('/user-management/role/update',3,NULL,NULL,NULL,1451911882,1451911882,NULL),('/user-management/role/view',3,NULL,NULL,NULL,1451911882,1451911882,NULL),('/user-management/user-permission/*',3,NULL,NULL,NULL,1451911881,1451911881,NULL),('/user-management/user-permission/set',3,NULL,NULL,NULL,1451911881,1451911881,NULL),('/user-management/user-permission/set-roles',3,NULL,NULL,NULL,1451911881,1451911881,NULL),('/user-management/user-visit-log/*',3,NULL,NULL,NULL,1451911881,1451911881,NULL),('/user-management/user-visit-log/bulk-activate',3,NULL,NULL,NULL,1451911881,1451911881,NULL),('/user-management/user-visit-log/bulk-deactivate',3,NULL,NULL,NULL,1451911881,1451911881,NULL),('/user-management/user-visit-log/bulk-delete',3,NULL,NULL,NULL,1451911881,1451911881,NULL),('/user-management/user-visit-log/create',3,NULL,NULL,NULL,1451911881,1451911881,NULL),('/user-management/user-visit-log/delete',3,NULL,NULL,NULL,1451911881,1451911881,NULL),('/user-management/user-visit-log/grid-page-size',3,NULL,NULL,NULL,1451911881,1451911881,NULL),('/user-management/user-visit-log/grid-sort',3,NULL,NULL,NULL,1451911881,1451911881,NULL),('/user-management/user-visit-log/index',3,NULL,NULL,NULL,1451911881,1451911881,NULL),('/user-management/user-visit-log/toggle-attribute',3,NULL,NULL,NULL,1451911881,1451911881,NULL),('/user-management/user-visit-log/update',3,NULL,NULL,NULL,1451911881,1451911881,NULL),('/user-management/user-visit-log/view',3,NULL,NULL,NULL,1451911881,1451911881,NULL),('/user-management/user/*',3,NULL,NULL,NULL,1451911881,1451911881,NULL),('/user-management/user/bulk-activate',3,NULL,NULL,NULL,1451911882,1451911882,NULL),('/user-management/user/bulk-deactivate',3,NULL,NULL,NULL,1451911882,1451911882,NULL),('/user-management/user/bulk-delete',3,NULL,NULL,NULL,1451911882,1451911882,NULL),('/user-management/user/change-password',3,NULL,NULL,NULL,1451911882,1451911882,NULL),('/user-management/user/create',3,NULL,NULL,NULL,1451911882,1451911882,NULL),('/user-management/user/delete',3,NULL,NULL,NULL,1451911882,1451911882,NULL),('/user-management/user/grid-page-size',3,NULL,NULL,NULL,1451911881,1451911881,NULL),('/user-management/user/grid-sort',3,NULL,NULL,NULL,1451911882,1451911882,NULL),('/user-management/user/index',3,NULL,NULL,NULL,1451911882,1451911882,NULL),('/user-management/user/toggle-attribute',3,NULL,NULL,NULL,1451911882,1451911882,NULL),('/user-management/user/update',3,NULL,NULL,NULL,1451911882,1451911882,NULL),('/user-management/user/view',3,NULL,NULL,NULL,1451911882,1451911882,NULL),('/westnet/*',3,NULL,NULL,NULL,1451915874,1451915874,NULL),('/westnet/ecopagos/*',3,NULL,NULL,NULL,1451915874,1451915874,NULL),('/westnet/ecopagos/batch-closure/*',3,NULL,NULL,NULL,1451915876,1451915876,NULL),('/westnet/ecopagos/batch-closure/create',3,NULL,NULL,NULL,1451915876,1451915876,NULL),('/westnet/ecopagos/batch-closure/delete',3,NULL,NULL,NULL,1451915876,1451915876,NULL),('/westnet/ecopagos/batch-closure/index',3,NULL,NULL,NULL,1451915876,1451915876,NULL),('/westnet/ecopagos/batch-closure/update',3,NULL,NULL,NULL,1451915876,1451915876,NULL),('/westnet/ecopagos/batch-closure/view',3,NULL,NULL,NULL,1451915876,1451915876,NULL),('/westnet/ecopagos/cashier/*',3,NULL,NULL,NULL,1451915875,1451915875,NULL),('/westnet/ecopagos/cashier/add-cashier',3,NULL,NULL,NULL,1451915875,1451915875,NULL),('/westnet/ecopagos/cashier/create',3,NULL,NULL,NULL,1451915875,1451915875,NULL),('/westnet/ecopagos/cashier/delete',3,NULL,NULL,NULL,1451915875,1451915875,NULL),('/westnet/ecopagos/cashier/index',3,NULL,NULL,NULL,1451915876,1451915876,NULL),('/westnet/ecopagos/cashier/list-by-ecopago',3,NULL,NULL,NULL,1451915875,1451915875,NULL),('/westnet/ecopagos/cashier/update',3,NULL,NULL,NULL,1451915875,1451915875,NULL),('/westnet/ecopagos/cashier/view',3,NULL,NULL,NULL,1451915875,1451915875,NULL),('/westnet/ecopagos/collector/*',3,NULL,NULL,NULL,1451915875,1451915875,NULL),('/westnet/ecopagos/collector/create',3,NULL,NULL,NULL,1451915875,1451915875,NULL),('/westnet/ecopagos/collector/delete',3,NULL,NULL,NULL,1451915875,1451915875,NULL),('/westnet/ecopagos/collector/index',3,NULL,NULL,NULL,1451915875,1451915875,NULL),('/westnet/ecopagos/collector/update',3,NULL,NULL,NULL,1451915875,1451915875,NULL),('/westnet/ecopagos/collector/view',3,NULL,NULL,NULL,1451915875,1451915875,NULL),('/westnet/ecopagos/commission/*',3,NULL,NULL,NULL,1451915875,1451915875,NULL),('/westnet/ecopagos/commission/create',3,NULL,NULL,NULL,1451915875,1451915875,NULL),('/westnet/ecopagos/commission/delete',3,NULL,NULL,NULL,1451915875,1451915875,NULL),('/westnet/ecopagos/commission/index',3,NULL,NULL,NULL,1451915875,1451915875,NULL),('/westnet/ecopagos/commission/update',3,NULL,NULL,NULL,1451915875,1451915875,NULL),('/westnet/ecopagos/commission/view',3,NULL,NULL,NULL,1451915875,1451915875,NULL),('/westnet/ecopagos/default/*',3,NULL,NULL,NULL,1451915875,1451915875,NULL),('/westnet/ecopagos/default/index',3,NULL,NULL,NULL,1451915875,1451915875,NULL),('/westnet/ecopagos/ecopago/*',3,NULL,NULL,NULL,1451915875,1451915875,NULL),('/westnet/ecopagos/ecopago/collectors',3,NULL,NULL,NULL,1451915875,1451915875,NULL),('/westnet/ecopagos/ecopago/create',3,NULL,NULL,NULL,1451915875,1451915875,NULL),('/westnet/ecopagos/ecopago/delete',3,NULL,NULL,NULL,1451915875,1451915875,NULL),('/westnet/ecopagos/ecopago/index',3,NULL,NULL,NULL,1451915875,1451915875,NULL),('/westnet/ecopagos/ecopago/update',3,NULL,NULL,NULL,1451915875,1451915875,NULL),('/westnet/ecopagos/ecopago/view',3,NULL,NULL,NULL,1451915875,1451915875,NULL),('/westnet/ecopagos/frontend',3,NULL,NULL,NULL,1451915949,1451915949,NULL),('/westnet/ecopagos/frontend/*',3,NULL,NULL,NULL,1451915876,1451915876,NULL),('/westnet/ecopagos/frontend/batch-closure/*',3,NULL,NULL,NULL,1451915877,1451915877,NULL),('/westnet/ecopagos/frontend/batch-closure/create',3,NULL,NULL,NULL,1451915877,1451915877,NULL),('/westnet/ecopagos/frontend/batch-closure/delete',3,NULL,NULL,NULL,1451915877,1451915877,NULL),('/westnet/ecopagos/frontend/batch-closure/get-preview',3,NULL,NULL,NULL,1451915877,1451915877,NULL),('/westnet/ecopagos/frontend/batch-closure/index',3,NULL,NULL,NULL,1451915877,1451915877,NULL),('/westnet/ecopagos/frontend/batch-closure/update',3,NULL,NULL,NULL,1451915877,1451915877,NULL),('/westnet/ecopagos/frontend/batch-closure/view',3,NULL,NULL,NULL,1451915877,1451915877,NULL),('/westnet/ecopagos/frontend/batch-closure/view-payouts',3,NULL,NULL,NULL,1451915877,1451915877,NULL),('/westnet/ecopagos/frontend/collector/*',3,NULL,NULL,NULL,1451915877,1451915877,NULL),('/westnet/ecopagos/frontend/collector/get-collector-info',3,NULL,NULL,NULL,1451915877,1451915877,NULL),('/westnet/ecopagos/frontend/customer/*',3,NULL,NULL,NULL,1451915876,1451915876,NULL),('/westnet/ecopagos/frontend/customer/get-customer-info',3,NULL,NULL,NULL,1451915877,1451915877,NULL),('/westnet/ecopagos/frontend/customer/payout-history',3,NULL,NULL,NULL,1451915877,1451915877,NULL),('/westnet/ecopagos/frontend/payout/*',3,NULL,NULL,NULL,1451915876,1451915876,NULL),('/westnet/ecopagos/frontend/payout/ajax-info',3,NULL,NULL,NULL,1451915876,1451915876,NULL),('/westnet/ecopagos/frontend/payout/create',3,NULL,NULL,NULL,1451915876,1451915876,NULL),('/westnet/ecopagos/frontend/payout/delete',3,NULL,NULL,NULL,1451915876,1451915876,NULL),('/westnet/ecopagos/frontend/payout/index',3,NULL,NULL,NULL,1451915876,1451915876,NULL),('/westnet/ecopagos/frontend/payout/reverse',3,NULL,NULL,NULL,1451915876,1451915876,NULL),('/westnet/ecopagos/frontend/payout/update',3,NULL,NULL,NULL,1451915876,1451915876,NULL),('/westnet/ecopagos/frontend/payout/view',3,NULL,NULL,NULL,1451915876,1451915876,NULL),('/westnet/ecopagos/frontend/site/*',3,NULL,NULL,NULL,1451915876,1451915876,NULL),('/westnet/ecopagos/frontend/site/captcha',3,NULL,NULL,NULL,1451915876,1451915876,NULL),('/westnet/ecopagos/frontend/site/error',3,NULL,NULL,NULL,1451915876,1451915876,NULL),('/westnet/ecopagos/frontend/site/index',3,NULL,NULL,NULL,1451915876,1451915876,NULL),('/westnet/ecopagos/payout/*',3,NULL,NULL,NULL,1451915874,1451915874,NULL),('/westnet/ecopagos/payout/ajax-info',3,NULL,NULL,NULL,1451915874,1451915874,NULL),('/westnet/ecopagos/payout/create',3,NULL,NULL,NULL,1451915874,1451915874,NULL),('/westnet/ecopagos/payout/delete',3,NULL,NULL,NULL,1451915874,1451915874,NULL),('/westnet/ecopagos/payout/index',3,NULL,NULL,NULL,1451915875,1451915875,NULL),('/westnet/ecopagos/payout/payout-list',3,NULL,NULL,NULL,1451915874,1451915874,NULL),('/westnet/ecopagos/payout/reverse',3,NULL,NULL,NULL,1451915874,1451915874,NULL),('/westnet/ecopagos/payout/update',3,NULL,NULL,NULL,1451915874,1451915874,NULL),('/westnet/ecopagos/payout/view',3,NULL,NULL,NULL,1451915874,1451915874,NULL),('/westnet/ecopagos/status/*',3,NULL,NULL,NULL,1451915874,1451915874,NULL),('/westnet/ecopagos/status/create',3,NULL,NULL,NULL,1451915874,1451915874,NULL),('/westnet/ecopagos/status/delete',3,NULL,NULL,NULL,1451915874,1451915874,NULL),('/westnet/ecopagos/status/index',3,NULL,NULL,NULL,1451915874,1451915874,NULL),('/westnet/ecopagos/status/update',3,NULL,NULL,NULL,1451915874,1451915874,NULL),('/westnet/ecopagos/status/view',3,NULL,NULL,NULL,1451915874,1451915874,NULL),('/zone/*',3,NULL,NULL,NULL,1451911898,1451911898,NULL),('/zone/zone/*',3,NULL,NULL,NULL,1451911898,1451911898,NULL),('/zone/zone/create',3,NULL,NULL,NULL,1451911899,1451911899,NULL),('/zone/zone/delete',3,NULL,NULL,NULL,1451911898,1451911898,NULL),('/zone/zone/full-zone',3,NULL,NULL,NULL,1451911898,1451911898,NULL),('/zone/zone/index',3,NULL,NULL,NULL,1451911899,1451911899,NULL),('/zone/zone/update',3,NULL,NULL,NULL,1451911898,1451911898,NULL),('/zone/zone/view',3,NULL,NULL,NULL,1451911899,1451911899,NULL),('Cashier',1,'Cashier',NULL,NULL,1451916116,1451916116,NULL),('commonPermission',2,'Common permission',NULL,NULL,1451478898,1451478898,NULL),('westnetEcopagoFrontend',2,'Westnet ecopago frontend',NULL,NULL,1451916116,1451916116,NULL);
/*!40000 ALTER TABLE `auth_item` ENABLE KEYS */;
UNLOCK TABLES;

--
-- Table structure for table `auth_item_child`
--

DROP TABLE IF EXISTS `auth_item_child`;
/*!40101 SET @saved_cs_client     = @@character_set_client */;
/*!40101 SET character_set_client = utf8 */;
CREATE TABLE `auth_item_child` (
  `parent` varchar(64) NOT NULL,
  `child` varchar(64) NOT NULL,
  PRIMARY KEY (`parent`,`child`),
  KEY `child` (`child`),
  CONSTRAINT `auth_item_child_ibfk_1` FOREIGN KEY (`parent`) REFERENCES `auth_item` (`name`) ON DELETE CASCADE ON UPDATE CASCADE,
  CONSTRAINT `auth_item_child_ibfk_2` FOREIGN KEY (`child`) REFERENCES `auth_item` (`name`) ON DELETE CASCADE ON UPDATE CASCADE
) ENGINE=InnoDB DEFAULT CHARSET=utf8;
/*!40101 SET character_set_client = @saved_cs_client */;

--
-- Dumping data for table `auth_item_child`
--

LOCK TABLES `auth_item_child` WRITE;
/*!40000 ALTER TABLE `auth_item_child` DISABLE KEYS */;
INSERT INTO `auth_item_child` VALUES ('Cashier','westnetEcopagoFrontend'),('westnetEcopagoFrontend','/westnet/ecopagos/frontend/*');
/*!40000 ALTER TABLE `auth_item_child` ENABLE KEYS */;
UNLOCK TABLES;

--
-- Table structure for table `auth_item_group`
--

DROP TABLE IF EXISTS `auth_item_group`;
/*!40101 SET @saved_cs_client     = @@character_set_client */;
/*!40101 SET character_set_client = utf8 */;
CREATE TABLE `auth_item_group` (
  `code` varchar(64) NOT NULL,
  `name` varchar(255) NOT NULL,
  `created_at` int(11) DEFAULT NULL,
  `updated_at` int(11) DEFAULT NULL,
  PRIMARY KEY (`code`)
) ENGINE=InnoDB DEFAULT CHARSET=utf8;
/*!40101 SET character_set_client = @saved_cs_client */;

--
-- Dumping data for table `auth_item_group`
--

LOCK TABLES `auth_item_group` WRITE;
/*!40000 ALTER TABLE `auth_item_group` DISABLE KEYS */;
/*!40000 ALTER TABLE `auth_item_group` ENABLE KEYS */;
UNLOCK TABLES;

--
-- Table structure for table `auth_rule`
--

DROP TABLE IF EXISTS `auth_rule`;
/*!40101 SET @saved_cs_client     = @@character_set_client */;
/*!40101 SET character_set_client = utf8 */;
CREATE TABLE `auth_rule` (
  `name` varchar(64) NOT NULL,
  `data` text,
  `created_at` int(11) DEFAULT NULL,
  `updated_at` int(11) DEFAULT NULL,
  PRIMARY KEY (`name`)
) ENGINE=InnoDB DEFAULT CHARSET=utf8;
/*!40101 SET character_set_client = @saved_cs_client */;

--
-- Dumping data for table `auth_rule`
--

LOCK TABLES `auth_rule` WRITE;
/*!40000 ALTER TABLE `auth_rule` DISABLE KEYS */;
/*!40000 ALTER TABLE `auth_rule` ENABLE KEYS */;
UNLOCK TABLES;

--
-- Table structure for table `bill`
--

DROP TABLE IF EXISTS `bill`;
/*!40101 SET @saved_cs_client     = @@character_set_client */;
/*!40101 SET character_set_client = utf8 */;
CREATE TABLE `bill` (
  `bill_id` int(11) NOT NULL AUTO_INCREMENT,
  `date` date DEFAULT NULL,
  `time` time DEFAULT NULL,
  `timestamp` int(11) DEFAULT NULL,
  `number` int(11) DEFAULT NULL,
  `currency` varchar(45) DEFAULT NULL,
  `amount` double DEFAULT NULL,
  `total` double DEFAULT NULL,
  `taxes` double DEFAULT NULL,
  `status` enum('draft','completed','closed') NOT NULL DEFAULT 'draft',
  `customer_id` int(11) DEFAULT NULL,
  `payed` tinyint(1) DEFAULT NULL,
  `currency_id` int(11) NOT NULL,
  `bill_type_id` int(11) NOT NULL,
  `ein` varchar(45) DEFAULT NULL,
  `ein_expiration` date DEFAULT NULL,
  `observation` varchar(250) DEFAULT NULL,
  `company_id` int(11) DEFAULT NULL,
  `class` varchar(100) DEFAULT NULL,
  `expiration` date DEFAULT NULL,
  `expiration_timestamp` int(11) DEFAULT NULL,
  `footprint` varchar(26) DEFAULT NULL,
  `active` tinyint(1) DEFAULT NULL,
  `user_id` int(11) DEFAULT NULL,
  PRIMARY KEY (`bill_id`),
  KEY `fk_bill_customer1_idx` (`customer_id`),
  KEY `fk_bill_currency1_idx` (`currency_id`),
  KEY `fk_bill_bill_type1_idx` (`bill_type_id`),
  KEY `ix_bill_company_id` (`company_id`),
  KEY `ix_bill_footprint` (`footprint`),
  KEY `ix_user_id` (`user_id`),
  CONSTRAINT `fk_bill_bill_type1` FOREIGN KEY (`bill_type_id`) REFERENCES `bill_type` (`bill_type_id`) ON DELETE NO ACTION ON UPDATE NO ACTION,
  CONSTRAINT `fk_bill_currency1` FOREIGN KEY (`currency_id`) REFERENCES `currency` (`currency_id`) ON DELETE NO ACTION ON UPDATE NO ACTION
) ENGINE=InnoDB AUTO_INCREMENT=639 DEFAULT CHARSET=utf8;
/*!40101 SET character_set_client = @saved_cs_client */;

--
-- Dumping data for table `bill`
--

LOCK TABLES `bill` WRITE;
/*!40000 ALTER TABLE `bill` DISABLE KEYS */;
INSERT INTO `bill` VALUES (33,'2015-07-08','05:05:00',1436375024,7,'',9218.1772,11154,1935.8228,'closed',1,1,1,2,'65275866265411','2015-07-08','',1,NULL,NULL,NULL,NULL,NULL,NULL),(34,'2015-07-08','18:32:00',1436380371,0,'',0,0,0,'draft',0,0,1,1,'','0000-00-00','',1,NULL,NULL,NULL,NULL,NULL,NULL),(35,'2015-07-08','18:37:00',1436380622,0,'',0,0,0,'draft',0,0,1,1,'','0000-00-00','',1,NULL,NULL,NULL,NULL,NULL,NULL),(36,'2015-07-08','18:37:00',1436380649,0,'',0,0,0,'draft',0,0,1,1,'','0000-00-00','',1,NULL,NULL,NULL,NULL,NULL,NULL),(37,'2015-07-08','18:37:00',1436380667,0,'',0,0,0,'draft',0,0,1,1,'','0000-00-00','',1,NULL,NULL,NULL,NULL,NULL,NULL),(38,'2015-07-08','19:46:00',1436384771,0,'',0,0,0,'draft',0,0,1,1,'','0000-00-00','',1,NULL,NULL,NULL,NULL,NULL,NULL),(39,'2015-07-08','19:53:00',1436385191,0,'',0,0,0,'draft',0,0,1,7,'','0000-00-00','',1,NULL,NULL,NULL,NULL,NULL,NULL),(40,'2015-07-08','19:54:00',1436385289,0,'',0,0,0,'draft',0,0,1,1,'','0000-00-00','',1,NULL,NULL,NULL,NULL,NULL,NULL),(41,'2015-07-08','19:59:00',1436385571,0,'',0,0,0,'draft',0,0,1,1,'','0000-00-00','',1,NULL,NULL,NULL,NULL,NULL,NULL),(42,'2015-07-08','20:02:00',1436385740,0,'',0,0,0,'draft',0,0,1,1,'','0000-00-00','',1,NULL,NULL,NULL,NULL,NULL,NULL),(43,'2015-07-08','20:19:00',1436386794,0,'',0,0,0,'draft',0,0,1,7,'','0000-00-00','',1,NULL,NULL,NULL,NULL,NULL,NULL),(44,'2015-07-08','20:22:00',1436386964,0,'',0,0,0,'draft',0,0,1,1,'','0000-00-00','',1,NULL,NULL,NULL,NULL,NULL,NULL),(45,'2015-07-10','12:50:00',1436532657,0,'',0,0,0,'draft',0,0,1,1,'','0000-00-00','',1,NULL,NULL,NULL,NULL,NULL,NULL),(46,'2015-07-10','21:17:00',1436563062,0,'',0,0,0,'draft',0,0,1,1,'','0000-00-00','',1,NULL,NULL,NULL,NULL,NULL,NULL),(47,'2015-07-10','21:18:00',1436563121,0,'',0,0,0,'draft',0,0,1,1,'','0000-00-00','',1,NULL,NULL,NULL,NULL,NULL,NULL),(48,'2015-07-10','21:26:00',1436563585,0,'',0,0,0,'draft',0,0,1,1,'','0000-00-00','',1,NULL,NULL,NULL,NULL,NULL,NULL),(49,'2015-07-10','21:30:00',1436563835,0,'',0,0,0,'draft',0,0,1,1,'','0000-00-00','',1,NULL,NULL,NULL,NULL,NULL,NULL),(50,'2015-07-10','21:30:00',1436563850,0,'',0,0,0,'draft',0,0,1,1,'','0000-00-00','',1,NULL,NULL,NULL,NULL,NULL,NULL),(51,'2015-07-10','21:31:00',1436563867,0,'',0,0,0,'draft',0,0,1,1,'','0000-00-00','',1,NULL,NULL,NULL,NULL,NULL,NULL),(52,'2015-07-10','21:36:00',1436564160,0,'',0,0,0,'draft',0,0,1,1,'','0000-00-00','',1,NULL,NULL,NULL,NULL,NULL,NULL),(53,'2015-07-11','02:09:00',1436580563,0,'',0,0,0,'draft',0,0,1,7,'','0000-00-00','',1,NULL,NULL,NULL,NULL,NULL,NULL),(54,'2015-07-11','02:12:00',1436580721,0,'',0,0,0,'draft',0,0,1,7,'','0000-00-00','',1,NULL,NULL,NULL,NULL,NULL,NULL),(55,'2015-07-13','22:11:00',1436825508,0,'',0,0,0,'draft',1,0,1,2,'','0000-00-00','',1,NULL,NULL,NULL,NULL,NULL,NULL),(56,'2015-07-13','22:13:00',1436825606,0,'',0,0,0,'draft',0,0,1,1,'','0000-00-00','',1,NULL,NULL,NULL,NULL,NULL,NULL),(57,'2015-07-13','22:21:00',1436826101,0,'',0,0,0,'draft',0,0,1,1,'','0000-00-00','',1,NULL,NULL,NULL,NULL,NULL,NULL),(58,'2015-07-14','15:34:00',1436888069,0,'',0,0,0,'draft',0,0,1,1,'','0000-00-00','',1,NULL,NULL,NULL,NULL,NULL,NULL),(59,'2015-07-14','15:36:00',1436888171,0,'',0,0,0,'draft',0,0,1,1,'','0000-00-00','',1,NULL,NULL,NULL,NULL,NULL,NULL),(60,'2015-07-14','18:15:00',1436897749,0,'',0,0,0,'draft',0,0,1,1,'','0000-00-00','',1,NULL,NULL,NULL,NULL,NULL,NULL),(61,'2015-07-14','18:25:00',1436898357,0,'',0,0,0,'draft',0,0,1,1,'','0000-00-00','',1,NULL,NULL,NULL,NULL,NULL,NULL),(62,'2015-07-14','22:34:00',1436913272,0,'',0,0,0,'draft',0,0,1,1,'','0000-00-00','',1,NULL,NULL,NULL,NULL,NULL,NULL),(63,'2015-07-14','22:34:00',1436913278,0,'',0,0,0,'draft',0,0,1,1,'','0000-00-00','',1,NULL,NULL,NULL,NULL,NULL,NULL),(64,'2015-07-14','22:34:00',1436913298,0,'',0,0,0,'draft',0,0,1,1,'','0000-00-00','',1,NULL,NULL,NULL,NULL,NULL,NULL),(65,'2015-07-14','22:35:00',1436913302,0,'',0,0,0,'draft',0,0,1,1,'','0000-00-00','',1,NULL,NULL,NULL,NULL,NULL,NULL),(66,'2015-07-15','13:00:00',1436965257,0,'',0,0,0,'draft',0,0,1,1,'','0000-00-00','',1,NULL,NULL,NULL,NULL,NULL,NULL),(67,'2015-07-15','13:03:00',1436965408,0,'',0,0,0,'draft',0,0,1,1,'','0000-00-00','',1,NULL,NULL,NULL,NULL,NULL,NULL),(68,'2015-07-15','13:48:00',1436968084,0,'',0,0,0,'draft',0,0,1,1,'','0000-00-00','',1,NULL,NULL,NULL,NULL,NULL,NULL),(69,'2015-07-15','13:59:00',1436968791,0,'',0,0,0,'draft',0,0,1,1,'','0000-00-00','',1,NULL,NULL,NULL,NULL,NULL,NULL),(70,'2015-07-15','18:15:00',1436984155,0,'',0,0,0,'draft',0,0,1,1,'','0000-00-00','',1,NULL,NULL,NULL,NULL,NULL,NULL),(71,'2015-07-15','18:55:00',1436986525,0,'',0,0,0,'draft',0,0,1,1,'','0000-00-00','',1,NULL,NULL,NULL,NULL,NULL,NULL),(72,'2015-07-15','19:51:00',1436989905,0,'',0,0,0,'draft',0,0,1,7,'','0000-00-00','',1,NULL,NULL,NULL,NULL,NULL,NULL),(73,'2015-07-15','19:52:00',1436989979,0,'',0,0,0,'draft',0,0,1,1,'','0000-00-00','',1,NULL,NULL,NULL,NULL,NULL,NULL),(74,'2015-07-15','19:53:00',1436989981,0,'',0,0,0,'draft',0,0,1,1,'','0000-00-00','',1,NULL,NULL,NULL,NULL,NULL,NULL),(75,'2015-07-15','19:57:00',1436990253,0,'',0,0,0,'draft',0,0,1,7,'','0000-00-00','',1,NULL,NULL,NULL,NULL,NULL,NULL),(76,'2015-07-15','20:30:00',1436992257,0,'',0,0,0,'draft',0,0,1,1,'','0000-00-00','',1,NULL,NULL,NULL,NULL,NULL,NULL),(77,'2015-07-15','20:31:00',1436992285,0,'',0,0,0,'draft',0,0,1,1,'','0000-00-00','',1,NULL,NULL,NULL,NULL,NULL,NULL),(78,'2015-07-16','15:39:00',1437061185,0,'',0,0,0,'draft',0,0,1,1,'','0000-00-00','',1,NULL,NULL,NULL,NULL,NULL,NULL),(79,'2015-07-16','15:41:00',1437061280,0,'',0,0,0,'draft',0,0,1,1,'','0000-00-00','',1,NULL,NULL,NULL,NULL,NULL,NULL),(80,'2015-07-16','15:41:00',1437061299,0,'',0,0,0,'draft',0,0,1,1,'','0000-00-00','',1,NULL,NULL,NULL,NULL,NULL,NULL),(81,'2015-07-16','15:50:00',1437061807,0,'',0,0,0,'draft',1,0,1,2,'','0000-00-00','',1,NULL,NULL,NULL,NULL,NULL,NULL),(82,'2015-07-16','16:03:00',1437062593,0,'',0,0,0,'draft',0,0,1,7,'','0000-00-00','',1,NULL,NULL,NULL,NULL,NULL,NULL),(83,'2015-07-16','19:02:00',1437073365,0,'',0,0,0,'draft',0,0,1,1,'','0000-00-00','',1,NULL,NULL,NULL,NULL,NULL,NULL),(84,'2015-07-16','19:16:00',1437074208,0,'',0,0,0,'draft',0,0,1,1,'','0000-00-00','',1,NULL,NULL,NULL,NULL,NULL,NULL),(85,'2015-07-16','19:21:00',1437074473,0,'',0,0,0,'draft',0,0,1,2,'','0000-00-00','',1,NULL,NULL,NULL,NULL,NULL,NULL),(86,'2015-07-16','19:24:00',1437074668,0,'',0,0,0,'draft',0,0,1,1,'','0000-00-00','',1,NULL,NULL,NULL,NULL,NULL,NULL),(87,'2015-07-16','19:27:00',1437074875,0,'',0,0,0,'draft',0,0,1,1,'','0000-00-00','',1,NULL,NULL,NULL,NULL,NULL,NULL),(88,'2015-07-16','07:51:00',1437074938,118,'',8987.51,10874.89,1887.38,'closed',2,1,1,1,'65295942792528','2015-07-26','',1,NULL,NULL,NULL,NULL,NULL,NULL),(89,'2015-07-16','19:31:00',1437075076,0,'',0,0,0,'draft',0,0,1,1,'','0000-00-00','',1,NULL,NULL,NULL,NULL,NULL,NULL),(90,'2015-07-16','19:31:00',1437075088,0,'',0,0,0,'draft',0,0,1,1,'','0000-00-00','',1,NULL,NULL,NULL,NULL,NULL,NULL),(91,'2015-07-16','19:31:00',1437075092,0,'',0,0,0,'draft',0,0,1,1,'','0000-00-00','',1,NULL,NULL,NULL,NULL,NULL,NULL),(93,'2015-07-16','19:35:00',1437075350,0,'',0,0,0,'draft',0,0,1,1,'','0000-00-00','',1,NULL,NULL,NULL,NULL,NULL,NULL),(94,'2015-07-16','19:52:00',1437076377,0,'',0,0,0,'draft',0,0,1,1,'','0000-00-00','',1,NULL,NULL,NULL,NULL,NULL,NULL),(95,'2015-07-16','08:52:00',1437079783,119,'',1728,2090.88,362.88,'closed',3,1,1,1,'65295943673831','2015-07-26','',1,NULL,NULL,NULL,NULL,NULL,NULL),(96,'2015-07-16','08:53:00',1437079958,120,'',6048,7318.08,1270.08,'closed',3,1,1,1,'65295943695740','2015-07-26','',1,NULL,NULL,NULL,NULL,NULL,NULL),(97,'2015-07-16','20:53:00',1437080032,0,'',0,0,0,'draft',0,0,1,1,'','0000-00-00','',1,NULL,NULL,NULL,NULL,NULL,NULL),(98,'2015-07-16','20:54:00',1437080046,0,'',0,0,0,'draft',0,0,1,1,'','0000-00-00','',1,NULL,NULL,NULL,NULL,NULL,NULL),(99,'2015-07-17','01:09:00',1437080280,126,'',19244.8,23286.21,4041.41,'closed',4,1,1,1,'65295948450574','2015-07-27','',1,NULL,NULL,NULL,NULL,NULL,NULL),(100,'2015-07-16','09:02:00',1437080485,121,'',1728,2090.88,362.88,'closed',3,1,1,1,'65295943817331','2015-07-26','',1,NULL,NULL,NULL,NULL,NULL,NULL),(101,'2015-07-16','09:07:00',1437080652,122,'',2592,3136.32,544.32,'closed',3,1,1,1,'65295943867420','2015-07-26','',1,NULL,NULL,NULL,NULL,NULL,NULL),(102,'2015-07-16','21:38:00',1437082724,0,'',0,0,0,'draft',0,0,1,1,'','0000-00-00','',1,NULL,NULL,NULL,NULL,NULL,NULL),(103,'2015-07-16','10:12:00',1437084611,123,'',1728,2090.88,362.88,'closed',3,1,1,1,'65295944968000','2015-07-26','',1,NULL,NULL,NULL,NULL,NULL,NULL),(104,'2015-07-16','22:53:00',1437087214,0,'',0,0,0,'draft',5,0,1,1,'','0000-00-00','',1,NULL,NULL,NULL,NULL,NULL,NULL),(105,'2015-07-16','11:14:00',1437088356,124,'',930,1125.3,195.3,'closed',5,1,1,1,'65295945399321','2015-07-26','',1,NULL,NULL,NULL,NULL,NULL,NULL),(106,'2015-07-17','12:55:00',1437137277,125,'',9300,11253,1953,'closed',5,1,1,1,'65295948189589','2015-07-27','',1,NULL,NULL,NULL,NULL,NULL,NULL),(107,'2015-07-17','13:00:00',1437138027,0,'',0,0,0,'draft',0,0,1,1,'','0000-00-00','',1,NULL,NULL,NULL,NULL,NULL,NULL),(108,'2015-07-17','13:01:00',1437138086,0,'',0,0,0,'draft',0,0,1,1,'','0000-00-00','',1,NULL,NULL,NULL,NULL,NULL,NULL),(109,'2015-07-17','13:02:00',1437138165,0,'',0,0,0,'draft',0,0,1,1,'','0000-00-00','',1,NULL,NULL,NULL,NULL,NULL,NULL),(110,'2015-07-17','13:05:00',1437138352,0,'',0,0,0,'draft',6,0,1,1,'','0000-00-00','',1,NULL,NULL,NULL,NULL,NULL,NULL),(111,'2015-07-17','01:11:00',1437138634,8,'',460.33,557,96.67,'closed',6,1,1,2,'65295948513158','2015-07-27','',1,NULL,NULL,NULL,NULL,NULL,NULL),(112,'2015-07-17','13:12:00',1437138743,0,'',0,0,0,'draft',0,0,1,1,'','0000-00-00','',1,NULL,NULL,NULL,NULL,NULL,NULL),(113,'2015-07-17','01:14:00',1437138754,9,'',3744.61,4530.98,786.37,'closed',6,1,1,2,'65295948564099','2015-07-27','',1,NULL,NULL,NULL,NULL,NULL,NULL),(114,'2015-07-17','01:44:00',1437140525,127,'',327.93,396.8,68.87,'closed',2,1,1,1,'65295949071702','2015-07-27','',1,NULL,NULL,NULL,NULL,NULL,NULL),(115,'2015-07-17','15:06:00',1437145614,0,'',0,0,0,'draft',0,0,1,1,'','0000-00-00','',1,NULL,NULL,NULL,NULL,NULL,NULL),(116,'2015-07-17','04:04:00',1437148876,2,'',1728,2090.88,362.88,'closed',3,1,1,4,'65295951505184','2015-07-27','',1,NULL,NULL,NULL,NULL,NULL,NULL),(117,'2015-07-17','18:21:00',1437157296,0,'',0,0,0,'draft',0,0,1,1,'','0000-00-00','',1,NULL,NULL,NULL,NULL,NULL,NULL),(118,'2015-07-17','19:07:00',1437160046,0,'',0,0,0,'draft',0,0,1,1,'','0000-00-00','',1,NULL,NULL,NULL,NULL,NULL,NULL),(119,'2015-07-17','07:23:00',1437160050,3,'',19244.8,23286.21,4041.41,'closed',4,1,1,4,'65295954680706','2015-07-27','',1,NULL,NULL,NULL,NULL,NULL,NULL),(120,'2015-07-17','19:24:00',1437161041,0,'',0,0,0,'draft',0,0,1,1,'','0000-00-00','',1,NULL,NULL,NULL,NULL,NULL,NULL),(121,'2015-07-17','08:33:00',1437163112,128,'',79325.63,95984.02,16658.39,'closed',4,1,1,1,'65295955830413','2015-07-27','',1,NULL,NULL,NULL,NULL,NULL,NULL),(122,'2015-07-17','19:59:00',1437163178,0,'',0,0,0,'draft',0,0,1,1,'','0000-00-00','',1,NULL,NULL,NULL,NULL,NULL,NULL),(123,'2015-07-17','20:09:00',1437163752,0,'',0,0,0,'draft',0,0,1,1,'','0000-00-00','',1,NULL,NULL,NULL,NULL,NULL,NULL),(124,'2015-07-17','20:14:00',1437164053,0,'',0,0,0,'draft',0,0,1,1,'','0000-00-00','',1,NULL,NULL,NULL,NULL,NULL,NULL),(125,'2015-07-17','20:16:00',1437164190,0,'',0,0,0,'draft',0,0,1,7,'','0000-00-00','',1,NULL,NULL,NULL,NULL,NULL,NULL),(126,'2015-07-20','13:07:00',1437397631,0,'',0,0,0,'draft',0,0,1,1,'','0000-00-00','',1,NULL,NULL,NULL,NULL,NULL,NULL),(127,'2015-07-20','13:14:00',1437398096,0,'',0,0,0,'draft',7,0,1,1,'','0000-00-00','',1,NULL,NULL,NULL,NULL,NULL,NULL),(128,'2015-07-20','02:41:00',1437400861,10,'',247877.68,299932,52054.32,'closed',7,1,1,2,'65295969613606','2015-07-30','ORDEN DE COMPRA 24/15 EJERCICIO 2015',1,NULL,NULL,NULL,NULL,NULL,NULL),(129,'2015-07-20','18:35:00',1437417356,0,'',0,0,0,'draft',0,0,1,1,'','0000-00-00','',1,NULL,NULL,NULL,NULL,NULL,NULL),(130,'2015-07-20','19:30:00',1437420632,0,'',0,0,0,'draft',0,0,1,1,'','0000-00-00','',1,NULL,NULL,NULL,NULL,NULL,NULL),(131,'2015-07-20','19:35:00',1437420916,0,'',0,0,0,'draft',0,0,1,1,'','0000-00-00','',1,NULL,NULL,NULL,NULL,NULL,NULL),(132,'2015-07-20','19:36:00',1437421009,0,'',0,0,0,'draft',0,0,1,1,'','0000-00-00','',1,NULL,NULL,NULL,NULL,NULL,NULL),(133,'2015-07-20','20:47:00',1437425235,0,'',0,0,0,'draft',0,0,1,1,'','0000-00-00','',1,NULL,NULL,NULL,NULL,NULL,NULL),(134,'2015-07-20','20:49:00',1437425353,0,'',0,0,0,'draft',0,0,1,2,'','0000-00-00','',1,NULL,NULL,NULL,NULL,NULL,NULL),(135,'2015-07-20','21:30:00',1437427839,0,'',0,0,0,'draft',0,0,1,1,'','0000-00-00','',1,NULL,NULL,NULL,NULL,NULL,NULL),(136,'2015-07-20','09:35:00',1437428108,11,'',2893,3500.53,607.53,'closed',11,1,1,2,'65295977272080','2015-07-30','',1,NULL,NULL,NULL,NULL,NULL,NULL),(137,'2015-07-20','21:44:00',1437428675,0,'',0,0,0,'draft',0,0,1,1,'','0000-00-00','',1,NULL,NULL,NULL,NULL,NULL,NULL),(138,'2015-07-20','21:55:00',1437429326,0,'',0,0,0,'draft',0,0,1,1,'','0000-00-00','',1,NULL,NULL,NULL,NULL,NULL,NULL),(139,'2015-07-20','22:15:00',1437430517,0,'',0,0,0,'draft',0,0,1,1,'','0000-00-00','',1,NULL,NULL,NULL,NULL,NULL,NULL),(140,'2015-07-21','15:40:00',1437493232,0,'',0,0,0,'draft',0,0,1,1,'','0000-00-00','',1,NULL,NULL,NULL,NULL,NULL,NULL),(141,'2015-07-21','15:44:00',1437493478,0,'',0,0,0,'draft',0,0,1,1,'','0000-00-00','',1,NULL,NULL,NULL,NULL,NULL,NULL),(142,'2015-07-21','15:47:00',1437493663,0,'',0,0,0,'draft',0,0,1,1,'','0000-00-00','',1,NULL,NULL,NULL,NULL,NULL,NULL),(143,'2015-07-21','21:10:00',1437513012,0,'',0,0,0,'draft',0,0,1,1,'','0000-00-00','',1,NULL,NULL,NULL,NULL,NULL,NULL),(144,'2015-07-21','09:56:00',1437515607,3,'',460.33,557,96.67,'closed',6,1,1,6,'65295990268133','2015-07-31','',1,NULL,NULL,NULL,NULL,NULL,NULL),(145,'2015-07-21','21:57:00',1437515847,0,'',0,0,0,'draft',0,0,1,1,'','0000-00-00','',1,NULL,NULL,NULL,NULL,NULL,NULL),(146,'2015-07-22','13:01:00',1437570088,0,'',0,0,0,'draft',0,0,1,1,'','0000-00-00','',1,NULL,NULL,NULL,NULL,NULL,NULL),(147,'2015-07-22','13:02:00',1437570124,0,'',0,0,0,'draft',0,0,1,1,'','0000-00-00','',1,NULL,NULL,NULL,NULL,NULL,NULL),(148,'2015-07-22','13:02:00',1437570145,0,'',0,0,0,'draft',0,0,1,1,'','0000-00-00','',1,NULL,NULL,NULL,NULL,NULL,NULL),(149,'2015-07-22','13:11:00',1437570688,0,'',0,0,0,'draft',0,0,1,1,'','0000-00-00','',1,NULL,NULL,NULL,NULL,NULL,NULL),(150,'2015-07-22','02:35:00',1437570736,130,'',62400,75504,13104,'closed',10,1,1,1,'65295999324714','2015-08-01','',1,NULL,NULL,NULL,NULL,NULL,NULL),(151,'2015-07-22','13:38:00',1437572285,0,'',0,0,0,'draft',0,0,1,1,'','0000-00-00','',1,NULL,NULL,NULL,NULL,NULL,NULL),(152,'2015-07-22','01:42:00',1437572474,129,'',2020,2444.2,424.2,'closed',12,1,1,1,'65295998354754','2015-08-01','',1,NULL,NULL,NULL,NULL,NULL,NULL),(153,'2015-07-22','03:11:00',1437575980,4,'',62400,75504,13104,'closed',10,1,1,4,'65295000857122','2015-08-01','CORRESPONDE FACTURA Nº 130',1,NULL,NULL,NULL,NULL,NULL,NULL),(154,'2015-07-22','03:02:00',1437576728,12,'',62400,75504,13104,'closed',10,1,1,2,'65295000187012','2015-08-01','',1,NULL,NULL,NULL,NULL,NULL,NULL),(155,'2015-07-22','15:16:00',1437578181,0,'',0,0,0,'draft',0,0,1,1,'','0000-00-00','',1,NULL,NULL,NULL,NULL,NULL,NULL),(156,'2015-07-22','03:24:00',1437578526,131,'',8082.88,9780.28,1697.4,'closed',13,1,1,1,'65295001705352','2015-08-01','',1,NULL,NULL,NULL,NULL,NULL,NULL),(157,'2015-07-22','15:39:00',1437579543,0,'',0,0,0,'draft',0,0,1,1,'','0000-00-00','',1,NULL,NULL,NULL,NULL,NULL,NULL),(158,'2015-07-22','15:39:00',1437579557,0,'',0,0,0,'draft',0,0,1,1,'','0000-00-00','',1,NULL,NULL,NULL,NULL,NULL,NULL),(159,'2015-07-22','04:30:00',1437579690,132,'',8487.03,10269.3,1782.27,'closed',14,1,1,1,'65295004722586','2015-08-01','',1,NULL,NULL,NULL,NULL,NULL,NULL),(160,'2015-07-22','15:41:00',1437579702,0,'',0,0,0,'draft',0,0,1,1,'','0000-00-00','',1,NULL,NULL,NULL,NULL,NULL,NULL),(161,'2015-07-22','15:48:00',1437580081,0,'',0,0,0,'draft',0,0,1,1,'','0000-00-00','',1,NULL,NULL,NULL,NULL,NULL,NULL),(162,'2015-07-22','19:07:00',1437592071,0,'',0,0,0,'draft',0,0,1,1,'','0000-00-00','',1,NULL,NULL,NULL,NULL,NULL,NULL),(163,'2015-07-22','19:10:00',1437592238,0,'',0,0,0,'draft',0,0,1,1,'','0000-00-00','',1,NULL,NULL,NULL,NULL,NULL,NULL),(164,'2015-07-22','19:33:00',1437593607,0,'',0,0,0,'draft',0,0,1,1,'','0000-00-00','',1,NULL,NULL,NULL,NULL,NULL,NULL),(165,'2015-07-22','19:37:00',1437593839,0,'',0,0,0,'draft',0,0,1,1,'','0000-00-00','',1,NULL,NULL,NULL,NULL,NULL,NULL),(166,'2015-07-22','07:42:00',1437593906,133,'',603.3,729.99,126.69,'closed',9,1,1,1,'65295010141640','2015-08-01','',1,NULL,NULL,NULL,NULL,NULL,NULL),(167,'2015-07-22','19:49:00',1437594562,0,'',0,0,0,'draft',0,0,1,1,'','0000-00-00','',1,NULL,NULL,NULL,NULL,NULL,NULL),(168,'2015-07-22','19:53:00',1437594821,0,'',0,0,0,'draft',0,0,1,1,'','0000-00-00','',1,NULL,NULL,NULL,NULL,NULL,NULL),(169,'2015-07-22','08:03:00',1437595011,134,'',41839.2,50625.43,8786.23,'closed',16,1,1,1,'65295011193562','2015-08-01','',1,NULL,NULL,NULL,NULL,NULL,NULL),(170,'2015-07-22','08:06:00',1437595504,135,'',2492.88,3016.38,523.5,'closed',16,1,1,1,'65295011323382','2015-08-01','',1,NULL,NULL,NULL,NULL,NULL,NULL),(171,'2015-07-22','08:34:00',1437595965,0,'',0,0,0,'draft',0,0,1,1,'','0000-00-00','',1,NULL,NULL,NULL,NULL,NULL,NULL),(172,'2015-07-22','08:38:00',1437597403,136,'',67800,82038,14238,'closed',16,1,1,1,'65295012464799','2015-08-01','',1,NULL,NULL,NULL,NULL,NULL,NULL),(173,'2015-07-22','09:20:00',1437598003,137,'',1870,2262.7,392.7,'closed',9,1,1,1,'65295013203409','2015-08-01','',1,NULL,NULL,NULL,NULL,NULL,NULL),(174,'2015-07-22','22:15:00',1437603307,0,'',0,0,0,'draft',0,0,1,1,'','0000-00-00','',1,NULL,NULL,NULL,NULL,NULL,NULL),(175,'2015-07-22','10:35:00',1437604397,138,'',4716,5706.36,990.36,'closed',17,1,1,1,'65295014221129','2015-08-01','',1,NULL,NULL,NULL,NULL,NULL,NULL),(176,'2015-07-23','12:55:00',1437652589,13,'',36229.1,43837.21,7608.11,'closed',18,1,1,2,'65305018697275','2015-08-02','',1,NULL,NULL,NULL,NULL,NULL,NULL),(177,'2015-07-23','01:04:00',1437656646,139,'',800,968,168,'closed',9,1,1,1,'65305018849433','2015-08-02','',1,NULL,NULL,NULL,NULL,NULL,NULL),(178,'2015-07-23','13:10:00',1437657022,0,'',0,0,0,'draft',0,0,1,1,'','0000-00-00','',1,NULL,NULL,NULL,NULL,NULL,NULL),(179,'2015-07-23','02:04:00',1437658271,140,'',9634,11657.14,2023.14,'closed',19,1,1,1,'65305019946111','2015-08-02','',1,NULL,NULL,NULL,NULL,NULL,NULL),(180,'2015-07-23','14:00:00',1437660015,0,'',0,0,0,'draft',0,0,1,1,'','0000-00-00','',1,NULL,NULL,NULL,NULL,NULL,NULL),(181,'2015-07-23','15:06:00',1437663977,0,'',0,0,0,'draft',20,0,1,2,'','0000-00-00','',1,NULL,NULL,NULL,NULL,NULL,NULL),(182,'2015-07-23','03:22:00',1437664030,0,'',0,0,0,'draft',0,0,1,2,'','0000-00-00','',1,NULL,NULL,NULL,NULL,NULL,NULL),(183,'2015-07-23','19:05:00',1437678333,0,'',0,0,0,'draft',0,0,1,1,'','0000-00-00','',1,NULL,NULL,NULL,NULL,NULL,NULL),(184,'2015-07-23','19:15:00',1437678910,0,'',0,0,0,'draft',0,0,1,1,'','0000-00-00','',1,NULL,NULL,NULL,NULL,NULL,NULL),(185,'2015-07-23','19:22:00',1437679334,0,'',0,0,0,'draft',0,0,1,2,'','0000-00-00','',1,NULL,NULL,NULL,NULL,NULL,NULL),(186,'2015-07-23','07:27:00',1437679494,141,'',740,895.4,155.4,'closed',21,1,1,1,'65305026537422','2015-08-02','',1,NULL,NULL,NULL,NULL,NULL,NULL),(187,'2015-07-24','14:38:00',1437748731,0,'',0,0,0,'draft',0,0,1,1,'','0000-00-00','',1,NULL,NULL,NULL,NULL,NULL,NULL),(188,'2015-07-24','03:24:00',1437748790,14,'',3983.47,4820,836.53,'closed',20,1,1,2,'65305036097580','2015-08-03','',1,NULL,NULL,NULL,NULL,NULL,NULL),(189,'2015-07-24','06:36:00',1437762857,142,'',4111.02,4974.33,863.31,'closed',22,1,1,1,'65305040786270','2015-08-03','',1,NULL,NULL,NULL,NULL,NULL,NULL),(190,'2015-07-24','07:23:00',1437764052,143,'',3758.66,4547.98,789.32,'closed',23,1,1,1,'65305041644084','2015-08-03','',1,NULL,NULL,NULL,NULL,NULL,NULL),(191,'2015-07-24','07:42:00',1437766301,144,'',6753.71,8171.99,1418.28,'closed',23,1,1,1,'65305042025716','2015-08-03','',1,NULL,NULL,NULL,NULL,NULL,NULL),(193,'2015-07-27','15:35:00',1438011346,0,'',0,0,0,'draft',0,0,1,1,'','0000-00-00','',1,NULL,NULL,NULL,NULL,NULL,NULL),(194,'2015-07-27','15:35:00',1438011354,0,'',0,0,0,'draft',0,0,1,1,'','0000-00-00','',1,NULL,NULL,NULL,NULL,NULL,NULL),(195,'2015-07-27','15:37:00',1438011429,0,'',0,0,0,'draft',0,0,1,1,'','0000-00-00','',1,NULL,NULL,NULL,NULL,NULL,NULL),(196,'2015-07-27','03:39:00',1438011497,145,'',600,726,126,'closed',24,1,1,1,'65305059711930','2015-08-06','',1,NULL,NULL,NULL,NULL,NULL,NULL),(197,'2015-07-27','04:02:00',1438012541,146,'',4130,4997.3,867.3,'closed',25,1,1,1,'65305060029996','2015-08-06','',1,NULL,NULL,NULL,NULL,NULL,NULL),(198,'2015-07-27','21:16:00',1438031815,0,'',0,0,0,'draft',0,0,1,1,'','0000-00-00','',1,NULL,NULL,NULL,NULL,NULL,NULL),(199,'2015-07-27','21:30:00',1438032643,0,'',0,0,0,'draft',0,0,1,1,'','0000-00-00','',1,NULL,NULL,NULL,NULL,NULL,NULL),(200,'2015-07-27','21:30:00',1438032646,0,'',0,0,0,'draft',0,0,1,1,'','0000-00-00','',1,NULL,NULL,NULL,NULL,NULL,NULL),(201,'2015-07-28','12:06:00',1438085065,0,'',0,0,0,'draft',0,0,1,2,'','0000-00-00','',1,NULL,NULL,NULL,NULL,NULL,NULL),(202,'2015-07-28','12:10:00',1438085331,15,'',29504.13,35700,6195.87,'closed',1,1,1,2,'65305073292921','2015-08-07','',1,NULL,NULL,NULL,NULL,NULL,NULL),(203,'2015-07-28','12:23:00',1438086206,0,'',0,0,0,'draft',0,0,1,1,'','0000-00-00','',1,NULL,NULL,NULL,NULL,NULL,NULL),(204,'2015-07-28','01:56:00',1438091694,147,'',7479.33,9049.99,1570.66,'closed',26,1,1,1,'65305076162842','2015-08-07','',1,NULL,NULL,NULL,NULL,NULL,NULL),(205,'2015-07-28','08:36:00',1438115683,148,'',3886,4702.06,816.06,'closed',27,1,1,1,'65305084424744','2015-08-07','',1,NULL,NULL,NULL,NULL,NULL,NULL),(206,'2015-07-29','18:38:00',1438195083,0,'',0,0,0,'draft',0,0,1,1,'','0000-00-00','',1,NULL,NULL,NULL,NULL,NULL,NULL),(207,'2015-07-29','18:39:00',1438195154,0,'',0,0,0,'draft',0,0,1,1,'','0000-00-00','',1,NULL,NULL,NULL,NULL,NULL,NULL),(208,'2015-07-29','07:16:00',1438197322,149,'',2552,3087.92,535.92,'closed',28,1,1,1,'65305097395687','2015-08-08','',1,NULL,NULL,NULL,NULL,NULL,NULL),(209,'2015-07-30','02:02:00',1438264782,16,'',2066.12,2500,433.88,'closed',29,1,1,2,'65315106337904','2015-08-09','',1,NULL,NULL,NULL,NULL,NULL,NULL),(210,'2015-07-30','21:37:00',1438292229,0,'',0,0,0,'draft',0,0,1,1,'','0000-00-00','',1,NULL,NULL,NULL,NULL,NULL,NULL),(211,'2015-08-03','13:20:00',1438608030,0,'',0,0,0,'draft',0,0,1,1,'','0000-00-00','',1,NULL,NULL,NULL,NULL,NULL,NULL),(212,'2015-08-03','13:53:00',1438609994,0,'',0,0,0,'draft',0,0,1,1,'','0000-00-00','',1,NULL,NULL,NULL,NULL,NULL,NULL),(213,'2015-08-03','02:00:00',1438610046,150,'',154006,186347.26,32341.26,'closed',17,1,1,1,'65315147060079','2015-08-13','',1,NULL,NULL,NULL,NULL,NULL,NULL),(214,'2015-08-03','02:02:00',1438610494,151,'',4495,5438.95,943.95,'closed',17,1,1,1,'65315147108801','2015-08-13','',1,NULL,NULL,NULL,NULL,NULL,NULL),(216,'2015-08-03','02:39:00',1438611774,152,'',75780,91693.8,15913.8,'closed',17,1,1,1,'65315147171295','2015-08-13','',1,NULL,NULL,NULL,NULL,NULL,NULL),(217,'2015-08-03','03:39:00',1438616172,153,'',1192.2,1442.56,250.36,'closed',17,1,1,1,'65315148849061','2015-08-13','',1,NULL,NULL,NULL,NULL,NULL,NULL),(218,'2015-08-03','15:46:00',1438616792,0,'',0,0,0,'draft',0,0,1,1,'','0000-00-00','',1,NULL,NULL,NULL,NULL,NULL,NULL),(219,'2015-08-03','03:58:00',1438617410,154,'',25780,31193.8,5413.8,'closed',30,1,1,1,'65315149299170','2015-08-13','',1,NULL,NULL,NULL,NULL,NULL,NULL),(220,'2015-08-03','18:13:00',1438625601,0,'',0,0,0,'draft',0,0,1,1,'','0000-00-00','',1,NULL,NULL,NULL,NULL,NULL,NULL),(221,'2015-08-03','06:20:00',1438625795,155,'',2340,2831.4,491.4,'closed',31,1,1,1,'65315153261839','2015-08-13','',1,NULL,NULL,NULL,NULL,NULL,NULL),(222,'2015-08-03','18:22:00',1438626125,0,'',0,0,0,'draft',0,0,1,1,'','0000-00-00','',1,NULL,NULL,NULL,NULL,NULL,NULL),(223,'2015-08-03','06:24:00',1438626224,156,'',2340,2831.4,491.4,'closed',31,1,1,1,'65315153403837','2015-08-13','',1,NULL,NULL,NULL,NULL,NULL,NULL),(224,'2015-08-03','06:43:00',1438627369,157,'',2190,2649.9,459.9,'closed',32,1,1,1,'65315153865319','2015-08-13','',1,NULL,NULL,NULL,NULL,NULL,NULL),(225,'2015-08-03','08:14:00',1438632817,158,'',4260,5154.6,894.6,'closed',33,1,1,1,'65315156447637','2015-08-13','',1,NULL,NULL,NULL,NULL,NULL,NULL),(226,'2015-08-03','20:21:00',1438633287,0,'',0,0,0,'draft',0,0,1,1,'','0000-00-00','',1,NULL,NULL,NULL,NULL,NULL,NULL),(227,'2015-08-03','08:30:00',1438633779,17,'',570,689.7,119.7,'closed',34,1,1,2,'65315156872854','2015-08-13','',1,NULL,NULL,NULL,NULL,NULL,NULL),(228,'2015-08-03','20:38:00',1438634314,0,'',0,0,0,'draft',0,0,1,1,'','0000-00-00','',1,NULL,NULL,NULL,NULL,NULL,NULL),(229,'2015-08-03','08:46:00',1438634740,159,'',114856,138975.76,24119.76,'closed',35,1,1,1,'65315157365067','2015-08-13','',1,NULL,NULL,NULL,NULL,NULL,NULL),(230,'2015-08-03','09:19:00',1438636056,160,'',15512.58,18770.22,3257.64,'closed',22,1,1,1,'65315158019493','2015-08-13','',1,NULL,NULL,NULL,NULL,NULL,NULL),(231,'2015-08-03','10:14:00',1438639976,161,'',5700,6897,1197,'closed',34,1,1,1,'65315158882207','2015-08-13','',1,NULL,NULL,NULL,NULL,NULL,NULL),(232,'2015-08-03','10:20:00',1438640215,4,'',5700,6897,1197,'closed',34,1,1,6,'65315159039288','2015-08-13','',1,NULL,NULL,NULL,NULL,NULL,NULL),(233,'2015-08-03','10:30:00',1438640949,5,'',570,689.7,119.7,'closed',34,1,1,6,'65315159314597','2015-08-13','',1,NULL,NULL,NULL,NULL,NULL,NULL),(234,'2015-08-03','22:40:00',1438641659,0,'',0,0,0,'draft',0,0,1,4,'','0000-00-00','',1,NULL,NULL,NULL,NULL,NULL,NULL),(235,'2015-08-03','22:43:00',1438641780,0,'',0,0,0,'draft',0,0,1,1,'','0000-00-00','',1,NULL,NULL,NULL,NULL,NULL,NULL),(236,'2015-08-03','10:47:00',1438641891,5,'',2340,2831.4,491.4,'closed',31,1,1,4,'65315159591092','2015-08-13','',1,NULL,NULL,NULL,NULL,NULL,NULL),(237,'2015-08-04','01:42:00',1438652557,0,'',0,0,0,'draft',34,0,1,2,'','0000-00-00','',1,NULL,NULL,NULL,NULL,NULL,NULL),(238,'2015-08-04','01:54:00',1438653248,0,'',0,0,0,'draft',0,0,1,1,'','0000-00-00','',1,NULL,NULL,NULL,NULL,NULL,NULL),(239,'2015-08-04','02:34:00',1438655666,0,'',0,0,0,'draft',35,0,1,1,'','0000-00-00','',1,NULL,NULL,NULL,NULL,NULL,NULL),(240,'2015-08-04','02:51:00',1438656695,0,'',0,0,0,'draft',32,0,1,1,'','0000-00-00','',1,NULL,NULL,NULL,NULL,NULL,NULL),(241,'2015-08-04','02:55:00',1438656920,0,'',0,0,0,'draft',0,0,1,1,'','0000-00-00','',1,NULL,NULL,NULL,NULL,NULL,NULL),(242,'2015-08-04','02:56:00',1438657000,0,'',0,0,0,'draft',0,0,1,1,'','0000-00-00','',1,NULL,NULL,NULL,NULL,NULL,NULL),(243,'2015-08-04','02:57:00',1438657047,0,'',0,0,0,'draft',0,0,1,1,'','0000-00-00','',1,NULL,NULL,NULL,NULL,NULL,NULL),(244,'2015-08-04','11:48:00',1438688895,0,'',0,0,0,'draft',0,0,1,1,'','0000-00-00','',1,NULL,NULL,NULL,NULL,NULL,NULL),(245,'2015-08-04','11:48:00',1438688900,0,'',0,0,0,'draft',0,0,1,1,'','0000-00-00','',1,NULL,NULL,NULL,NULL,NULL,NULL),(246,'2015-08-04','12:38:00',1438691934,0,'',0,0,0,'draft',1,0,1,2,'','0000-00-00','',1,NULL,NULL,NULL,NULL,NULL,NULL),(247,'2015-08-04','12:39:00',1438691983,0,'',0,0,0,'draft',32,0,1,1,'','0000-00-00','',1,NULL,NULL,NULL,NULL,NULL,NULL),(248,'2015-08-04','12:48:00',1438692339,1,'',5700,6897,1197,'closed',34,1,1,5,'65315163353733','2015-08-14','NOTA DE DÉBITO POR CANCELACIÓN DE NOTA DE CRÉDITO Nº 4',1,NULL,NULL,NULL,NULL,NULL,NULL),(249,'2015-08-04','12:59:00',1438693169,0,'',0,0,0,'draft',34,0,1,1,'','0000-00-00','',1,NULL,NULL,NULL,NULL,NULL,NULL),(250,'2015-08-04','01:35:00',1438695217,6,'',2340,2831.4,491.4,'closed',31,1,1,4,'65315164435541','2015-08-14','NOTA CRÉDITO POR FACTURA Nº 155',1,NULL,NULL,NULL,NULL,NULL,NULL),(251,'2015-08-04','14:38:00',1438699085,0,'',0,0,0,'draft',0,0,1,1,'','0000-00-00','',1,NULL,NULL,NULL,NULL,NULL,NULL),(252,'2015-08-04','03:45:00',1438702994,162,'',8300,10043,1743,'closed',36,1,1,1,'65315167847961','2015-08-14','',1,NULL,NULL,NULL,NULL,NULL,NULL),(253,'2015-08-04','03:50:00',1438703328,163,'',76190,92189.9,15999.9,'closed',37,1,1,1,'65315167935146','2015-08-14','',1,NULL,NULL,NULL,NULL,NULL,NULL),(254,'2015-08-04','19:18:00',1438715891,0,'',0,0,0,'draft',0,0,1,1,'','0000-00-00','',1,NULL,NULL,NULL,NULL,NULL,NULL),(255,'2015-08-04','07:28:00',1438716409,164,'',28810,34860.1,6050.1,'closed',4,1,1,1,'65315172991069','2015-08-14','',1,NULL,NULL,NULL,NULL,NULL,NULL),(257,'2015-08-04','07:36:00',1438716924,165,'',15660,18948.6,3288.6,'closed',16,1,1,1,'65315173132648','2015-08-14','',1,NULL,NULL,NULL,NULL,NULL,NULL),(258,'2015-08-04','08:09:00',1438718825,166,'',24450.61,29585.24,5134.63,'closed',38,1,1,1,'65315173865039','2015-08-14','',1,NULL,NULL,NULL,NULL,NULL,NULL),(259,'2015-08-04','20:16:00',1438719417,0,'',0,0,0,'draft',0,0,1,1,'','0000-00-00','',1,NULL,NULL,NULL,NULL,NULL,NULL),(260,'2015-08-04','08:24:00',1438719717,167,'',4468,5406.28,938.28,'closed',39,1,1,1,'65315174172413','2015-08-14','',1,NULL,NULL,NULL,NULL,NULL,NULL),(261,'2015-08-04','08:54:00',1438720789,168,'',18738.9,22674.07,3935.17,'closed',16,1,1,1,'65315174747005','2015-08-14','',1,NULL,NULL,NULL,NULL,NULL,NULL),(262,'2015-08-04','08:57:00',1438721718,169,'',16987.68,20555.09,3567.41,'closed',16,1,1,1,'65315174781687','2015-08-14','',1,NULL,NULL,NULL,NULL,NULL,NULL),(263,'2015-08-04','09:11:00',1438722574,170,'',5621,6801.41,1180.41,'closed',40,1,1,1,'65315174989956','2015-08-14','',1,NULL,NULL,NULL,NULL,NULL,NULL),(264,'2015-08-04','09:18:00',1438722888,171,'',10488,12690.48,2202.48,'closed',41,1,1,1,'65315175090770','2015-08-14','',1,NULL,NULL,NULL,NULL,NULL,NULL),(265,'2015-08-04','21:16:00',1438722960,0,'',0,0,0,'draft',0,0,1,1,'','0000-00-00','',1,NULL,NULL,NULL,NULL,NULL,NULL),(266,'2015-08-04','09:24:00',1438723234,172,'',16780,20303.8,3523.8,'closed',42,1,1,1,'65315175177676','2015-08-14','Pedido de compras Nº 4500342794',1,NULL,NULL,NULL,NULL,NULL,NULL),(267,'2015-08-04','21:28:00',1438723708,0,'',0,0,0,'draft',0,0,1,1,'','0000-00-00','',1,NULL,NULL,NULL,NULL,NULL,NULL),(268,'2015-08-04','21:30:00',1438723803,0,'',0,0,0,'draft',0,0,1,1,'','0000-00-00','',1,NULL,NULL,NULL,NULL,NULL,NULL),(269,'2015-08-04','09:31:00',1438723808,173,'',10488,12690.48,2202.48,'closed',43,1,1,1,'65315175261962','2015-08-14','',1,NULL,NULL,NULL,NULL,NULL,NULL),(270,'2015-08-05','12:51:00',1438779097,0,'',0,0,0,'draft',0,0,1,1,'','0000-00-00','',1,NULL,NULL,NULL,NULL,NULL,NULL),(271,'2015-08-05','03:34:00',1438788705,174,'',3840.4,4646.88,806.48,'closed',16,1,1,1,'65315184898642','2015-08-15','',1,NULL,NULL,NULL,NULL,NULL,NULL),(272,'2015-08-05','04:02:00',1438790310,175,'',12720,15391.2,2671.2,'closed',44,1,1,1,'65315185446402','2015-08-15','',1,NULL,NULL,NULL,NULL,NULL,NULL),(273,'2015-08-05','19:23:00',1438802594,0,'',0,0,0,'draft',0,0,1,1,'','0000-00-00','',1,NULL,NULL,NULL,NULL,NULL,NULL),(274,'2015-08-05','07:36:00',1438802787,176,'',148986,180273.06,31287.06,'closed',45,1,1,1,'65315192774059','2015-08-15','ORDEN DE COMPRA Nº 4507917917',1,NULL,NULL,NULL,NULL,NULL,NULL),(275,'2015-08-05','19:34:00',1438803292,0,'',0,0,0,'draft',0,0,1,1,'','0000-00-00','',1,NULL,NULL,NULL,NULL,NULL,NULL),(276,'2015-08-05','19:49:00',1438804165,0,'',0,0,0,'draft',0,0,1,1,'','0000-00-00','',1,NULL,NULL,NULL,NULL,NULL,NULL),(277,'2015-08-05','07:57:00',1438804453,177,'',3082.96,3730.38,647.42,'closed',46,1,1,1,'65315193550137','2015-08-15','',1,NULL,NULL,NULL,NULL,NULL,NULL),(278,'2015-08-05','09:42:00',1438810850,178,'',29055,35156.55,6101.55,'closed',47,1,1,1,'65315194965689','2015-08-15','',1,NULL,NULL,NULL,NULL,NULL,NULL),(279,'2015-08-05','21:54:00',1438811656,0,'',0,0,0,'draft',0,0,1,6,'','0000-00-00','',1,NULL,NULL,NULL,NULL,NULL,NULL),(280,'2015-08-06','12:49:00',1438865383,0,'',0,0,0,'draft',0,0,1,1,'','0000-00-00','',1,NULL,NULL,NULL,NULL,NULL,NULL),(281,'2015-08-06','12:56:00',1438865790,0,'',0,0,0,'draft',0,0,1,1,'','0000-00-00','',1,NULL,NULL,NULL,NULL,NULL,NULL),(282,'2015-08-06','01:29:00',1438867328,7,'',3080,3726.8,646.8,'closed',17,1,1,4,'65325200184089','2015-08-16','',1,NULL,NULL,NULL,NULL,NULL,NULL),(283,'2015-08-06','06:03:00',1438884114,0,'',0,0,0,'draft',0,1,1,2,'','0000-00-00','',1,NULL,NULL,NULL,NULL,NULL,NULL),(284,'2015-08-06','18:04:00',1438884270,0,'',0,0,0,'draft',0,0,1,2,'','0000-00-00','',1,NULL,NULL,NULL,NULL,NULL,NULL),(285,'2015-08-06','06:07:00',1438884394,18,'',585.12,708,122.88,'closed',48,1,1,2,'65325205041029','2015-08-16','',1,NULL,NULL,NULL,NULL,NULL,NULL),(286,'2015-08-06','19:32:00',1438889532,0,'',0,0,0,'draft',0,0,1,1,'','0000-00-00','',1,NULL,NULL,NULL,NULL,NULL,NULL),(288,'2015-08-06','07:48:00',1438890464,179,'',6062.16,7335.21,1273.05,'closed',49,1,1,1,'65325207708698','2015-08-16','',1,NULL,NULL,NULL,NULL,NULL,NULL),(289,'2015-08-06','19:50:00',1438890637,0,'',0,0,0,'draft',0,0,1,1,'','0000-00-00','',1,NULL,NULL,NULL,NULL,NULL,NULL),(290,'2015-08-06','07:53:00',1438890729,180,'',4283.92,5183.54,899.62,'closed',13,1,1,1,'65325207833929','2015-08-16','',1,NULL,NULL,NULL,NULL,NULL,NULL),(291,'2015-08-06','08:01:00',1438891192,181,'',4096.56,4956.84,860.28,'closed',50,1,1,1,'65325208092793','2015-08-16','',1,NULL,NULL,NULL,NULL,NULL,NULL),(292,'2015-08-06','08:09:00',1438891591,182,'',10608.78,12836.63,2227.85,'closed',14,1,1,1,'65325208245465','2015-08-16','',1,NULL,NULL,NULL,NULL,NULL,NULL),(293,'2015-08-07','15:46:00',1438973176,0,'',0,0,0,'draft',0,0,1,1,'','0000-00-00','',1,NULL,NULL,NULL,NULL,NULL,NULL),(294,'2015-08-07','15:46:00',1438973197,0,'',0,0,0,'draft',0,0,1,1,'','0000-00-00','',1,NULL,NULL,NULL,NULL,NULL,NULL),(295,'2015-08-07','15:46:00',1438973199,0,'',0,0,0,'draft',48,0,1,2,'','0000-00-00','',1,NULL,NULL,NULL,NULL,NULL,NULL),(296,'2015-08-07','03:48:00',1438973238,19,'',585.12,708,122.88,'closed',48,1,1,2,'65325221359331','2015-08-17','',1,NULL,NULL,NULL,NULL,NULL,NULL),(297,'2015-08-07','15:48:00',1438973337,0,'',0,0,0,'draft',0,0,1,1,'','0000-00-00','',1,NULL,NULL,NULL,NULL,NULL,NULL),(298,'2015-08-07','15:50:00',1438973402,0,'',0,0,0,'draft',0,0,1,1,'','0000-00-00','',1,NULL,NULL,NULL,NULL,NULL,NULL),(299,'2015-08-10','10:33:00',1439213612,0,'',0,0,0,'draft',0,0,1,1,'','0000-00-00','',1,NULL,NULL,NULL,NULL,NULL,NULL),(302,'2015-08-10','10:52:00',1439214713,183,'',2135,2583.35,448.35,'closed',51,1,1,1,'65325233960517','2015-08-20','',1,NULL,NULL,NULL,NULL,NULL,NULL),(303,'2015-08-10','10:56:00',1439214969,0,'',0,0,0,'draft',0,0,1,1,'','0000-00-00','',1,NULL,NULL,NULL,NULL,NULL,NULL),(304,'2015-08-10','10:58:00',1439214972,184,'',2135,2583.35,448.35,'closed',51,1,1,1,'65325234081020','2015-08-20','',1,NULL,NULL,NULL,NULL,NULL,NULL),(305,'2015-08-10','11:20:00',1439216136,185,'',2824.2,3417.28,593.08,'closed',46,1,1,1,'65325234482516','2015-08-20','Nº DE PEDIDO C40598-V10-R152',1,NULL,NULL,NULL,NULL,NULL,NULL),(306,'2015-08-10','03:55:00',1439232789,186,'',2693,3258.53,565.53,'closed',52,1,1,1,'65325239605624','2015-08-20','',1,NULL,NULL,NULL,NULL,NULL,NULL),(307,'2015-08-11','08:40:00',1439293132,187,'',3378.69,4088.21,709.52,'closed',46,1,1,1,'65325244774956','2015-08-21','',1,NULL,NULL,NULL,NULL,NULL,NULL),(308,'2015-08-11','08:41:00',1439293281,0,'',0,0,0,'draft',0,0,1,1,'','0000-00-00','',1,NULL,NULL,NULL,NULL,NULL,NULL),(309,'2015-08-11','08:43:00',1439293320,188,'',30262.4,36617.5,6355.1,'closed',46,1,1,1,'65325244798341','2015-08-21','',1,NULL,NULL,NULL,NULL,NULL,NULL),(310,'2015-08-11','08:43:00',1439293425,0,'',0,0,0,'draft',46,0,1,1,'','0000-00-00','',1,NULL,NULL,NULL,NULL,NULL,NULL),(311,'2015-08-11','08:49:00',1439293666,189,'',13514.76,16352.86,2838.1,'closed',46,1,1,1,'65325244867796','2015-08-21','',1,NULL,NULL,NULL,NULL,NULL,NULL),(312,'2015-08-11','08:52:00',1439293846,190,'',3391.26,4103.42,712.16,'closed',46,1,1,1,'65325244903864','2015-08-21','',1,NULL,NULL,NULL,NULL,NULL,NULL),(313,'2015-08-11','08:55:00',1439294039,191,'',1541.48,1865.19,323.71,'closed',46,1,1,1,'65325244940449','2015-08-21','',1,NULL,NULL,NULL,NULL,NULL,NULL),(314,'2015-08-11','08:57:00',1439294226,192,'',1541.48,1865.19,323.71,'closed',46,1,1,1,'65325244967557','2015-08-21','',1,NULL,NULL,NULL,NULL,NULL,NULL),(315,'2015-08-11','08:59:00',1439294333,193,'',5845.56,7073.13,1227.57,'closed',46,1,1,1,'65325244987317','2015-08-21','',1,NULL,NULL,NULL,NULL,NULL,NULL),(316,'2015-08-11','09:01:00',1439294442,194,'',1461.39,1768.28,306.89,'closed',46,1,1,1,'65325245011258','2015-08-21','',1,NULL,NULL,NULL,NULL,NULL,NULL),(317,'2015-08-11','09:06:00',1439294531,195,'',41297.74,49970.27,8672.53,'closed',46,1,1,1,'65325245074411','2015-08-21','',1,NULL,NULL,NULL,NULL,NULL,NULL),(318,'2015-08-11','09:11:00',1439294880,196,'',8028.56,9714.56,1686,'closed',46,1,1,1,'65325245132469','2015-08-21','',1,NULL,NULL,NULL,NULL,NULL,NULL),(319,'2015-08-11','09:34:00',1439296391,197,'',20347.56,24620.55,4272.99,'closed',46,1,1,1,'65325245468973','2015-08-21','',1,NULL,NULL,NULL,NULL,NULL,NULL),(320,'2015-08-11','09:36:00',1439296519,198,'',1695.63,2051.71,356.08,'closed',46,1,1,1,'65325245510414','2015-08-21','',1,NULL,NULL,NULL,NULL,NULL,NULL),(321,'2015-08-11','09:42:00',1439296773,199,'',10790.36,13056.34,2265.98,'closed',46,1,1,1,'65325245620820','2015-08-21','',1,NULL,NULL,NULL,NULL,NULL,NULL),(322,'2015-08-11','09:44:00',1439297042,200,'',1541.48,1865.19,323.71,'closed',46,1,1,1,'65325245654695','2015-08-21','',1,NULL,NULL,NULL,NULL,NULL,NULL),(323,'2015-08-11','09:46:00',1439297125,201,'',4384.17,5304.85,920.68,'closed',46,1,1,1,'65325245702310','2015-08-21','',1,NULL,NULL,NULL,NULL,NULL,NULL),(324,'2015-08-11','09:48:00',1439297255,202,'',4384.17,5304.85,920.68,'closed',46,1,1,1,'65325245769713','2015-08-21','',1,NULL,NULL,NULL,NULL,NULL,NULL),(325,'2015-08-11','09:50:00',1439297349,203,'',3378.69,4088.21,709.52,'closed',46,1,1,1,'65325245840980','2015-08-21','',1,NULL,NULL,NULL,NULL,NULL,NULL),(326,'2015-08-11','09:51:00',1439297442,204,'',1541.48,1865.19,323.71,'closed',46,1,1,1,'65325245864095','2015-08-21','',1,NULL,NULL,NULL,NULL,NULL,NULL),(327,'2015-08-11','09:53:00',1439297513,205,'',8544.06,10338.31,1794.25,'closed',46,1,1,1,'65325245898624','2015-08-21','',1,NULL,NULL,NULL,NULL,NULL,NULL),(328,'2015-08-11','10:08:00',1439297846,206,'',17141.13,20740.77,3599.64,'closed',46,1,1,1,'65325246167273','2015-08-21','',1,NULL,NULL,NULL,NULL,NULL,NULL),(329,'2015-08-11','10:10:00',1439298581,207,'',1541.48,1865.19,323.71,'closed',46,1,1,1,'65325246204431','2015-08-21','',1,NULL,NULL,NULL,NULL,NULL,NULL),(330,'2015-08-11','10:15:00',1439298691,208,'',8544.06,10338.31,1794.25,'closed',46,1,1,1,'65325246294828','2015-08-21','',1,NULL,NULL,NULL,NULL,NULL,NULL),(331,'2015-08-11','10:34:00',1439300084,0,'',0,0,0,'draft',0,0,1,1,'','0000-00-00','',1,NULL,NULL,NULL,NULL,NULL,NULL),(332,'2015-08-11','11:14:00',1439302369,209,'',793.39,960,166.61,'closed',4,1,1,1,'65325247827572','2015-08-21','',1,NULL,NULL,NULL,NULL,NULL,NULL),(333,'2015-08-11','11:14:00',1439302486,0,'',0,0,0,'draft',0,0,1,1,'','0000-00-00','',1,NULL,NULL,NULL,NULL,NULL,NULL),(334,'2015-08-11','12:39:00',1439307542,0,'',0,0,0,'draft',0,0,1,1,'','0000-00-00','',1,NULL,NULL,NULL,NULL,NULL,NULL),(335,'2015-08-11','12:39:00',1439307565,0,'',0,0,0,'draft',0,0,1,1,'','0000-00-00','',1,NULL,NULL,NULL,NULL,NULL,NULL),(336,'2015-08-11','12:40:00',1439307648,0,'',0,0,0,'draft',0,0,1,1,'','0000-00-00','',1,NULL,NULL,NULL,NULL,NULL,NULL),(337,'2015-08-11','12:42:00',1439307776,0,'',0,0,0,'draft',56,0,1,1,'','0000-00-00','',1,NULL,NULL,NULL,NULL,NULL,NULL),(338,'2015-08-11','12:44:00',1439307856,0,'',0,0,0,'draft',0,0,1,1,'','0000-00-00','',1,NULL,NULL,NULL,NULL,NULL,NULL),(339,'2015-08-11','12:50:00',1439307948,210,'',9320,11277.2,1957.2,'closed',56,1,1,1,'65325249802633','2015-08-21','',1,NULL,NULL,NULL,NULL,NULL,NULL),(340,'2015-08-11','18:24:00',1439328254,0,'',0,0,0,'draft',0,0,1,1,'','0000-00-00','',1,NULL,NULL,NULL,NULL,NULL,NULL),(341,'2015-08-12','10:09:00',1439384831,211,'',2635,3188.35,553.35,'closed',17,1,1,1,'65325259590200','2015-08-22','',1,NULL,NULL,NULL,NULL,NULL,NULL),(342,'2015-08-12','10:18:00',1439385066,212,'',19283.25,23332.73,4049.48,'closed',38,1,1,1,'65325259750142','2015-08-22','',1,NULL,NULL,NULL,NULL,NULL,NULL),(343,'2015-08-12','10:53:00',1439387525,213,'',6334,7664.14,1330.14,'closed',60,1,1,1,'65325260444371','2015-08-22','',1,NULL,NULL,NULL,NULL,NULL,NULL),(344,'2015-08-12','11:25:00',1439389325,214,'',2500,3025,525,'closed',61,1,1,1,'65325261041067','2015-08-22','',1,NULL,NULL,NULL,NULL,NULL,NULL),(345,'2015-08-12','12:28:00',1439393303,0,'',0,0,0,'draft',62,0,1,1,'','0000-00-00','',1,NULL,NULL,NULL,NULL,NULL,NULL),(346,'2015-08-12','12:53:00',1439394813,0,'',0,0,0,'draft',0,0,1,1,'','0000-00-00','',1,NULL,NULL,NULL,NULL,NULL,NULL),(347,'2015-08-12','15:43:00',1439405006,0,'',0,0,0,'draft',0,0,1,1,'','0000-00-00','',1,NULL,NULL,NULL,NULL,NULL,NULL),(348,'2015-08-12','15:48:00',1439405300,0,'',0,0,0,'draft',0,0,1,1,'','0000-00-00','',1,NULL,NULL,NULL,NULL,NULL,NULL),(349,'2015-08-12','15:48:00',1439405327,0,'',0,0,0,'draft',0,0,1,1,'','0000-00-00','',1,NULL,NULL,NULL,NULL,NULL,NULL),(350,'2015-08-12','05:53:00',1439412236,215,'',19780,23933.8,4153.8,'completed',62,1,1,1,'65325267971675','2015-08-22','PEDIDO DE COMPRA Nº 0001 - 000251',1,NULL,NULL,NULL,NULL,NULL,NULL),(351,'2015-08-13','09:30:00',1439469053,0,'',0,0,0,'draft',0,0,1,1,'','0000-00-00','',1,NULL,NULL,NULL,NULL,NULL,NULL),(352,'2015-08-13','09:48:00',1439470089,0,'',0,0,0,'draft',0,0,1,1,'','0000-00-00','',1,NULL,NULL,NULL,NULL,NULL,NULL),(353,'2015-08-13','11:41:00',1439476905,0,'',0,0,0,'draft',0,0,1,1,'','0000-00-00','',1,NULL,NULL,NULL,NULL,NULL,NULL),(354,'2015-08-13','03:55:00',1439491982,216,'',1368.64,1656.05,287.41,'closed',49,1,1,1,'65335278763881','2015-08-23','',1,NULL,NULL,NULL,NULL,NULL,NULL),(355,'2015-08-13','16:03:00',1439492600,0,'',0,0,0,'draft',0,0,1,1,'','0000-00-00','',1,NULL,NULL,NULL,NULL,NULL,NULL),(356,'2015-08-13','04:37:00',1439494573,217,'',1820,2202.2,382.2,'closed',63,1,1,1,'65335279582202','2015-08-23','',1,NULL,NULL,NULL,NULL,NULL,NULL),(357,'2015-08-13','05:14:00',1439496732,218,'',1780,2153.8,373.8,'closed',64,1,1,1,'65335280270448','2015-08-23','',1,NULL,NULL,NULL,NULL,NULL,NULL),(358,'2015-08-13','17:29:00',1439497773,0,'',0,0,0,'draft',0,0,1,1,'','0000-00-00','',1,NULL,NULL,NULL,NULL,NULL,NULL),(359,'2015-08-14','10:52:00',1439560356,0,'',0,0,0,'draft',0,0,1,1,'','0000-00-00','',1,NULL,NULL,NULL,NULL,NULL,NULL),(360,'2015-08-14','11:02:00',1439560972,0,'',0,0,0,'draft',0,0,1,7,'','0000-00-00','',1,NULL,NULL,NULL,NULL,NULL,NULL),(361,'2015-08-14','11:03:00',1439560996,0,'',0,0,0,'draft',0,0,1,1,'','0000-00-00','',1,NULL,NULL,NULL,NULL,NULL,NULL),(362,'2015-08-14','11:07:00',1439561258,0,'',0,0,0,'draft',0,0,1,1,'','0000-00-00','',1,NULL,NULL,NULL,NULL,NULL,NULL),(363,'2015-08-19','04:06:00',1439561444,221,'',19581,23693.01,4112.01,'closed',65,1,1,1,'65335325295676','2015-08-29','',1,NULL,NULL,NULL,NULL,NULL,NULL),(364,'2015-08-14','11:28:00',1439562494,0,'',0,0,0,'draft',0,0,1,1,'','0000-00-00','',1,NULL,NULL,NULL,NULL,NULL,NULL),(365,'2015-08-14','07:10:00',1439589990,20,'',10206.61,12350,2143.39,'closed',66,1,1,2,'65335294780440','2015-08-24','',1,NULL,NULL,NULL,NULL,NULL,NULL),(366,'2015-08-18','04:07:00',1439924582,21,'',3024.79,3660,635.21,'closed',66,1,1,2,'65335312569849','2015-08-28','',1,NULL,NULL,NULL,NULL,NULL,NULL),(367,'2015-08-18','04:11:00',1439925004,219,'',22531.6,27263.24,4731.64,'closed',13,1,1,1,'65335312651379','2015-08-28','',1,NULL,NULL,NULL,NULL,NULL,NULL),(368,'2015-08-19','09:52:00',1439988607,8,'',6200,7502,1302,'closed',45,1,1,4,'65335318420541','2015-08-29','NOTA DE CRÉDITO POR FACTURA Nº 176',1,NULL,NULL,NULL,NULL,NULL,NULL),(369,'2015-08-19','10:03:00',1439989226,220,'',5701.5,6898.82,1197.32,'closed',67,1,1,1,'65335318616174','2015-08-29','',1,NULL,NULL,NULL,NULL,NULL,NULL),(370,'2015-08-19','10:22:00',1439990562,0,'',0,0,0,'draft',0,0,1,1,'','0000-00-00','',1,NULL,NULL,NULL,NULL,NULL,NULL),(371,'2015-08-19','10:43:00',1439991823,0,'',0,0,0,'draft',0,0,1,1,'','0000-00-00','',1,NULL,NULL,NULL,NULL,NULL,NULL),(372,'2015-08-19','11:28:00',1439994496,0,'',0,0,0,'draft',0,0,1,1,'','0000-00-00','',1,NULL,NULL,NULL,NULL,NULL,NULL),(373,'2015-08-19','12:04:00',1439996688,0,'',0,0,0,'draft',45,0,1,3,'','0000-00-00','',1,NULL,NULL,NULL,NULL,NULL,NULL),(374,'2015-08-19','12:06:00',1439996780,0,'',0,0,0,'draft',45,0,1,3,'','0000-00-00','',1,NULL,NULL,NULL,NULL,NULL,NULL),(375,'2015-08-19','12:08:00',1439996859,1,'',6200,7502,1302,'closed',45,1,1,3,'65335321106132','2015-08-29','',1,NULL,NULL,NULL,NULL,NULL,NULL),(376,'2015-08-19','12:09:00',1439996970,0,'',0,0,0,'draft',45,0,1,4,'','0000-00-00','',1,NULL,NULL,NULL,NULL,NULL,NULL),(377,'2015-08-19','12:13:00',1439997035,9,'',12400,15004,2604,'closed',45,1,1,4,'65335321199064','2015-08-29','',1,NULL,NULL,NULL,NULL,NULL,NULL),(378,'2015-08-19','16:04:00',1440011070,0,'',0,0,0,'draft',0,0,1,1,'','0000-00-00','',1,NULL,NULL,NULL,NULL,NULL,NULL),(379,'2015-08-19','05:25:00',1440015822,222,'',830,1004.3,174.3,'closed',68,1,1,1,'65335326856966','2015-08-29','',1,NULL,NULL,NULL,NULL,NULL,NULL),(380,'2015-08-20','09:44:00',1440074592,22,'',1134,1372.14,238.14,'closed',69,1,1,2,'65345334247955','2015-08-30','',1,NULL,NULL,NULL,NULL,NULL,NULL),(381,'2015-08-20','09:58:00',1440075426,223,'',16094,19473.74,3379.74,'closed',49,1,1,1,'65345334502019','2015-08-30','',1,NULL,NULL,NULL,NULL,NULL,NULL),(382,'2015-08-20','10:07:00',1440075991,224,'',6437.6,7789.5,1351.9,'closed',14,1,1,1,'65345334661644','2015-08-30','',1,NULL,NULL,NULL,NULL,NULL,NULL),(383,'2015-08-20','10:24:00',1440076975,225,'',20127,24353.67,4226.67,'closed',17,1,1,1,'65345335034998','2015-08-30','',1,NULL,NULL,NULL,NULL,NULL,NULL),(384,'2015-08-20','10:30:00',1440077309,226,'',59160,71583.6,12423.6,'closed',17,1,1,1,'65345335133774','2015-08-30','',1,NULL,NULL,NULL,NULL,NULL,NULL),(385,'2015-08-20','10:45:00',1440078256,227,'',6437.6,7789.5,1351.9,'closed',63,1,1,1,'65345335438194','2015-08-30','',1,NULL,NULL,NULL,NULL,NULL,NULL),(386,'2015-08-20','11:14:00',1440080047,228,'',321.88,389.47,67.59,'closed',14,1,1,1,'65345336075086','2015-08-30','',1,NULL,NULL,NULL,NULL,NULL,NULL),(387,'2015-08-20','11:53:00',1440082312,229,'',11658,14106.18,2448.18,'closed',70,1,1,1,'65345336879879','2015-08-30','',1,NULL,NULL,NULL,NULL,NULL,NULL),(388,'2015-08-20','12:08:00',1440083214,230,'',33000,39930,6930,'closed',71,1,1,1,'65345337154582','2015-08-30','',1,NULL,NULL,NULL,NULL,NULL,NULL),(389,'2015-08-20','12:08:00',1440083331,0,'',0,0,0,'draft',0,0,1,1,'','0000-00-00','',1,NULL,NULL,NULL,NULL,NULL,NULL),(390,'2015-08-20','01:01:00',1440083401,231,'',10326.44,12495,2168.56,'closed',72,1,1,1,'65345338295486','2015-08-30','',1,NULL,NULL,NULL,NULL,NULL,NULL),(391,'2015-08-20','15:46:00',1440096407,0,'',0,0,0,'draft',0,0,1,1,'','0000-00-00','',1,NULL,NULL,NULL,NULL,NULL,NULL),(392,'2015-08-20','04:25:00',1440098576,23,'',2611.57,3160,548.43,'closed',73,1,1,2,'65345347704783','2015-08-30','',1,NULL,NULL,NULL,NULL,NULL,NULL),(393,'2015-08-21','04:47:00',1440186091,232,'',12556,15192.76,2636.76,'closed',74,1,1,1,'65345363381075','2015-08-31','',1,NULL,NULL,NULL,NULL,NULL,NULL),(394,'2015-08-24','11:33:00',1440426681,233,'',4109.28,4972.23,862.95,'closed',72,1,1,1,'65345380944630','2015-09-03','',1,NULL,NULL,NULL,NULL,NULL,NULL),(395,'2015-08-24','12:02:00',1440428520,0,'',0,0,0,'draft',0,0,1,1,'','0000-00-00','',1,NULL,NULL,NULL,NULL,NULL,NULL),(396,'2015-08-25','11:22:00',1440512191,24,'',4766.95,5768.01,1001.06,'closed',75,1,1,2,'65345396154777','2015-09-04','',1,NULL,NULL,NULL,NULL,NULL,NULL),(397,'2015-08-25','16:24:00',1440530687,0,'',0,0,0,'draft',0,0,1,1,'','0000-00-00','',1,NULL,NULL,NULL,NULL,NULL,NULL),(398,'2015-08-25','04:33:00',1440531106,234,'',5829,7053.09,1224.09,'closed',76,1,1,1,'65345405871285','2015-09-04','',1,NULL,NULL,NULL,NULL,NULL,NULL),(399,'2015-08-26','11:51:00',1440600609,235,'',3188.42,3857.99,669.57,'closed',77,1,1,1,'65345416637773','2015-09-05','',1,NULL,NULL,NULL,NULL,NULL,NULL),(400,'2015-08-27','05:46:00',1440708348,236,'',1900.82,2299.99,399.17,'closed',64,1,1,1,'65355445226511','2015-09-06','',1,NULL,NULL,NULL,NULL,NULL,NULL),(401,'2015-08-28','09:44:00',1440765810,237,'',2780,3363.8,583.8,'closed',89,1,1,1,'65355456211933','2015-09-07','',1,NULL,NULL,NULL,NULL,NULL,NULL),(403,'2015-08-28','10:03:00',1440766911,25,'',1629.75,1972,342.25,'closed',90,1,1,2,'65355456665888','2015-09-07','',1,NULL,NULL,NULL,NULL,NULL,NULL),(404,'2015-09-01','09:53:00',1441111987,238,'',4010,4852.1,842.1,'closed',37,1,1,1,'65355497672761','2015-09-11','',1,NULL,NULL,NULL,NULL,NULL,NULL),(405,'2015-09-01','10:00:00',1441112307,239,'',9426,11405.46,1979.46,'closed',17,1,1,1,'65355497850209','2015-09-11','',1,NULL,NULL,NULL,NULL,NULL,NULL),(406,'2015-09-01','10:16:00',1441113291,240,'',2862.08,3463.12,601.04,'closed',49,1,1,1,'65355498442638','2015-09-11','',1,NULL,NULL,NULL,NULL,NULL,NULL),(407,'2015-09-01','10:43:00',1441115019,0,'',0,0,0,'draft',0,0,1,1,'','0000-00-00','',1,NULL,NULL,NULL,NULL,NULL,NULL),(408,'2015-09-01','10:49:00',1441115129,0,'',20696.89,25043.24,4346.35,'completed',22,1,1,1,'','0000-00-00','',1,NULL,NULL,NULL,NULL,NULL,NULL),(409,'2015-09-01','10:57:00',1441115878,0,'',0,0,0,'draft',0,0,1,1,'','0000-00-00','',1,NULL,NULL,NULL,NULL,NULL,NULL),(410,'2015-09-01','11:20:00',1441116617,241,'',20696.89,25043.24,4346.35,'closed',22,1,1,1,'65355500388627','2015-09-11','',1,NULL,NULL,NULL,NULL,NULL,NULL),(411,'2015-09-01','12:05:00',1441119930,0,'',0,0,0,'draft',0,0,1,1,'','0000-00-00','',1,NULL,NULL,NULL,NULL,NULL,NULL),(413,'2015-09-01','12:11:00',1441120192,242,'',21309,25783.89,4474.89,'closed',92,1,1,1,'65355501644746','2015-09-11','',1,NULL,NULL,NULL,NULL,NULL,NULL),(414,'2015-09-01','12:11:00',1441120284,0,'',0,0,0,'draft',0,0,1,1,'','0000-00-00','',1,NULL,NULL,NULL,NULL,NULL,NULL),(416,'2015-09-01','12:14:00',1441120432,0,'',1338.84,1620,281.16,'completed',91,0,1,1,'','0000-00-00','',1,NULL,NULL,NULL,NULL,NULL,NULL),(417,'2015-09-01','12:15:00',1441120509,0,'',0,0,0,'draft',0,0,1,1,'','0000-00-00','',1,NULL,NULL,NULL,NULL,NULL,NULL),(418,'2015-09-01','03:24:00',1441131823,243,'',1800,2178,378,'closed',17,1,1,1,'65355507628677','2015-09-11','',1,NULL,NULL,NULL,NULL,NULL,NULL),(420,'2015-09-01','15:41:00',1441132873,0,'',0,0,0,'draft',0,0,1,1,'','0000-00-00','',1,NULL,NULL,NULL,NULL,NULL,NULL),(422,'2015-09-01','04:18:00',1441135033,244,'',9620,11640.2,2020.2,'closed',93,1,1,1,'65355510565876','2015-09-11','',1,NULL,NULL,NULL,NULL,NULL,NULL),(423,'2015-09-01','17:11:00',1441138317,0,'',0,0,0,'draft',0,0,1,1,'','0000-00-00','',1,NULL,NULL,NULL,NULL,NULL,NULL),(424,'2015-09-01','05:46:00',1441140297,245,'',3510,4247.1,737.1,'closed',94,1,1,1,'65355514190533','2015-09-11','',1,NULL,NULL,NULL,NULL,NULL,NULL),(425,'2015-09-01','06:02:00',1441141242,246,'',1338.84,1620,281.16,'closed',91,1,1,1,'65355514538002','2015-09-11','',1,NULL,NULL,NULL,NULL,NULL,NULL),(426,'2015-09-01','07:05:00',1441145099,247,'',1810,2190.1,380.1,'closed',95,1,1,1,'65355515673913','2015-09-11','',1,NULL,NULL,NULL,NULL,NULL,NULL),(427,'2015-09-01','19:06:00',1441145211,0,'',0,0,0,'draft',0,0,1,1,'','0000-00-00','',1,NULL,NULL,NULL,NULL,NULL,NULL),(428,'2015-09-01','07:09:00',1441145256,248,'',3694.17,4469.95,775.78,'closed',96,1,1,1,'65355515754208','2015-09-11','',1,NULL,NULL,NULL,NULL,NULL,NULL),(429,'2015-09-01','19:10:00',1441145401,0,'',0,0,0,'draft',0,0,1,1,'','0000-00-00','',1,NULL,NULL,NULL,NULL,NULL,NULL),(430,'2015-09-02','08:40:00',1441193987,249,'',5829,7053.09,1224.09,'closed',92,1,1,1,'65355519334871','2015-09-12','',1,NULL,NULL,NULL,NULL,NULL,NULL),(431,'2015-09-02','08:45:00',1441194342,0,'',0,0,0,'draft',0,0,1,1,'','0000-00-00','',1,NULL,NULL,NULL,NULL,NULL,NULL),(432,'2015-09-02','08:46:00',1441194367,0,'',0,0,0,'draft',94,0,1,4,'','0000-00-00','',1,NULL,NULL,NULL,NULL,NULL,NULL),(434,'2015-09-02','09:45:00',1441197858,250,'',8925.57,10799.94,1874.37,'closed',72,1,1,1,'65355520716656','2015-09-12','',1,NULL,NULL,NULL,NULL,NULL,NULL),(435,'2015-09-02','09:46:00',1441198002,0,'',0,0,0,'draft',0,0,1,1,'','0000-00-00','',1,NULL,NULL,NULL,NULL,NULL,NULL),(436,'2015-09-02','09:53:00',1441198237,251,'',2000,2420,420,'closed',97,1,1,1,'65355520939633','2015-09-12','',1,NULL,NULL,NULL,NULL,NULL,NULL),(438,'2015-09-02','10:38:00',1441201004,252,'',26428.48,31978.46,5549.98,'closed',98,1,1,1,'65355522114581','2015-09-12','',1,NULL,NULL,NULL,NULL,NULL,NULL),(439,'2015-09-02','11:53:00',1441205541,26,'',2776.86,3360,583.14,'closed',73,1,1,2,'65355524641610','2015-09-12','',1,NULL,NULL,NULL,NULL,NULL,NULL),(440,'2015-09-02','12:00:00',1441205901,253,'',4575,5535.75,960.75,'closed',99,1,1,1,'65355524785333','2015-09-12','',1,NULL,NULL,NULL,NULL,NULL,NULL),(441,'2015-09-02','12:07:00',1441206357,254,'',4632,5604.72,972.72,'closed',70,1,1,1,'65355524952652','2015-09-12','',1,NULL,NULL,NULL,NULL,NULL,NULL),(442,'2015-09-02','12:25:00',1441207354,255,'',4085.95,4944,858.05,'closed',50,1,1,1,'65355525325142','2015-09-12','',1,NULL,NULL,NULL,NULL,NULL,NULL),(443,'2015-09-02','12:54:00',1441209167,256,'',3510,4247.1,737.1,'closed',100,1,1,1,'65355526066064','2015-09-12','',1,NULL,NULL,NULL,NULL,NULL,NULL),(444,'2015-09-02','13:17:00',1441210654,0,'',0,0,0,'draft',0,0,1,1,'','0000-00-00','',1,NULL,NULL,NULL,NULL,NULL,NULL),(445,'2015-09-02','04:46:00',1441223107,257,'',8082.88,9780.28,1697.4,'closed',16,1,1,1,'65355531850472','2015-09-12','',1,NULL,NULL,NULL,NULL,NULL,NULL),(446,'2015-09-02','04:53:00',1441223490,258,'',60720,73471.2,12751.2,'closed',17,1,1,1,'65355532022750','2015-09-12','',1,NULL,NULL,NULL,NULL,NULL,NULL),(447,'2015-09-03','04:16:00',1441226328,10,'',3510,4247.1,737.1,'closed',94,1,1,4,'65365549633654','2015-09-13','',1,NULL,NULL,NULL,NULL,NULL,NULL),(448,'2015-09-03','10:02:00',1441285328,0,'',0,0,0,'draft',0,0,1,1,'','0000-00-00','',1,NULL,NULL,NULL,NULL,NULL,NULL),(449,'2015-09-03','10:17:00',1441285671,27,'',1652.89,2000,347.11,'closed',101,1,1,2,'65365540741242','2015-09-13','',1,NULL,NULL,NULL,NULL,NULL,NULL),(450,'2015-09-03','11:39:00',1441291148,0,'',0,0,0,'draft',0,0,1,1,'','0000-00-00','',1,NULL,NULL,NULL,NULL,NULL,NULL),(451,'2015-09-03','11:50:00',1441291480,259,'',48320,58467.2,10147.2,'closed',102,1,1,1,'65365544107777','2015-09-13','',1,NULL,NULL,NULL,NULL,NULL,NULL),(452,'2015-09-03','12:56:00',1441295771,260,'',2700,3267,567,'closed',103,1,1,1,'65365545511980','2015-09-13','',1,NULL,NULL,NULL,NULL,NULL,NULL),(453,'2015-09-03','12:57:00',1441295830,0,'',0,0,0,'draft',0,0,1,1,'','0000-00-00','',1,NULL,NULL,NULL,NULL,NULL,NULL),(454,'2015-09-03','16:06:00',1441307202,0,'',0,0,0,'draft',0,0,1,1,'','0000-00-00','',1,NULL,NULL,NULL,NULL,NULL,NULL),(455,'2015-09-03','18:04:00',1441314245,0,'',0,0,0,'draft',0,0,1,1,'','0000-00-00','',1,NULL,NULL,NULL,NULL,NULL,NULL),(456,'2015-09-03','06:15:00',1441314802,11,'',793.39,960,166.61,'closed',4,1,1,4,'65365552087942','2015-09-13','',1,NULL,NULL,NULL,NULL,NULL,NULL),(457,'2015-09-03','06:24:00',1441315340,261,'',2324.4,2812.52,488.12,'closed',13,1,1,1,'65365552208032','2015-09-13','',1,NULL,NULL,NULL,NULL,NULL,NULL),(458,'2015-09-03','06:28:00',1441315684,262,'',13601,16457.21,2856.21,'closed',76,1,1,1,'65365552247680','2015-09-13','',1,NULL,NULL,NULL,NULL,NULL,NULL),(459,'2015-09-03','18:30:00',1441315842,0,'',0,0,0,'draft',0,0,1,1,'','0000-00-00','',1,NULL,NULL,NULL,NULL,NULL,NULL),(460,'2015-09-03','06:47:00',1441316617,263,'',9252.9,11196.01,1943.11,'closed',22,1,1,1,'65365552440970','2015-09-13','',1,NULL,NULL,NULL,NULL,NULL,NULL),(461,'2015-09-03','07:05:00',1441317850,264,'',4648.8,5625.05,976.25,'closed',14,1,1,1,'65365552622187','2015-09-13','',1,NULL,NULL,NULL,NULL,NULL,NULL),(462,'2015-09-03','19:04:00',1441317877,0,'',0,0,0,'draft',0,0,1,1,'','0000-00-00','',1,NULL,NULL,NULL,NULL,NULL,NULL),(463,'2015-09-03','19:11:00',1441318301,0,'',0,0,0,'draft',0,0,1,1,'','0000-00-00','',1,NULL,NULL,NULL,NULL,NULL,NULL),(464,'2015-09-03','07:20:00',1441318695,265,'',14062,17015.02,2953.02,'closed',104,1,1,1,'65365552774602','2015-09-13','',1,NULL,NULL,NULL,NULL,NULL,NULL),(465,'2015-09-03','19:18:00',1441318725,0,'',0,0,0,'draft',0,0,1,1,'','0000-00-00','',1,NULL,NULL,NULL,NULL,NULL,NULL),(466,'2015-09-04','11:21:00',1441376446,266,'',5829,7053.09,1224.09,'closed',104,1,1,1,'65365558065424','2015-09-14','',1,NULL,NULL,NULL,NULL,NULL,NULL),(467,'2015-09-04','11:44:00',1441377892,0,'',0,0,0,'draft',0,0,1,1,'','0000-00-00','',1,NULL,NULL,NULL,NULL,NULL,NULL),(468,'2015-09-04','12:29:00',1441380595,0,'',0,0,0,'draft',0,0,1,1,'','0000-00-00','',1,NULL,NULL,NULL,NULL,NULL,NULL),(469,'2015-09-04','12:41:00',1441381038,267,'',10113,12236.73,2123.73,'closed',105,1,1,1,'65365559862758','2015-09-14','',1,NULL,NULL,NULL,NULL,NULL,NULL),(470,'2015-09-04','16:43:00',1441395829,0,'',0,0,0,'draft',0,0,1,1,'','0000-00-00','',1,NULL,NULL,NULL,NULL,NULL,NULL),(471,'2015-09-04','05:07:00',1441397195,268,'',2350,2843.5,493.5,'closed',106,1,1,1,'65365565282520','2015-09-14','',1,NULL,NULL,NULL,NULL,NULL,NULL),(473,'2015-09-07','12:11:00',1441638652,0,'',1330,1609.3,279.3,'draft',0,1,1,1,'','0000-00-00','',1,NULL,NULL,NULL,NULL,NULL,NULL),(474,'2015-09-07','12:53:00',1441641092,0,'',7092,8581.32,1489.32,'draft',4,1,1,1,'','0000-00-00','',1,NULL,NULL,NULL,NULL,NULL,NULL),(475,'2015-09-07','05:49:00',1441652220,269,'',3327.55,4026.34,698.79,'closed',46,1,1,1,'65365584672286','2015-09-17','',1,NULL,NULL,NULL,NULL,NULL,NULL),(476,'2015-09-07','05:57:00',1441659318,270,'',7092,8581.32,1489.32,'closed',4,1,1,1,'65365584843949','2015-09-17','',1,NULL,NULL,NULL,NULL,NULL,NULL),(477,'2015-09-07','06:03:00',1441659730,271,'',1330,1609.3,279.3,'closed',107,1,1,1,'65365584991339','2015-09-17','',1,NULL,NULL,NULL,NULL,NULL,NULL),(481,'2015-09-08','09:35:00',1441715642,272,'',818,989.78,171.78,'closed',108,1,1,1,'65365589659143','2015-09-18','',1,NULL,NULL,NULL,NULL,NULL,NULL),(482,'2015-09-08','11:22:00',1441715759,274,'',12370,14967.7,2597.7,'closed',57,1,1,1,'65365591918266','2015-09-18','',1,NULL,NULL,NULL,NULL,NULL,NULL),(484,'2015-09-08','10:57:00',1441719886,28,'',9014.88,10908.01,1893.13,'closed',75,1,1,2,'65365591402796','2015-09-18','',1,NULL,NULL,NULL,NULL,NULL,NULL),(485,'2015-09-08','11:16:00',1441721669,273,'',4960,6001.6,1041.6,'closed',6,1,1,1,'65365591793305','2015-09-18','',1,NULL,NULL,NULL,NULL,NULL,NULL),(486,'2015-09-08','12:20:00',1441725627,0,'',0,0,0,'draft',0,0,1,1,'','0000-00-00','',1,NULL,NULL,NULL,NULL,NULL,NULL),(487,'2015-09-08','12:35:00',1441726227,275,'',41232,49890.72,8658.72,'closed',109,1,1,1,'65365593514693','2015-09-18','ORDEN DE COMPRA Nº 5.148',1,NULL,NULL,NULL,NULL,NULL,NULL),(488,'2015-09-08','03:44:00',1441737774,276,'',15015.59,18168.86,3153.27,'closed',46,1,1,1,'65365596616454','2015-09-18','',1,NULL,NULL,NULL,NULL,NULL,NULL),(489,'2015-09-08','15:44:00',1441737870,0,'',0,0,0,'draft',0,0,1,1,'','0000-00-00','',1,NULL,NULL,NULL,NULL,NULL,NULL),(490,'2015-09-08','15:44:00',1441737876,0,'',0,0,0,'draft',0,0,1,1,'','0000-00-00','',1,NULL,NULL,NULL,NULL,NULL,NULL),(491,'2015-09-08','15:44:00',1441737878,0,'',0,0,0,'draft',0,0,1,1,'','0000-00-00','',1,NULL,NULL,NULL,NULL,NULL,NULL),(492,'2015-09-08','03:45:00',1441737901,277,'',3378.69,4088.21,709.52,'closed',46,1,1,1,'65365596649273','2015-09-18','',1,NULL,NULL,NULL,NULL,NULL,NULL),(493,'2015-09-08','03:46:00',1441737965,278,'',6720.84,8132.22,1411.38,'closed',46,1,1,1,'65365596670901','2015-09-18','',1,NULL,NULL,NULL,NULL,NULL,NULL),(494,'2015-09-08','03:48:00',1441738026,279,'',19732.19,23875.95,4143.76,'closed',46,1,1,1,'65365596700499','2015-09-18','',1,NULL,NULL,NULL,NULL,NULL,NULL),(495,'2015-09-08','03:49:00',1441738124,280,'',6720.84,8132.22,1411.38,'closed',46,1,1,1,'65365596718597','2015-09-18','',1,NULL,NULL,NULL,NULL,NULL,NULL),(496,'2015-09-08','03:50:00',1441738186,281,'',8544.06,10338.31,1794.25,'closed',46,1,1,1,'65365596763063','2015-09-18','',1,NULL,NULL,NULL,NULL,NULL,NULL),(497,'2015-09-08','15:51:00',1441738310,0,'',0,0,0,'draft',0,0,1,1,'','0000-00-00','',1,NULL,NULL,NULL,NULL,NULL,NULL),(498,'2015-09-08','03:53:00',1441738336,282,'',7335.28,8875.69,1540.41,'closed',46,1,1,1,'65365596798651','2015-09-18','',1,NULL,NULL,NULL,NULL,NULL,NULL),(499,'2015-09-08','03:55:00',1441738437,283,'',7387.04,8938.32,1551.28,'closed',46,1,1,1,'65365596832683','2015-09-18','',1,NULL,NULL,NULL,NULL,NULL,NULL),(500,'2015-09-08','03:56:00',1441738539,284,'',11252.71,13615.78,2363.07,'closed',46,1,1,1,'65365596851222','2015-09-18','',1,NULL,NULL,NULL,NULL,NULL,NULL),(501,'2015-09-08','04:00:00',1441738604,285,'',29641.67,35866.43,6224.76,'closed',46,1,1,1,'65365596944224','2015-09-18','',1,NULL,NULL,NULL,NULL,NULL,NULL),(502,'2015-09-08','04:01:00',1441738863,286,'',10790.36,13056.34,2265.98,'closed',46,1,1,1,'65365596970473','2015-09-18','',1,NULL,NULL,NULL,NULL,NULL,NULL),(503,'2015-09-08','04:03:00',1441738929,287,'',3378.69,4088.21,709.52,'closed',46,1,1,1,'65365596998197','2015-09-18','',1,NULL,NULL,NULL,NULL,NULL,NULL),(504,'2015-09-08','04:10:00',1441739018,288,'',16688.92,20193.6,3504.68,'closed',46,1,1,1,'65365597165307','2015-09-18','',1,NULL,NULL,NULL,NULL,NULL,NULL),(505,'2015-09-08','04:12:00',1441739438,289,'',13978.08,16913.48,2935.4,'closed',46,1,1,1,'65365597203600','2015-09-18','',1,NULL,NULL,NULL,NULL,NULL,NULL),(506,'2015-09-08','05:12:00',1441743029,290,'',2140.5,2590,449.5,'closed',9,1,1,1,'65365598558571','2015-09-18','',1,NULL,NULL,NULL,NULL,NULL,NULL),(507,'2015-09-08','05:18:00',1441743420,291,'',350,423.5,73.5,'closed',9,1,1,1,'65365598729747','2015-09-18','',1,NULL,NULL,NULL,NULL,NULL,NULL),(508,'2015-09-09','09:39:00',1441802217,292,'',4440,5372.4,932.4,'closed',36,1,1,1,'65365603697670','2015-09-19','',1,NULL,NULL,NULL,NULL,NULL,NULL),(511,'2015-09-09','09:57:00',1441803410,29,'',8198.35,9920,1721.65,'closed',110,1,1,2,'65365604020888','2015-09-19','',1,NULL,NULL,NULL,NULL,NULL,NULL),(512,'2015-09-09','04:17:00',1441826148,293,'',4616,5585.36,969.36,'closed',17,1,1,1,'65365612232369','2015-09-19','',1,NULL,NULL,NULL,NULL,NULL,NULL),(513,'2015-09-09','17:07:00',1441829273,0,'',0,0,0,'draft',0,0,1,1,'','0000-00-00','',1,NULL,NULL,NULL,NULL,NULL,NULL),(514,'2015-09-09','07:36:00',1441838054,294,'',7800,9438,1638,'closed',111,1,1,1,'65365615323558','2015-09-19','',1,NULL,NULL,NULL,NULL,NULL,NULL),(515,'2015-09-09','07:56:00',1441839323,295,'',7800,9438,1638,'closed',112,1,1,1,'65365615573654','2015-09-19','',1,NULL,NULL,NULL,NULL,NULL,NULL),(516,'2015-09-10','11:30:00',1441895451,0,'',0,0,0,'draft',0,0,1,1,'','0000-00-00','',1,NULL,NULL,NULL,NULL,NULL,NULL),(517,'2015-09-10','15:45:00',1441910712,0,'',0,0,0,'draft',0,0,1,1,'','0000-00-00','',1,NULL,NULL,NULL,NULL,NULL,NULL),(518,'2015-09-10','03:54:00',1441911213,296,'',3886,4702.06,816.06,'closed',113,1,1,1,'65375625074399','2015-09-20','',1,NULL,NULL,NULL,NULL,NULL,NULL),(519,'2015-09-10','04:04:00',1441911804,297,'',9715,11755.15,2040.15,'closed',114,1,1,1,'65375625291969','2015-09-20','',1,NULL,NULL,NULL,NULL,NULL,NULL),(520,'2015-09-10','16:04:00',1441911864,0,'',0,0,0,'draft',0,0,1,1,'','0000-00-00','',1,NULL,NULL,NULL,NULL,NULL,NULL),(521,'2015-09-10','04:26:00',1441912776,30,'',4121,4986.41,865.41,'closed',115,1,1,2,'65375625848235','2015-09-20','',1,NULL,NULL,NULL,NULL,NULL,NULL),(522,'2015-09-10','04:49:00',1441914072,298,'',28086,33984.06,5898.06,'closed',4,1,1,1,'65375626332965','2015-09-20','',1,NULL,NULL,NULL,NULL,NULL,NULL),(523,'2015-09-10','05:39:00',1441917442,299,'',6150,7441.5,1291.5,'closed',4,1,1,1,'65375627236057','2015-09-20','',1,NULL,NULL,NULL,NULL,NULL,NULL),(524,'2015-09-10','05:43:00',1441917621,300,'',28086,33984.06,5898.06,'closed',4,1,1,1,'65375627312745','2015-09-20','',1,NULL,NULL,NULL,NULL,NULL,NULL),(525,'2015-09-10','06:07:00',1441919084,12,'',28086,33984.06,5898.06,'closed',4,1,1,4,'65375627634668','2015-09-20','',1,NULL,NULL,NULL,NULL,NULL,NULL),(526,'2015-09-11','09:34:00',1441974816,301,'',3678,4450.38,772.38,'closed',116,1,1,1,'65375631346637','2015-09-21','',1,NULL,NULL,NULL,NULL,NULL,NULL),(527,'2015-09-11','09:41:00',1441975207,302,'',1113.22,1347,233.78,'closed',117,1,1,1,'65375631467322','2015-09-21','',1,NULL,NULL,NULL,NULL,NULL,NULL),(528,'2015-09-11','09:53:00',1441975935,303,'',2333.06,2823,489.94,'closed',118,1,1,1,'65375631650703','2015-09-21','',1,NULL,NULL,NULL,NULL,NULL,NULL),(529,'2015-09-11','10:04:00',1441976610,304,'',2750,3327.5,577.5,'closed',17,1,1,1,'65375632169785','2015-09-21','',1,NULL,NULL,NULL,NULL,NULL,NULL),(530,'2015-09-11','11:06:00',1441980365,0,'',0,0,0,'draft',0,0,1,1,'','0000-00-00','',1,NULL,NULL,NULL,NULL,NULL,NULL),(531,'2015-09-11','11:09:00',1441980548,305,'',4923,5956.83,1033.83,'closed',119,1,1,1,'65375633651324','2015-09-21','',1,NULL,NULL,NULL,NULL,NULL,NULL),(532,'2015-09-11','11:17:00',1441981046,0,'',0,0,0,'draft',0,0,1,1,'','0000-00-00','',1,NULL,NULL,NULL,NULL,NULL,NULL),(533,'2015-09-11','12:19:00',1441984553,306,'',4364,5280.44,916.44,'closed',42,1,1,1,'65375635123374','2015-09-21','',1,NULL,NULL,NULL,NULL,NULL,NULL),(534,'2015-09-11','12:51:00',1441986654,307,'',3886,4702.06,816.06,'closed',120,1,1,1,'65375635641475','2015-09-21','',1,NULL,NULL,NULL,NULL,NULL,NULL),(535,'2015-09-11','04:12:00',1441998647,13,'',41232,49890.72,8658.72,'closed',109,1,1,4,'65375639541765','2015-09-21','',1,NULL,NULL,NULL,NULL,NULL,NULL),(536,'2015-09-11','04:43:00',1442000517,31,'',2743.8,3320,576.2,'closed',121,1,1,2,'65375640057210','2015-09-21','',1,NULL,NULL,NULL,NULL,NULL,NULL),(537,'2015-09-11','04:46:00',1442000632,308,'',29600,35816,6216,'closed',109,1,1,1,'65375640120538','2015-09-21','',1,NULL,NULL,NULL,NULL,NULL,NULL),(539,'2015-09-14','09:48:00',1442234915,0,'',0,0,0,'draft',0,0,1,1,'','0000-00-00','',1,NULL,NULL,NULL,NULL,NULL,NULL),(540,'2015-09-14','09:49:00',1442234921,32,'',2801.65,3390,588.35,'closed',110,1,1,2,'65375650037251','2015-09-24','',1,NULL,NULL,NULL,NULL,NULL,NULL),(541,'2015-09-14','09:50:00',1442235016,0,'',0,0,0,'draft',0,0,1,1,'','0000-00-00','',1,NULL,NULL,NULL,NULL,NULL,NULL),(542,'2015-09-14','12:45:00',1442245518,0,'',0,0,0,'draft',0,0,1,1,'','0000-00-00','',1,NULL,NULL,NULL,NULL,NULL,NULL),(543,'2015-09-14','12:51:00',1442245772,33,'',2801.65,3390,588.35,'closed',122,1,1,2,'65375653539832','2015-09-24','',1,NULL,NULL,NULL,NULL,NULL,NULL),(544,'2015-09-14','12:51:00',1442245914,0,'',0,0,0,'draft',0,0,1,1,'','0000-00-00','',1,NULL,NULL,NULL,NULL,NULL,NULL),(545,'2015-09-14','12:58:00',1442246289,0,'',0,0,0,'draft',0,0,1,1,'','0000-00-00','',1,NULL,NULL,NULL,NULL,NULL,NULL),(546,'2015-09-14','05:21:00',1442255587,6,'',2801.65,3390,588.35,'closed',110,1,1,6,'65375658695388','2015-09-24','',1,NULL,NULL,NULL,NULL,NULL,NULL),(547,'2015-09-14','15:56:00',1442257000,0,'',0,0,0,'draft',123,0,1,1,'','0000-00-00','',1,NULL,NULL,NULL,NULL,NULL,NULL),(548,'2015-09-14','04:09:00',1442257658,309,'',23244,28125.24,4881.24,'closed',16,1,1,1,'65375657253466','2015-09-24','',1,NULL,NULL,NULL,NULL,NULL,NULL),(549,'2015-09-14','16:11:00',1442257877,0,'',0,0,0,'draft',0,0,1,1,'','0000-00-00','',1,NULL,NULL,NULL,NULL,NULL,NULL),(550,'2015-09-14','16:45:00',1442259921,0,'',0,0,0,'draft',0,0,1,1,'','0000-00-00','',1,NULL,NULL,NULL,NULL,NULL,NULL),(551,'2015-09-14','16:45:00',1442259951,0,'',0,0,0,'draft',0,0,1,1,'','0000-00-00','',1,NULL,NULL,NULL,NULL,NULL,NULL),(552,'2015-09-14','04:48:00',1442260034,310,'',5184,6272.64,1088.64,'closed',124,1,1,1,'65375658122708','2015-09-24','',1,NULL,NULL,NULL,NULL,NULL,NULL),(554,'2015-09-14','18:11:00',1442265098,0,'',0,0,0,'draft',0,0,1,1,'','0000-00-00','',1,NULL,NULL,NULL,NULL,NULL,NULL),(555,'2015-09-14','06:20:00',1442265536,311,'',9876,11949.96,2073.96,'closed',125,1,1,1,'65375659506297','2015-09-24','',1,NULL,NULL,NULL,NULL,NULL,NULL),(556,'2015-09-15','04:51:00',1442265650,14,'',9876,11949.96,2073.96,'closed',125,1,1,4,'65375671576473','2015-09-25','',1,NULL,NULL,NULL,NULL,NULL,NULL),(557,'2015-09-14','06:23:00',1442265712,312,'',2660,3218.6,558.6,'closed',125,1,1,1,'65375659537483','2015-09-24','',1,NULL,NULL,NULL,NULL,NULL,NULL),(558,'2015-09-14','06:32:00',1442266056,313,'',4998,6047.58,1049.58,'closed',123,1,1,1,'65375659615453','2015-09-24','',1,NULL,NULL,NULL,NULL,NULL,NULL),(559,'2015-09-14','18:32:00',1442266343,0,'',0,0,0,'draft',0,0,1,1,'','0000-00-00','',1,NULL,NULL,NULL,NULL,NULL,NULL),(560,'2015-09-14','18:45:00',1442267125,0,'',0,0,0,'draft',0,0,1,1,'','0000-00-00','',1,NULL,NULL,NULL,NULL,NULL,NULL),(561,'2015-09-14','07:39:00',1442270244,314,'',7299,8831.79,1532.79,'closed',126,1,1,1,'65375660208100','2015-09-24','',1,NULL,NULL,NULL,NULL,NULL,NULL),(562,'2015-09-14','07:53:00',1442271196,315,'',9876,11949.96,2073.96,'closed',127,1,1,1,'65375660319193','2015-09-24','',1,NULL,NULL,NULL,NULL,NULL,NULL),(563,'2015-09-15','10:10:00',1442322498,316,'',3378.69,4088.21,709.52,'closed',46,1,1,1,'65375664033476','2015-09-25','Nº PEDIDO C40598-V12-R196',1,NULL,NULL,NULL,NULL,NULL,NULL),(564,'2015-09-15','10:12:00',1442322636,317,'',7520.1,9099.32,1579.22,'closed',46,1,1,1,'65375664082959','2015-09-25','Nº PEDIDO C40598-V12-R194',1,NULL,NULL,NULL,NULL,NULL,NULL),(565,'2015-09-15','10:12:00',1442322757,0,'',0,0,0,'draft',0,0,1,1,'','0000-00-00','',1,NULL,NULL,NULL,NULL,NULL,NULL),(566,'2015-09-15','10:14:00',1442322807,318,'',23382.24,28292.51,4910.27,'closed',46,1,1,1,'65375664106650','2015-09-25','Nº PEDIDO SPV-DO4335',1,NULL,NULL,NULL,NULL,NULL,NULL),(567,'2015-09-15','10:15:00',1442322895,319,'',1461.39,1768.28,306.89,'closed',46,1,1,1,'65375664140732','2015-09-25','Nº PEDIDO SPV-DO4591',1,NULL,NULL,NULL,NULL,NULL,NULL),(568,'2015-09-15','10:17:00',1442322973,320,'',4384.17,5304.85,920.68,'closed',46,1,1,1,'65375664166027','2015-09-25','Nº PEDIDO C40598-V12-R197',1,NULL,NULL,NULL,NULL,NULL,NULL),(569,'2015-09-15','10:18:00',1442323050,321,'',4624.44,5595.57,971.13,'closed',46,1,1,1,'65375664198976','2015-09-25','Nº PEDIDO C40598-V11-R179',1,NULL,NULL,NULL,NULL,NULL,NULL),(570,'2015-09-15','10:18:00',1442323115,0,'',0,0,0,'draft',0,0,1,1,'','0000-00-00','',1,NULL,NULL,NULL,NULL,NULL,NULL),(571,'2015-09-15','10:20:00',1442323150,322,'',2922.78,3536.56,613.78,'closed',46,1,1,1,'65375664235516','2015-09-25','Nº PEDIDO C40598-V12-R195',1,NULL,NULL,NULL,NULL,NULL,NULL),(572,'2015-09-15','10:23:00',1442323288,323,'',11427.42,13827.17,2399.75,'closed',46,1,1,1,'65375664287403','2015-09-25','Nº PEDIDO C40598-V12-R198',1,NULL,NULL,NULL,NULL,NULL,NULL),(573,'2015-09-15','10:25:00',1442323451,324,'',1541.48,1865.19,323.71,'closed',46,1,1,1,'65375664321066','2015-09-25','Nº PEDIDO SPV-DO4322',1,NULL,NULL,NULL,NULL,NULL,NULL),(574,'2015-09-15','11:17:00',1442326480,34,'',1847.93,2236,388.07,'closed',122,1,1,2,'65375665317117','2015-09-25','',1,NULL,NULL,NULL,NULL,NULL,NULL),(575,'2015-09-15','06:08:00',1442351220,325,'',9200,11132,1932,'closed',17,1,1,1,'65375672738326','2015-09-25','',1,NULL,NULL,NULL,NULL,NULL,NULL),(576,'2015-09-15','07:57:00',1442357472,326,'',23043,27882.03,4839.03,'closed',36,1,1,1,'65375673638443','2015-09-25','',1,NULL,NULL,NULL,NULL,NULL,NULL),(577,'2015-09-16','09:44:00',1442406985,35,'',11479.34,13890,2410.66,'closed',128,1,1,2,'65375677209373','2015-09-26','',1,NULL,NULL,NULL,NULL,NULL,NULL),(578,'2015-09-16','10:25:00',1442409510,327,'',35136,42514.55,7378.55,'closed',16,1,1,1,'65375678026276','2015-09-26','',1,NULL,NULL,NULL,NULL,NULL,NULL),(579,'2015-09-16','10:48:00',1442411293,0,'',0,0,0,'draft',129,0,1,1,'','0000-00-00','',1,NULL,NULL,NULL,NULL,NULL,NULL),(580,'2015-09-16','12:17:00',1442416384,328,'',23555.32,28501.94,4946.62,'closed',129,1,1,1,'65375680238997','2015-09-26','',1,NULL,NULL,NULL,NULL,NULL,NULL),(581,'2015-09-16','12:37:00',1442417639,329,'',6320,7647.2,1327.2,'closed',36,1,1,1,'65375680977659','2015-09-26','',1,NULL,NULL,NULL,NULL,NULL,NULL),(582,'2015-09-17','09:54:00',1442494446,0,'',0,0,0,'draft',0,0,1,1,'','0000-00-00','',1,NULL,NULL,NULL,NULL,NULL,NULL),(583,'2015-09-17','10:50:00',1442497833,0,'',0,0,0,'draft',0,0,1,1,'','0000-00-00','',1,NULL,NULL,NULL,NULL,NULL,NULL),(584,'2015-09-17','10:55:00',1442498117,0,'',0,0,0,'draft',0,0,1,1,'','0000-00-00','',1,NULL,NULL,NULL,NULL,NULL,NULL),(585,'2015-09-17','10:55:00',1442498121,0,'',0,0,0,'draft',0,0,1,1,'','0000-00-00','',1,NULL,NULL,NULL,NULL,NULL,NULL),(586,'2015-09-17','10:55:00',1442498122,0,'',0,0,0,'draft',0,0,1,1,'','0000-00-00','',1,NULL,NULL,NULL,NULL,NULL,NULL),(587,'2015-09-17','10:55:00',1442498125,0,'',0,0,0,'draft',0,0,1,1,'','0000-00-00','',1,NULL,NULL,NULL,NULL,NULL,NULL),(588,'2015-09-17','10:55:00',1442498134,0,'',0,0,0,'draft',0,0,1,1,'','0000-00-00','',1,NULL,NULL,NULL,NULL,NULL,NULL),(589,'2015-09-17','10:55:00',1442498140,0,'',0,0,0,'draft',0,0,1,1,'','0000-00-00','',1,NULL,NULL,NULL,NULL,NULL,NULL),(590,'2015-09-17','10:55:00',1442498151,0,'',0,0,0,'draft',0,0,1,1,'','0000-00-00','',1,NULL,NULL,NULL,NULL,NULL,NULL),(591,'2015-09-17','10:57:00',1442498237,0,'',0,0,0,'draft',0,0,1,1,'','0000-00-00','',1,NULL,NULL,NULL,NULL,NULL,NULL),(592,'2015-09-17','10:57:00',1442498239,0,'',0,0,0,'draft',0,0,1,1,'','0000-00-00','',1,NULL,NULL,NULL,NULL,NULL,NULL),(593,'2015-09-17','10:57:00',1442498243,0,'',0,0,0,'draft',0,0,1,1,'','0000-00-00','',1,NULL,NULL,NULL,NULL,NULL,NULL),(594,'2015-09-17','11:08:00',1442498755,330,'',15111.57,18285,3173.43,'closed',130,1,1,1,'65385692211842','2015-09-27','',1,NULL,NULL,NULL,NULL,NULL,NULL),(595,'2015-09-17','12:03:00',1442501377,331,'',25650,31036.5,5386.5,'closed',131,1,1,1,'65385693332164','2015-09-27','',1,NULL,NULL,NULL,NULL,NULL,NULL),(596,'2015-09-17','12:24:00',1442503468,0,'',0,0,0,'draft',0,0,1,1,'','0000-00-00','',1,NULL,NULL,NULL,NULL,NULL,NULL),(597,'2015-09-17','12:27:00',1442503550,332,'',5457.94,6604.11,1146.17,'closed',38,1,1,1,'65385693804845','2015-09-27','',1,NULL,NULL,NULL,NULL,NULL,NULL),(598,'2015-09-17','12:32:00',1442503897,333,'',6973.2,8437.57,1464.37,'closed',13,1,1,1,'65385693889182','2015-09-27','',1,NULL,NULL,NULL,NULL,NULL,NULL),(599,'2015-09-17','12:37:00',1442504219,334,'',2324.4,2812.52,488.12,'closed',63,1,1,1,'65385693965210','2015-09-27','',1,NULL,NULL,NULL,NULL,NULL,NULL),(600,'2015-09-17','15:52:00',1442515961,0,'',0,0,0,'draft',0,0,1,1,'','0000-00-00','',1,NULL,NULL,NULL,NULL,NULL,NULL),(601,'2015-09-17','04:11:00',1442516834,335,'',15999.36,19359.23,3359.87,'closed',132,1,1,1,'65385697332919','2015-09-27','',1,NULL,NULL,NULL,NULL,NULL,NULL),(602,'2015-09-17','16:16:00',1442517418,0,'',0,0,0,'draft',132,0,1,4,'','0000-00-00','',1,NULL,NULL,NULL,NULL,NULL,NULL),(603,'2015-09-17','16:19:00',1442517540,0,'',0,0,0,'draft',132,0,1,1,'','0000-00-00','',1,NULL,NULL,NULL,NULL,NULL,NULL),(604,'2015-09-17','04:23:00',1442517663,15,'',15999.36,19359.23,3359.87,'closed',132,1,1,4,'65385697584504','2015-09-27','',1,NULL,NULL,NULL,NULL,NULL,NULL),(605,'2015-09-17','04:58:00',1442519599,336,'',15999.36,19359.23,3359.87,'closed',133,1,1,1,'65385698312346','2015-09-27','',1,NULL,NULL,NULL,NULL,NULL,NULL),(606,'2015-09-17','05:16:00',1442520862,337,'',11622,14062.62,2440.62,'closed',16,1,1,1,'65385698725269','2015-09-27','',1,NULL,NULL,NULL,NULL,NULL,NULL),(607,'2015-09-17','05:45:00',1442522448,338,'',31367,37954.07,6587.07,'closed',134,1,1,1,'65385699239199','2015-09-27','',1,NULL,NULL,NULL,NULL,NULL,NULL),(608,'2015-09-17','05:49:00',1442522737,16,'',1254,1517.34,263.34,'closed',134,1,1,4,'65385699299553','2015-09-27','',1,NULL,NULL,NULL,NULL,NULL,NULL),(609,'2015-09-17','18:10:00',1442524237,0,'',0,0,0,'draft',0,0,1,1,'','0000-00-00','',1,NULL,NULL,NULL,NULL,NULL,NULL),(610,'2015-09-17','06:13:00',1442524318,36,'',1890,2286.9,396.9,'closed',69,1,1,2,'65385699680669','2015-09-27','',1,NULL,NULL,NULL,NULL,NULL,NULL),(611,'2015-09-17','07:04:00',1442527141,339,'',5687,6881.27,1194.27,'closed',135,1,1,1,'65385700522925','2015-09-27','',1,NULL,NULL,NULL,NULL,NULL,NULL),(612,'2015-09-18','09:22:00',1442578961,0,'',0,0,0,'draft',0,0,1,1,'','0000-00-00','',1,NULL,NULL,NULL,NULL,NULL,NULL),(613,'2015-09-18','15:23:00',1442600625,0,'',0,0,0,'draft',0,0,1,1,'','0000-00-00','',1,NULL,NULL,NULL,NULL,NULL,NULL),(614,'2015-09-21','12:11:00',1442848190,340,'',3886,4702.06,816.06,'closed',120,1,1,1,'65385728585071','2015-10-01','',1,NULL,NULL,NULL,NULL,NULL,NULL),(615,'2015-09-21','15:27:00',1442860031,0,'',0,0,0,'draft',0,0,1,1,'','0000-00-00','',1,NULL,NULL,NULL,NULL,NULL,NULL),(616,'2015-09-21','04:19:00',1442863080,341,'',8487.02,10269.29,1782.27,'closed',14,1,1,1,'65385733899053','2015-10-01','',1,NULL,NULL,NULL,NULL,NULL,NULL),(617,'2015-09-21','17:09:00',1442866165,0,'',0,0,0,'draft',0,0,1,1,'','0000-00-00','',1,NULL,NULL,NULL,NULL,NULL,NULL),(618,'2015-09-21','07:03:00',1442872889,342,'',630,762.3,132.3,'closed',17,1,1,1,'65385736706960','2015-10-01','',1,NULL,NULL,NULL,NULL,NULL,NULL),(619,'2015-09-21','07:08:00',1442873082,343,'',8760,10599.6,1839.6,'closed',17,1,1,1,'65385736744724','2015-10-01','',1,NULL,NULL,NULL,NULL,NULL,NULL),(620,'2015-09-22','10:42:00',1442929349,0,'',0,0,0,'draft',0,0,1,1,'','0000-00-00','',1,NULL,NULL,NULL,NULL,NULL,NULL),(621,'2015-09-22','11:14:00',1442931256,0,'',0,0,0,'draft',0,0,1,1,'','0000-00-00','',1,NULL,NULL,NULL,NULL,NULL,NULL),(622,'2015-09-22','12:36:00',1442936087,344,'',8044.02,9733.26,1689.24,'closed',22,1,1,1,'65385744541791','2015-10-02','',1,NULL,NULL,NULL,NULL,NULL,NULL),(623,'2015-09-22','17:17:00',1442953069,0,'',0,0,0,'draft',0,0,1,1,'','0000-00-00','',1,NULL,NULL,NULL,NULL,NULL,NULL),(624,'2015-09-22','06:09:00',1442955995,37,'',932.68,1128.54,195.86,'closed',136,1,1,2,'65385751313218','2015-10-02','',1,NULL,NULL,NULL,NULL,NULL,NULL),(625,'2015-09-22','06:16:00',1442956266,345,'',15611,18889.31,3278.31,'closed',137,1,1,1,'65385751402287','2015-10-02','',1,NULL,NULL,NULL,NULL,NULL,NULL),(626,'2015-09-23','09:04:00',1443009513,346,'',10667.5,12907.68,2240.18,'closed',138,1,1,1,'65385756008329','2015-10-03','',1,NULL,NULL,NULL,NULL,NULL,NULL),(627,'2015-09-23','12:55:00',1443023583,347,'',7550,9135.5,1585.5,'closed',19,1,1,1,'65385761145697','2015-10-03','',1,NULL,NULL,NULL,NULL,NULL,NULL),(628,'2015-09-23','03:16:00',1443032096,348,'',16493.8,19957.5,3463.7,'closed',46,1,1,1,'65385763415303','2015-10-03','',1,NULL,NULL,NULL,NULL,NULL,NULL),(629,'2015-09-23','03:20:00',1443032369,349,'',4624.44,5595.57,971.13,'closed',46,1,1,1,'65385763461561','2015-10-03','',1,NULL,NULL,NULL,NULL,NULL,NULL),(630,'2015-09-23','15:20:00',1443032424,0,'',0,0,0,'draft',0,0,1,1,'','0000-00-00','',1,NULL,NULL,NULL,NULL,NULL,NULL),(631,'2015-09-23','03:22:00',1443032447,350,'',3082.96,3730.38,647.42,'closed',46,1,1,1,'65385763499254','2015-10-03','',1,NULL,NULL,NULL,NULL,NULL,NULL),(632,'2015-09-23','03:23:00',1443032549,351,'',3782.8,4577.19,794.39,'closed',46,1,1,1,'65385763527253','2015-10-03','',1,NULL,NULL,NULL,NULL,NULL,NULL),(633,'2015-09-23','03:26:00',1443032673,352,'',26080.74,31557.69,5476.95,'closed',46,1,1,1,'65385763585568','2015-10-03','',1,NULL,NULL,NULL,NULL,NULL,NULL),(634,'2015-09-23','03:31:00',1443033049,353,'',16424.5,19873.65,3449.15,'closed',46,1,1,1,'65385763741935','2015-10-03','',1,NULL,NULL,NULL,NULL,NULL,NULL),(635,'2015-09-23','04:01:00',1443034854,354,'',28064.66,33958.24,5893.58,'closed',46,1,1,1,'65385765259776','2015-10-03','',1,NULL,NULL,NULL,NULL,NULL,NULL),(636,'2015-09-23','04:19:00',1443035513,355,'',31176.33,37723.36,6547.03,'closed',46,1,1,1,'65385766601065','2015-10-03','',1,NULL,NULL,NULL,NULL,NULL,NULL),(637,'2015-09-23','06:55:00',1443045233,356,'',470,568.7,98.7,'closed',139,1,1,1,'65385773188000','2015-10-03','',1,NULL,NULL,NULL,NULL,NULL,NULL),(638,'2015-09-23','06:58:00',1443045367,2,'',3376.17,4085.17,709,'closed',139,1,1,3,'65385773222558','2015-10-03','',1,NULL,NULL,NULL,NULL,NULL,NULL);
/*!40000 ALTER TABLE `bill` ENABLE KEYS */;
UNLOCK TABLES;

--
-- Table structure for table `bill_detail`
--

DROP TABLE IF EXISTS `bill_detail`;
/*!40101 SET @saved_cs_client     = @@character_set_client */;
/*!40101 SET character_set_client = utf8 */;
CREATE TABLE `bill_detail` (
  `bill_detail_id` int(11) NOT NULL AUTO_INCREMENT,
  `unit_net_price` double DEFAULT NULL,
  `unit_final_price` double DEFAULT NULL,
  `concept` varchar(255) DEFAULT NULL,
  `qty` double DEFAULT NULL,
  `secondary_qty` double DEFAULT NULL,
  `line_subtotal` double DEFAULT NULL,
  `line_total` double DEFAULT NULL,
  `bill_id` int(11) NOT NULL,
  `product_id` int(11) DEFAULT NULL,
  `type` varchar(45) DEFAULT NULL,
  PRIMARY KEY (`bill_detail_id`),
  KEY `fk_bill_detail_bill1_idx` (`bill_id`),
  KEY `fk_bill_detail_product1_idx` (`product_id`),
  CONSTRAINT `fk_bill_detail_bill1` FOREIGN KEY (`bill_id`) REFERENCES `bill` (`bill_id`) ON DELETE NO ACTION ON UPDATE NO ACTION,
  CONSTRAINT `fk_bill_detail_product1` FOREIGN KEY (`product_id`) REFERENCES `product` (`product_id`) ON DELETE NO ACTION ON UPDATE NO ACTION
) ENGINE=InnoDB AUTO_INCREMENT=773 DEFAULT CHARSET=utf8;
/*!40101 SET character_set_client = @saved_cs_client */;

--
-- Dumping data for table `bill_detail`
--

LOCK TABLES `bill_detail` WRITE;
/*!40000 ALTER TABLE `bill_detail` DISABLE KEYS */;
INSERT INTO `bill_detail` VALUES (97,466.1157,563.999997,'Silla modelo Ap 50 c/brazos metalicos',6,NULL,2796.6942,3384,33,1,''),(98,439.669,531.99949,'Silla modelo Ap 40 ',4,NULL,1758.676,2128,33,2,''),(99,1008.264,1219.99944,'Silla modelo Rudy 210 ',2,NULL,2016.528,2440,33,3,''),(100,870.247,1052.99887,'Silla modelo Ken baja',2,NULL,1740.494,2106,33,5,''),(101,905.785,1095.99985,'Mesa de PC 0.90 x 0.53 baguette',1,NULL,905.785,1096,33,6,''),(128,1830.57,2214.9897,'Silla Roby 210 C/Permanente',3,NULL,5491.71,6644.97,88,76,''),(129,349.58,422.9918,'Perchero FC 3 ganchos dobles',10,NULL,3495.8,4229.92,88,771,''),(132,864,1045.44,'Silla Jim Cromo',2,NULL,1728,2090.88,95,111,''),(133,864,1045.44,'Silla Jim Cromo',7,NULL,6048,7318.08,96,111,''),(134,1924.48,2328.6208,'Silla Ap 50',10,NULL,19244.8,23286.21,99,99,''),(135,864,1045.44,'Silla Jim Cromo',2,NULL,1728,2090.88,100,111,''),(136,864,1045.44,'Silla Jim texturizada',3,NULL,2592,3136.32,101,112,''),(137,864,1045.44,'Silla Jim Cromo',2,NULL,1728,2090.88,103,111,''),(138,930,1125.3,'Silla Rudy 200 base visitor',1,NULL,930,1125.3,105,307,''),(139,930,1125.3,'Silla Rudy 210 Basculante T/N',10,NULL,9300,11253,106,78,''),(140,398.349,482.00229,'Gabinete para CPU metalico ',1,NULL,398.35,482,111,0,''),(141,61.98,74.9958,'Orificio pasacables ',1,NULL,61.98,75,111,0,''),(142,61.98,74.9958,'Orificio pasacables ',9,NULL,557.82,674.96,113,0,''),(143,398.349,482.00229,'Gabinete para CPU metalico ',8,NULL,3186.79,3856.02,113,0,''),(144,327.93,396.7953,'Silla Ap 40 Simil cuero ',1,NULL,327.93,396.8,114,101,''),(145,864,1045.44,'Silla Jim Cromo',2,NULL,1728,2090.88,116,111,''),(147,1924.48,2328.6208,'Silla Ap 50',10,NULL,19244.8,23286.21,119,99,''),(148,436.5,528.165,'Silla Ap 50',20,NULL,8730,10563.3,121,99,''),(149,2761.59,3341.5239,'Sillon Trento 501 Cromado',15,NULL,41423.85,50122.86,121,13,''),(151,1924.48,2328.6208,'Silla India Gas',10,NULL,19244.8,23286.21,121,47,''),(152,9926.98,12011.6458,'Biblioteca alta con 2 ptas. Altas (Media ab + baja ab c/ptas 214) 90x46x214',1,NULL,9926.98,12011.65,121,0,''),(153,1080.99,1307.9979,'Escritorio de 1.20 x 0.70 x 0.75, patas de 60 x 60, tapa en 25mm de espesor ',12,NULL,12971.88,15695.97,128,0,''),(154,2569.42,3108.9982,'Escritorio de 1.20 x 0.70 x 0.75, patas de 60 x 60, tapa en 25mm con modulo puertas corredizas',7,NULL,17985.94,21762.99,128,0,''),(155,1280.99,1549.9979,'Escritorio de 1.80 x 0.70 x 0.75, patas de 60 x 60, tapa en 25mm',2,NULL,2561.98,3100,128,0,''),(156,1842.97,2229.9937,'Escritorio esquinero de 1.35 x 1.35 con cajonera',5,NULL,9214.85,11149.97,128,0,''),(157,1636.36,1979.9956,'Escritorio de 2.20 x 0.70 x 0.75, patas de 60 x 60, tapa en 25mm ',2,NULL,3272.72,3959.99,128,0,''),(158,2406.61,2911.9981,'Armario de 1.72 x 0.45 x 0.90 con 4 puertas batientes ',2,NULL,4813.22,5824,128,0,''),(159,2140.49,2589.9929,'Armario de 1.70 x 0.80 x 0.40 con 2 puertas bajas, parte alta con estantes ',12,NULL,25685.88,31079.91,128,0,''),(160,3216.52,3891.9892,'Escritorio de 1.20 x 0.70 x 0.75, patas de 60 x 60, tapa en 25mm de espesor c/armario puesto trabajo',12,NULL,38598.24,46703.87,128,0,''),(161,8677.68,10499.9928,'Isla de trabajo con modulo vertical color verde lima ',6,NULL,52066.08,62999.96,128,0,''),(162,1322.31,1599.9951,'Mesa de reunión redonda de 1.00 de diámetro x 0.75 alto ',1,NULL,1322.31,1600,128,0,''),(163,1330.57,1609.9897,'Mesa de reunión rectangular de 1.60 x 0.70 x 0.75 ',2,NULL,2661.14,3219.98,128,0,''),(164,1330.57,1609.9897,'Mesa de reunión rectangular de 1.60 x 0.70 x 0.75 con unión de refuerzo ',2,NULL,2661.14,3219.98,128,0,''),(165,346.28,418.9988,'Silla Ap 40 Simil cuero ',75,NULL,25971,31424.91,128,101,''),(166,595.04,719.9984,'Silla Ap 60 ',36,NULL,21421.44,25919.94,128,98,''),(167,822.31,994.9951,'Silla Rudy 210 C/P Simil cuero ',6,NULL,4933.86,5969.97,128,82,''),(168,217.36,263.0056,'Silla Opera 40 N',100,NULL,21736,26300.56,128,127,''),(182,2893,3500.53,'Sillón Milano Alto',1,NULL,2893,3500.53,136,291,''),(187,398.35,482.0035,'Gabinete para CPU metalico ',1,NULL,398.35,482,144,0,''),(188,61.98,74.9958,'Orificio pasacables ',1,NULL,61.98,75,144,0,''),(189,789.25619,954.9999899,'Estantería metálica modular ',40,NULL,31570.25,38200,150,0,''),(190,2421.4876,2929.999996,'Mesa de reuniones ',1,NULL,2421.49,2930,150,0,''),(191,2219.8347,2685.999987,'Cama construida en caño ref 1 plaza',9,NULL,19978.51,24174,150,0,''),(192,280.99173,339.9999933,'Perchero FC 3 ganchos dobles',30,NULL,8429.75,10200,150,771,''),(194,2020,2444.2,'Armario metálico de 1.80 x 0.90 x 0.45 c/estantes ',1,NULL,2020,2444.2,152,901,''),(195,789.25619,954.9999899,'Estantería metálica modular ',40,NULL,31570.25,38200,153,0,''),(196,2421.4876,2929.999996,'Mesa de reuniones ',1,NULL,2421.49,2930,153,0,''),(197,2219.8347,2685.999987,'Cama construida en caño ref 1 plaza',9,NULL,19978.51,24174,153,0,''),(198,280.99173,339.9999933,'Perchero FC 3 ganchos dobles',30,NULL,8429.75,10200,153,771,''),(199,789.25619,954.9999899,'Estantería metálica modular ',40,NULL,31570.25,38200,154,0,''),(200,2421.4876,2929.999996,'Mesa de reuniones ',1,NULL,2421.49,2930,154,0,''),(201,2219.8347,2685.999987,'Cama construida en caño ref 1 plaza',9,NULL,19978.51,24174,154,0,''),(202,280.99173,339.9999933,'Perchero FC 3 ganchos dobles',30,NULL,8429.75,10200,154,771,''),(203,1943,2351.03,'Armario metálico de 1.80 x 0.90 x 0.45 c/estantes ',4,NULL,7772,9404.12,156,901,''),(204,310.88,376.1648,'adicional por embalaje ',1,NULL,310.88,376.16,156,933,''),(206,1943,2351.03,'Armario metálico de 1.80 x 0.90 x 0.45 c/estantes ',4,NULL,7772,9404.12,159,901,''),(207,310.88,376.1648,'adicional por embalaje ',1,NULL,310.88,376.16,159,933,''),(208,404.15,489.0215,'Adicional flete',1,NULL,404.15,489.02,159,944,''),(210,201.1,243.331,'SILLA REPARADA',3,NULL,603.3,729.99,166,0,''),(211,2235,2704.35,'Archivo de 4 cajones de 1.34 x 0.46 x 0.70 telescopicas ',18,NULL,40230,48678.3,169,935,''),(212,1609.2,1947.132,'adicional por embalaje ',1,NULL,1609.2,1947.13,169,933,''),(213,2397,2900.37,'Guardarropa metálico de 6 puertas cortas 1.85 x 0.78 x 0.52 ',1,NULL,2397,2900.37,170,923,''),(214,95.88,116.0148,'adicional por embalaje ',1,NULL,95.88,116.01,170,933,''),(216,67800,82038,'CHAPA, CORTE Y PLEGADO',1,NULL,67800,82038,172,0,''),(218,1870,2262.7,'cajonera de 3 cajones',1,NULL,1870,2262.7,173,0,''),(219,1700,2057,'MESA PARA COCINA BASE METÁLICA ',1,NULL,1700,2057,175,0,''),(220,377,456.17,'SILLA COLOR VERDE MANZANA',8,NULL,3016,3649.36,175,0,''),(224,2492.3388,3015.729948,'ESCRITORIO MODELO AREAS 2 TEMPO FC 1.44 X 0.70 X 0.74, TODO EN 25MM DE ESPESOR, CON CAJONERA DE 2 CAJONES',5,NULL,12461.69,15078.65,176,0,''),(225,1046.9587,1266.820027,'SILLA RUDY 210 GIRATORIA CON APOYA BRAZOS',8,NULL,8375.67,10134.56,176,0,''),(226,3078.3471,3724.799991,'MOSTRADOR DE 0.90 X 0.45 X 1.07 TODO EN 25MM CON ADICIONAL DE BIBLIOTECA Y PUERTAS',5,NULL,15391.74,18624,176,0,''),(227,200,242,'SILLA REPARADA',4,NULL,800,968,177,0,''),(228,1073,1298.33,'ESCRITORIO MODELO BAGUETTE 1,22MX0,70MX0,74M - ALUMINIO WENGUE',2,NULL,2146,2596.66,179,0,''),(229,1748,2115.08,'ESCRITORIO MODELO BAGUETTE 1,44MX0,70MX0,74M 2 CAJONES',1,NULL,1748,2115.08,179,0,''),(230,2170,2625.7,'BIBLIOTECA MODELO BAGUETTE 1,32MX0,90MX0,45M PUERTAS BATIENTES',2,NULL,4340,5251.4,179,0,''),(232,700,847,'CAJONERA DE 2 CAJONES',2,NULL,1400,1694,179,0,''),(234,370,447.7,'SILLA REPARADA GIRATORIA',2,NULL,740,895.4,186,0,''),(236,3983.47,4819.9987,'PUESTO TRABAJO ÁREAS 2 25 MILÍMETROS 1,44MX1,35M CAJONERA PEDESTAL Y GABINETE PARA CPU',1,NULL,3983.47,4820,188,0,''),(237,1986,2403.06,'Archivo metálico de 4 cajones de 1.34 x 0.46 x 0.60 ',2,NULL,3972,4806.12,189,934,''),(238,139.02,168.2142,'Adicional flete',1,NULL,139.02,168.21,189,944,''),(239,1769.83,2141.4943,'BIBLIOTECA 0,90MX0,86M CON PUERTAS - GRAFITO CEREZO',2,NULL,3539.66,4282.99,190,0,''),(244,219,264.99,'ESTANTE DE 0,90M',1,NULL,219,264.99,190,0,''),(245,4150.41,5021.9961,'ESCRITORIO MODELO ÁREAS 2 - 1,44MX0,70M - ESQUINERO 0,70MX0,53M - EXTENSIÓN 0,90MX0,53M - CAJONERA DE 2 CAJONES',1,NULL,4150.41,5022,191,0,''),(246,1776.86,2150.0006,'Silla Rudy 210 C/P Simil cuero ',1,NULL,1776.86,2150,191,82,''),(247,413.22,499.9962,'Silla Ap 40 Simil cuero ',2,NULL,826.44,999.99,191,101,''),(249,600,726,'SILLÓN REPARADO TAPIZADO COMPLETO',1,NULL,600,726,196,0,''),(250,2065,2498.65,'Archivo metálico de 4 cajones de 1.34 x 0.46 x 0.60 ',2,NULL,4130,4997.3,197,934,''),(252,983.47107438,1189.9999999998,'Silla modelo Flash respaldo red medio con mecanismo flexor y apoya brazos',30,NULL,29504.13,35700,202,0,''),(253,7479.33,9049.9893,'FICHERO DE 7 CAJONES ',1,NULL,7479.33,9049.99,204,0,''),(254,1943,2351.03,'Armario metálico de 1.80 x 0.90 x 0.45 c/estantes ',2,NULL,3886,4702.06,205,901,''),(255,2552,3087.92,'Sillon Kouros 601 Negro',1,NULL,2552,3087.92,208,24,''),(257,2066.1157,2499.999997,'Mesa Redonda base X  120D',1,NULL,2066.12,2500,209,0,''),(261,3795,4591.95,'BIBLIOTECA 1,35MX0,90MX0,45M',18,NULL,68310,82655.1,213,0,''),(262,2564,3102.44,'BIBLIOTECA 0.90MX0,74MX0.45M',20,NULL,51280,62048.8,213,0,''),(263,1685,2038.85,'BIBLIOTECA 0,45MX0,74MX0,45M',4,NULL,6740,8155.4,213,0,''),(264,2499,3023.79,'BIBLIOTECA 0,45MX1,35MX0,45M',5,NULL,12495,15118.95,213,0,''),(265,2213,2677.73,'MESA REUNIÓN 1,20M DE DIÁMETRO',5,NULL,11065,13388.65,213,0,''),(266,1029,1245.09,'EXTENSIÓN PARA PC',4,NULL,4116,4980.36,213,0,''),(267,145,175.45,'SILLA RETAPIZADA',11,NULL,1595,1929.95,214,0,''),(268,290,350.9,'PERCHERO DE PIE',10,NULL,2900,3509,214,0,''),(273,1050,1270.5,'SILLA AP 60',60,NULL,63000,76230,216,0,''),(274,1370,1657.7,'SILLA CAJERA TYSON',5,NULL,6850,8288.5,216,0,''),(275,1490,1802.9,'SILLA MODELO RUDY 210 GIRATORIA NEUMÁTICA TAPIZADA',2,NULL,2980,3605.8,216,0,''),(276,590,713.9,'SILLA AP 40 FIJA TAPIZADA',5,NULL,2950,3569.5,216,0,''),(277,19.87,24.0427,'KILOS DE CARTÓN CORRUGADO PARA EMBALAJE',60,NULL,1192.2,1442.56,217,0,''),(278,1490,1802.9,'SILLÓN MODELO INDIA',17,NULL,25330,30649.3,219,0,''),(279,90,108.9,'RETAPIZADO',5,NULL,450,544.5,219,0,''),(280,2340,2831.4,'SILLÓN KOUROS 300 GIRATORIO NEUMÁTICO TAPIZADO SIMIL CUERO',1,NULL,2340,2831.4,221,0,''),(281,2340,2831.4,'Sillon Kouros 300 V Negro',1,NULL,2340,2831.4,223,29,''),(282,2190,2649.9,'Archivo metálico de 4 cajones de 1.34 x 0.46 x 0.60 ',1,NULL,2190,2649.9,224,934,''),(283,4260,5154.6,'SILLÓN CITIZ',1,NULL,4260,5154.6,225,0,''),(284,570,689.7,'Silla Ap 50',1,NULL,570,689.7,227,99,''),(285,114856,138975.76,'SALDO 50 % ORDEN Nº 4300138769',1,NULL,114856,138975.76,229,0,''),(286,4996,6045.16,'Guarda bolsos metálico 12 puertas 1.85 x 0.78 x 0.52  ',3,NULL,14988,18135.48,230,937,''),(287,524.58,634.7418,'Adicional flete',1,NULL,524.58,634.74,230,944,''),(288,570,689.7,'Silla Ap 50',10,NULL,5700,6897,231,99,''),(289,570,689.7,'Silla Ap 50',10,NULL,5700,6897,232,99,''),(290,570,689.7,'Silla Ap 50',1,NULL,570,689.7,233,99,''),(291,2340,2831.4,'NOTA DE CRÉDITO POR FACTURA Nº 155',1,NULL,2340,2831.4,236,0,''),(293,5700,6897,'NOTA DE DÉBITO POR CANCELACIÓN DE NOTA DE CRÉDITO Nº 4',1,NULL,5700,6897,248,0,''),(294,2340,2831.4,'NOTA CRÉDITO POR FACTURA Nº 155',1,NULL,2340,2831.4,250,0,''),(295,800,968,'PERCHERO ACERO',5,NULL,4000,4840,252,0,''),(296,272,329.12,'PERCHERO STANDAR',10,NULL,2720,3291.2,252,0,''),(297,790,955.9,'BANQUETA 1,20M',2,NULL,1580,1911.8,252,0,''),(298,4010,4852.1,'Guardarropa metálico de 12 puertas cortas 1.85 x 1.54 x 0.52 ',19,NULL,76190,92189.9,253,926,''),(299,2881,3486.01,'Sillon Trento 501 Negro ',10,NULL,28810,34860.1,255,16,''),(301,87,105.27,'CERRADURA',180,NULL,15660,18948.6,257,0,''),(302,2235,2704.35,'Archivo metálico de 4 cajones de 1.34 x 0.46 x 0.60 ',6,NULL,13410,16226.1,258,934,''),(303,4938.15,5975.1615,'Guarda bolsos metálico 20 puertas 1.85 x 1.28 x 0.52  ',2,NULL,9876.3,11950.32,258,939,''),(304,1164.31,1408.8151,'Adicional flete',1,NULL,1164.31,1408.82,258,944,''),(305,1109,1341.89,'Silla Fly trineo ',2,NULL,2218,2683.78,260,96,''),(306,2250,2722.5,'MESA 1,20 M DE DIÁMETRO',1,NULL,2250,2722.5,260,0,''),(307,3560,4307.6,'PUESTO TRABAJO AREAS 2-1,62MX1,67M 4 CAJONES ',1,NULL,3560,4307.6,261,0,''),(308,1199,1450.79,'ESCRITORIO AREAS 2-1,22MX0,70M',1,NULL,1199,1450.79,261,0,''),(309,1325,1603.25,'CAJONERA PEDESTAL 1 CAJÓN GABINETE PARA CPU',1,NULL,1325,1603.25,261,0,''),(310,1088,1316.48,'BIBLIOTECA BAGUETTE 0,90MX0,86M CON PUERTAS',2,NULL,2176,2632.96,261,0,''),(311,1530,1851.3,'BIBLIOTECA BAGUETTE 0,90MX1,31M CON PUERTAS',2,NULL,3060,3702.6,261,0,''),(312,300,363,'GABINETE PORTA CPU METÁLICO SATINADO',1,NULL,300,363,261,0,''),(313,1416.75,1714.2675,'BIBLIOTECA AREAS 2-0,90MX0,74M',2,NULL,2833.5,3428.54,261,0,''),(314,2142.7,2592.667,'BIBLIOTECA AREAS 2-0,90MX1,35M',2,NULL,4285.4,5185.33,261,0,''),(315,947.52,1146.4992,'SILLA SP 100 OVALINA GAS APOYA BRAZOS 339 TAPIZADA',10,NULL,9475.2,11464.99,262,0,''),(316,1252.08,1515.0168,'SILLA INDIA GAS APOYA BRAZOS 338 TAPIZADA',6,NULL,7512.48,9090.1,262,0,''),(317,1943,2351.03,'Armario metálico de 1.80 x 0.90 x 0.45 c/estantes ',2,NULL,3886,4702.06,263,901,''),(318,1735,2099.35,'Guardarropa metálico de 4 puertas cortas 1.85 x 0.53 x 0.52 ',1,NULL,1735,2099.35,263,922,''),(319,980,1185.8,'Silla Rudy 210 C/P Simil cuero ',9,NULL,8820,10672.2,264,82,''),(320,278,336.38,'Perchero FC 3 ganchos dobles',6,NULL,1668,2018.28,264,771,''),(321,1240,1500.4,'Estanterías metálicas de 2.00 x 0.90 x 0.60 con 5 estantes  ',10,NULL,12400,15004,266,0,''),(322,2200,2662,'Armario metálico de 1.80 x 0.90 x 0.45 c/estantes ',1,NULL,2200,2662,266,901,''),(323,2180,2637.8,'Biblioteca de 1.31 x 0.90 x 0.45 con 2 estantes ceniza - grafito',1,NULL,2180,2637.8,266,0,''),(324,980,1185.8,'Silla Rudy 210 C/P Simil cuero ',9,NULL,8820,10672.2,269,82,''),(325,278,336.38,'Perchero FC 3 ganchos dobles',6,NULL,1668,2018.28,269,771,''),(326,1673,2024.33,'ARCHIVO DE 0,45M',2,NULL,3346,4048.66,271,0,''),(327,494.4,598.224,'TOP COLOR CEREZO',1,NULL,494.4,598.22,271,0,''),(328,640,774.4,'Silla Fly 45 ',8,NULL,5120,6195.2,272,93,''),(331,7600,9196,'1 SILLÓN KOUROS 601 - 2 SILLÓN KOUROS 600',1,NULL,7600,9196,272,0,''),(332,4450,5384.5,'Guardarropa metálico de 4 puertas cortas 1.85 x 0.53 x 0.52 ',31,NULL,137950,166919.5,274,922,''),(333,356,430.76,'adicional por embalaje ',31,NULL,11036,13353.56,274,933,''),(334,1541.48,1865.1908,'SILLAS MODELO INDIA NEUMÁTICA S/BRAZOS, KIT CAJERO',2,NULL,3082.96,3730.38,277,0,''),(335,2235,2704.35,'Archivo metálico de 4 cajones de 1.34 x 0.46 x 0.60 ',13,NULL,29055,35156.55,278,934,''),(336,3080,3726.8,'BONIFICACION POR COMPRAS ACUMULADAS',1,NULL,3080,3726.8,282,0,''),(338,585.12,707.9952,'ORDENADOR CON CINTA RETRÁCTIL',1,NULL,585.12,708,285,0,''),(341,1943,2351.03,'Armario metálico de 1.80 x 0.90 x 0.45 c/estantes ',3,NULL,5829,7053.09,288,901,''),(343,233.16,282.1236,'adicional por embalaje ',1,NULL,233.16,282.12,288,933,''),(344,1943,2351.03,'Armario metálico de 1.80 x 0.90 x 0.45 c/estantes ',2,NULL,3886,4702.06,290,901,''),(345,155.44,188.0824,'Embalaje ',1,NULL,155.44,188.08,290,0,''),(346,242.48,293.4008,'Flete Mendoza - San Juan ',1,NULL,242.48,293.4,290,0,''),(347,1943,2351.03,'Armario metálico de 1.80 x 0.90 x 0.45 c/estantes ',1,NULL,1943,2351.03,291,901,''),(348,1996,2415.16,'Archivo metálico de 4 cajones de 1.34 x 0.46 x 0.60 ',1,NULL,1996,2415.16,291,934,''),(349,157.56,190.6476,'adicional por embalaje ',1,NULL,157.56,190.65,291,933,''),(350,1943,2351.03,'Armario metálico de 1.80 x 0.90 x 0.45 c/estantes ',5,NULL,9715,11755.15,292,901,''),(353,388.6,470.206,'Embalaje ',1,NULL,388.6,470.21,292,0,''),(354,505.18,611.2678,'Flete Mendoza - San Juan ',1,NULL,505.18,611.27,292,0,''),(355,585.123966,707.99999886,'ORDENADOR CON CINTA RETRÁCTIL ',1,NULL,585.12,708,296,0,''),(358,2135,2583.35,'Sillon Kouros 301 Negro',1,NULL,2135,2583.35,302,27,''),(359,2135,2583.35,'Sillon Kouros 301 Negro',1,NULL,2135,2583.35,304,27,''),(360,2824.2,3417.282,'SILLON TRENTO 500 MEDIO C/BASCULANTE, ECO CUERO NEGRO ',1,NULL,2824.2,3417.28,305,0,''),(361,1233,1491.93,'Silla Rudy 200 C/P',1,NULL,1233,1491.93,306,83,''),(362,730,883.3,'Silla Fly 45 ',2,NULL,1460,1766.6,306,93,''),(363,3378.69,4088.2149,'Silla modelo Citiz synchron c/brazos regulables y cabezal',1,NULL,3378.69,4088.21,307,0,''),(364,378.28,457.7188,'Sillas Modelo RP 700 fija',80,NULL,30262.4,36617.5,309,0,''),(365,3378.69,4088.2149,'Silla Modelo Citiz synchron c/brazos regulables y cabezal ',4,NULL,13514.76,16352.86,311,0,''),(366,1695.63,2051.7123,'Silla modelo India s/brazo, kit cajero ',2,NULL,3391.26,4103.42,312,0,''),(367,1541.48,1865.1908,'Silla modelo India s/brazos, kit cajero',1,NULL,1541.48,1865.19,313,0,''),(368,1541.48,1865.1908,'Silla modelo india c/brazos, kit cajero',1,NULL,1541.48,1865.19,314,0,''),(369,1461.39,1768.2819,'Silla modelo India c/brazos 680',4,NULL,5845.56,7073.13,315,0,''),(370,1461.39,1768.2819,'Silla modelo India c/brazos 680',1,NULL,1461.39,1768.28,316,0,''),(371,404.76,489.7596,'Silla modelo RP 700 fija con gancho de Unión ',10,NULL,4047.6,4897.6,317,0,''),(372,1563.68,1892.0528,'Silla modelo India c/brazos 680 ',8,NULL,12509.44,15136.42,317,0,''),(373,1649.38,1995.7498,'Silla modelo India Kit cajero ',15,NULL,24740.7,29936.25,317,0,''),(374,1260.24,1524.8904,'Silla modelo Petra cajero c/ruedas',1,NULL,1260.24,1524.89,318,0,''),(375,1165.76,1410.5696,'Silla modelo Petra c/brazos y ruedas',4,NULL,4663.04,5642.28,318,0,''),(376,1052.64,1273.6944,'Silla modelo Petra s/brazos y ruedas',2,NULL,2105.28,2547.39,318,0,''),(377,1695.63,2051.7123,'Silla modelo india s/brazos, Kit cajero ',12,NULL,20347.56,24620.55,319,0,''),(378,1695.63,2051.7123,'Silla modelo India s/brazos, kit cajero ',1,NULL,1695.63,2051.71,320,0,''),(379,1541.48,1865.1908,'Silla modelo India s/brazos, kit cajero ',7,NULL,10790.36,13056.34,321,0,''),(380,1541.48,1865.1908,'Silla modelo India s/brazo, kit cajero',1,NULL,1541.48,1865.19,322,0,''),(381,1461.39,1768.2819,'Silla modelo India c/brazo 680',3,NULL,4384.17,5304.85,323,0,''),(382,1461.39,1768.2819,'Silla modelo India c/brazos 680',3,NULL,4384.17,5304.85,324,0,''),(383,3378.69,4088.2149,'Silla modelo Citiz synchron c/brazos regulables y cabezal',1,NULL,3378.69,4088.21,325,0,''),(384,1541.48,1865.1908,'Silla modelo India s/brazos, kit cajero',1,NULL,1541.48,1865.19,326,0,''),(385,2824.2,3417.282,'Sillones modelo Trento 500 medio',2,NULL,5648.4,6834.56,327,0,''),(386,2895.66,3503.7486,'Sillon modelo Trento 501 Alto',1,NULL,2895.66,3503.75,327,0,''),(387,1541.48,1865.1908,'Silla modelo India s/brazos, kit cajero',3,NULL,4624.44,5595.57,328,0,''),(388,1355.42,1640.0582,'Silla modelo India s/brazo',6,NULL,8132.52,9840.35,328,0,''),(389,1461.39,1768.2819,'Silla modelo India c/brazos 680 ',3,NULL,4384.17,5304.85,328,0,''),(390,1541.48,1865.1908,'Silla modelo India s/brazos, kit cajero',1,NULL,1541.48,1865.19,329,0,''),(391,2824.2,3417.282,'Sillon Gerente modelo Trento 500 medio',2,NULL,5648.4,6834.56,330,0,''),(392,2895.66,3503.7486,'Sillon gerente modelo 501 Alto',1,NULL,2895.66,3503.75,330,0,''),(393,396.6942,479.999982,'Perchero FC 3 ganchos dobles',2,NULL,793.39,960,332,771,''),(394,2480,3000.8,'ESCRITORIO ÁREAS 2',2,NULL,4960,6001.6,339,0,''),(395,1484,1795.64,'SILLA MODELO RUDY 210 GIRATORIA NEUMÁTICA APOYA BRAZOS TAPIZADA',2,NULL,2968,3591.28,339,0,''),(396,696,842.16,'Silla Fly 44 N',2,NULL,1392,1684.32,339,95,''),(397,155,187.55,'SILLA RETAPIZADA',17,NULL,2635,3188.35,341,0,''),(398,2128,2574.88,'ARCHIVO METÁLICO DE 4 CAJONES PARA CARPETAS COLGANTES 1,34MX0,47M',5,NULL,10640,12874.4,342,0,''),(399,2891,3498.11,'Biblioteca metálica de 1.80 x 1.50 x 0.45 c/estante ',2,NULL,5782,6996.22,342,920,''),(400,1943,2351.03,'Armario metálico de 1.80 x 0.90 x 0.45 c/estantes ',1,NULL,1943,2351.03,342,901,''),(401,918.25,1111.0825,'Adicional flete',1,NULL,918.25,1111.08,342,944,''),(402,811,981.31,'Silla Ap 60 ',4,NULL,3244,3925.24,343,98,''),(403,1030,1246.3,'Silla Rudy 210 C/P Simil cuero ',3,NULL,3090,3738.9,343,82,''),(404,2500,3025,'ESCRITORIO VP 1,22MX0,70M CON 2 CAJONES GRAFITO CEREZO',1,NULL,2500,3025,344,0,''),(405,5700,6897,'ESCRITORIO GRACE 1,80M CON EXTENSIÓN Y CAJONERA PÚBLICA',1,NULL,5700,6897,350,0,''),(406,1745,2111.45,'BIBLIOTECA 0,90MX0,86M PUERTAS Y CERRADURA',2,NULL,3490,4222.9,350,0,''),(407,3460,4186.6,'Sillon Trento 501 Cromado',1,NULL,3460,4186.6,350,13,''),(408,1850,2238.5,'MESA REDONDA DIÁMETRO 1,20M',1,NULL,1850,2238.5,350,0,''),(409,440,532.4,'Silla Ap 40 Simil cuero ',12,NULL,5280,6388.8,350,101,''),(410,658,796.18,'BANQUETA DE 1,00 M  ',2,NULL,1316,1592.36,354,0,''),(411,52.64,63.6944,'adicional por embalaje ',1,NULL,52.64,63.69,354,933,''),(412,250,302.5,'BASE DE MESA',7,NULL,1750,2117.5,356,0,''),(413,70,84.7,'adicional por embalaje ',1,NULL,70,84.7,356,933,''),(414,890,1076.9,'LUANDA TRINEO',2,NULL,1780,2153.8,357,0,''),(415,727.8,880.638,'ESTANTERIAS DE 2.00 X 0.90 X 0.42, CON 5 ESTANTES',20,NULL,14556,17612.76,363,0,''),(416,815,986.15,'SILLA MODELO AP 60',1,NULL,815,986.15,363,0,''),(417,2670,3230.7,'BIBLIOTECA DE 2.14 X 0.90 CON PUERTAS',1,NULL,2670,3230.7,363,0,''),(418,1540,1863.4,'ESCRITORIO DE 1.22 X 0.60 CON 2 CAJONES',1,NULL,1540,1863.4,363,0,''),(419,3402.2038,4116.666598,'Archivo de 4 cajones de 1.34 x 0.46 x 0.70 telescopicas ',3,NULL,10206.61,12350,365,935,''),(420,710.74,859.9954,'Silla Ap 60 ',1,NULL,710.74,860,366,98,''),(421,2314.0495,2799.999895,'SILLÓN BELÉN CON ESTRELLA METÁLICA',1,NULL,2314.05,2800,366,0,''),(422,3095,3744.95,'Biblioteca metálica de 1.80 x 1.50 x 0.45 c/estante ',7,NULL,21665,26214.65,367,920,''),(423,866.6,1048.586,'adicional por embalaje ',1,NULL,866.6,1048.59,367,933,''),(424,100,121,'ESTANTE ',62,NULL,6200,7502,368,0,''),(426,1810,2190.1,'Armario metálico de 1.80 x 0.50 x 0.45 c/estantes ',3,NULL,5430,6570.3,369,906,''),(427,271.5,328.515,'ADICIONAL POR PINTURA COLOR AZUL FUERA DE CATÁLOGO 5 %',1,NULL,271.5,328.52,369,0,''),(428,6200,7502,'NOTA DE DÉBITO A PARA ANULAR NOTA DE CRÉDITO A Nº 8',1,NULL,6200,7502,375,0,''),(429,12400,15004,'NOTA DE CRÉDITO POR FACTURA A - 176',1,NULL,12400,15004,377,0,''),(430,830,1004.3,'Silla Ap 60 ',1,NULL,830,1004.3,379,98,''),(432,378,457.38,'SILLAS MODELO AP 40 TAPIZADA',3,NULL,1134,1372.14,380,0,''),(433,3095,3744.95,'Biblioteca metálica de 1.80 x 1.50 x 0.45 c/estante ',5,NULL,15475,18724.75,381,920,''),(434,619,748.99,'adicional por embalaje ',1,NULL,619,748.99,381,933,''),(435,3095,3744.95,'Biblioteca metálica de 1.80 x 1.50 x 0.45 c/estante ',2,NULL,6190,7489.9,382,920,''),(436,247.6,299.596,'adicional por embalaje ',1,NULL,247.6,299.6,382,933,''),(437,5343,6465.03,'MOSTRADOR',1,NULL,5343,6465.03,383,0,''),(438,165,199.65,'SILLA RETAPIZADA',16,NULL,2640,3194.4,383,0,''),(439,2024,2449.04,'MESA PARA PC',6,NULL,12144,14694.24,383,0,''),(440,1550,1875.5,'ESCRITORIO 1,22MX0,70M',20,NULL,31000,37510,384,0,''),(441,910,1101.1,'CAJONERA PEDESTAL',20,NULL,18200,22022,384,0,''),(442,498,602.58,'BANDEJA DESLIZABLE',20,NULL,9960,12051.6,384,0,''),(443,3095,3744.95,'Biblioteca metálica de 1.80 x 1.50 x 0.45 c/estante ',2,NULL,6190,7489.9,385,920,''),(444,247.6,299.596,'adicional por embalaje ',1,NULL,247.6,299.6,385,933,''),(445,321.88,389.4748,'Adicional flete',1,NULL,321.88,389.47,386,944,''),(446,1943,2351.03,'ARMARIO DE 1.80 X 0.90 CON 3 ESTANTES - TOSTADO Y BEIGE',6,NULL,11658,14106.18,387,0,''),(447,3300,3993,'SILLON MODELO TRENTO 500 CROMADA SIMIL CUERO NEGRO ',10,NULL,33000,39930,388,0,''),(449,1760.33,2129.9993,'BIBLIOTECA 0,90MX0,90M CON PUERTAS',2,NULL,3520.66,4260,390,0,''),(450,2095.04,2534.9984,'MESA 1,80MX0,90M',1,NULL,2095.04,2535,390,0,''),(451,2355.37,2849.9977,'ESCRITORIO 1,44M ALUMINIO WENGUE 2 CAJONES',2,NULL,4710.74,5700,390,0,''),(452,1305.7851,1579.999971,'Silla Roby 210 Basculante',2,NULL,2611.57,3160,392,74,''),(453,2450,2964.5,'ESCRITORIO ÁREAS 2 - 25 MM 1,44MX0,70MX0,74M CERRADURA',2,NULL,4900,5929,393,0,''),(454,1850,2238.5,'BIBLIOTECA BAJA PUERTAS CORREDIZAS CERRADURA 1,20MX0,80MX0,45M',2,NULL,3700,4477,393,0,''),(455,1450,1754.5,'BIBLIOTECA ALTA SIN PUERTAS 1,20MX1,00M',2,NULL,2900,3509,393,0,''),(456,528,638.88,'SILLA AP 40 FIJA TAPIZADA',2,NULL,1056,1277.76,393,0,''),(457,1760.33,2129.9993,'Bibliotecas de 0.90 x 0.86 c/puertas (wenge - aluminio)',2,NULL,3520.66,4260,394,0,''),(458,588.62,712.2302,'Adicional por cambio de mesa de reunión ',1,NULL,588.62,712.23,394,0,''),(459,2009.09,2430.9989,'SILLA INDIA CON BRAZOS 338 ESTRELLA METÁLICA',2,NULL,4018.18,4862,396,0,''),(460,249.59,302.0039,'CERRADURA DE ARMARIO',3,NULL,748.77,906.01,396,0,''),(461,1943,2351.03,'Armario metálico de 1.80 x 0.90 x 0.45 c/estantes ',3,NULL,5829,7053.09,398,901,''),(462,3188.42,3857.9882,'SILLA MODELO CITIZ CON BRAZOS ',1,NULL,3188.42,3857.99,399,0,''),(463,1900.82,2299.9922,'SILLA MODELO KOUROS 301 NEGRO ',1,NULL,1900.82,2299.99,400,0,''),(464,1390,1681.9,'ESCRITORIOS A2 DE 1.44 X 0.70 HAYA-GRAFITO',2,NULL,2780,3363.8,401,0,''),(466,814.876,985.99996,'Silla Fly 45 ',2,NULL,1629.75,1972,403,93,''),(467,4010,4852.1,'Guardarropa metálico de 12 puertas cortas 1.85 x 1.54 x 0.52 ',1,NULL,4010,4852.1,404,926,''),(468,155,187.55,'SILLA RETAPIZADA',48,NULL,7440,9002.4,405,0,''),(469,230,278.3,'PISTÓN GAS',5,NULL,1150,1391.5,405,0,''),(470,38,45.98,'RUEDA',22,NULL,836,1011.56,405,0,''),(471,2752,3329.92,'Guarda bolsos metalico 8 puertas 1.85 x 0.53 x 0.52  ',1,NULL,2752,3329.92,406,936,''),(472,110.08,133.1968,'adicional por embalaje ',1,NULL,110.08,133.2,406,933,''),(473,4411,5337.31,'Guarda bolsos metálico 12 puertas 1.85 x 0.78 x 0.52  ',2,NULL,8822,10674.62,408,937,''),(475,2235,2704.35,'Archivo de 4 cajones de 1.34 x 0.46 x 0.70 telescopicas ',5,NULL,11175,13521.75,408,935,''),(476,699.89,846.8669,'Adicional flete',1,NULL,699.89,846.87,408,944,''),(477,4411,5337.31,'Guarda bolsos metálico 12 puertas 1.85 x 0.78 x 0.52  ',2,NULL,8822,10674.62,410,937,''),(478,2235,2704.35,'Archivo de 4 cajones de 1.34 x 0.46 x 0.70 telescopicas ',5,NULL,11175,13521.75,410,935,''),(479,699.89,846.8669,'Adicional flete',1,NULL,699.89,846.87,410,944,''),(481,4703,5690.63,'Guarda bolsos metálico 20 puertas 1.85 x 1.28 x 0.52  ',3,NULL,14109,17071.89,413,939,''),(482,120,145.2,'Adicional por cerradura para guardarropa o guarda bolsos',60,NULL,7200,8712,413,927,''),(485,300,363,'MUESTRAS COLOR',6,NULL,1800,2178,418,0,''),(490,4680,5662.8,'PUESTO TRABAJO 1,62MX1,35M 4 CAJONES',1,NULL,4680,5662.8,422,0,''),(491,2470,2988.7,'BIBLIOTECA 1,32MX0,90M',2,NULL,4940,5977.4,422,0,''),(492,2330,2819.3,'Armario metálico de 1.80 x 0.90 x 0.45 c/estantes ',1,NULL,2330,2819.3,424,901,''),(493,295,356.95,'Silla Opera 40',4,NULL,1180,1427.8,424,126,''),(494,446.28,539.9988,'Silla Ap 40 Simil cuero ',3,NULL,1338.84,1620,425,101,''),(496,1810,2190.1,'Armario metálico de 1.80 x 0.50 x 0.45 c/estantes ',1,NULL,1810,2190.1,426,906,''),(497,479.33,579.9893,'SILLA MODELO AP 40 SIMIL CUERO NEGRO',4,NULL,1917.32,2319.96,428,0,''),(498,1776.85,2149.9885,'SILLA MODELO INDIA CON BRAZOS 680',1,NULL,1776.85,2149.99,428,0,''),(499,1943,2351.03,'Armario metálico de 1.80 x 0.90 x 0.45 c/estantes ',3,NULL,5829,7053.09,430,901,''),(503,991.73,1199.9933,'Silla Jim Cromo',9,NULL,8925.57,10799.94,434,111,''),(504,1100,1331,'REPARACIÓN SILLÓN KOURUS 601 ALTO TAPIZADO',1,NULL,1100,1331,436,0,''),(505,300,363,'REPARACIÓN DE SILLA',3,NULL,900,1089,436,0,''),(507,1735,2099.35,'Guardarropa metálico de 4 puertas cortas 1.85 x 0.53 x 0.52 ',1,NULL,1735,2099.35,438,922,''),(508,3095,3744.95,'Biblioteca metálica de 1.80 x 1.50 x 0.45 c/estante ',2,NULL,6190,7489.9,438,920,''),(509,1943,2351.03,'Armario metálico de 1.80 x 0.90 x 0.45 c/estantes ',9,NULL,17487,21159.27,438,901,''),(510,1016.48,1229.9408,'adicional por embalaje ',1,NULL,1016.48,1229.94,438,933,''),(511,1388.43,1680.0003,'Silla Rudy 210 Basculante S/C',2,NULL,2776.86,3360,439,79,''),(512,2700,3267,'BIBLIOTECA 2,17MX0,90X0,45M SIN PUERTAS',1,NULL,2700,3267,440,0,''),(513,1875,2268.75,'ESCRITORIO 1,22M',1,NULL,1875,2268.75,440,0,''),(515,2397,2900.37,'Guardarropa metálico de 6 puertas cortas 1.85 x 0.78 x 0.52 ',1,NULL,2397,2900.37,441,923,''),(516,2235,2704.35,'Archivo de 4 cajones de 1.34 x 0.46 x 0.70 telescopicas ',1,NULL,2235,2704.35,441,935,''),(518,4085.95,4943.9995,'ARMARIO 1,80MX0,90M / ARCHIVO 0,60M PROFUNDIDAD',1,NULL,4085.95,4944,442,0,''),(519,2330,2819.3,'Armario metálico de 1.80 x 0.90 x 0.45 c/estantes ',1,NULL,2330,2819.3,443,901,''),(520,295,356.95,'Silla Opera 40 N',4,NULL,1180,1427.8,443,127,''),(521,1943,2351.03,'Armario metálico de 1.80 x 0.90 x 0.45 c/estantes ',4,NULL,7772,9404.12,445,901,''),(522,310.88,376.1648,'adicional por embalaje ',1,NULL,310.88,376.16,445,933,''),(523,2024,2449.04,'MESA PARA PC - CAJONERA 1 CAJÓN GAB.CPU - BANDEJA DESLIZABLE',30,NULL,60720,73471.2,446,0,''),(524,3510,4247.1,'NOTA DE CRÉDITO POR FACTURA 245',1,NULL,3510,4247.1,447,0,''),(527,1652.89,1999.9969,'TANDEM DE 3 MÓDULOS OP',1,NULL,1652.89,2000,449,0,''),(528,1750,2117.5,'ESCRITORIOS MODELO BAGUETTE CON CAJONERA DE 2 CAJONES GRAF - CENIZA',10,NULL,17500,21175,451,0,''),(529,1900,2299,'TANDEM DE 4 ASIENTOS MODELO LIBERA CON PATAS STYLO COLOR ALUMINIO',10,NULL,19000,22990,451,0,''),(530,370,447.7,'SILLAS MODELO LIBERA PATAS ALUMINIO ',30,NULL,11100,13431,451,0,''),(531,360,435.6,'SILLA MODELO OP COLOR NEGRO',2,NULL,720,871.2,451,0,''),(532,2700,3267,'SILLON MODELO KOUROS 601 NEGRO ',1,NULL,2700,3267,452,0,''),(533,793.39,960.0019,'NOTA DE CRÉDITO POR FACTURA Nº 209',1,NULL,793.39,960,456,0,''),(534,2235,2704.35,'Archivo de 4 cajones de 1.34 x 0.46 x 0.70 telescopicas ',1,NULL,2235,2704.35,457,935,''),(535,89.4,108.174,'adicional por embalaje ',1,NULL,89.4,108.17,457,933,''),(536,1943,2351.03,'Armario metálico de 1.80 x 0.90 x 0.45 c/estantes ',7,NULL,13601,16457.21,458,901,''),(537,2235,2704.35,'Archivo de 4 cajones de 1.34 x 0.46 x 0.70 telescopicas ',4,NULL,8940,10817.4,460,935,''),(538,312.9,378.609,'Adicional flete',1,NULL,312.9,378.61,460,944,''),(539,2235,2704.35,'Archivo de 4 cajones de 1.34 x 0.46 x 0.70 telescopicas ',2,NULL,4470,5408.7,461,935,''),(540,178.8,216.348,'adicional por embalaje ',1,NULL,178.8,216.35,461,933,''),(541,1986,2403.06,'Archivo metálico de 4 cajones de 1.34 x 0.46 x 0.60 ',5,NULL,9930,12015.3,464,934,''),(542,2397,2900.37,'Guardarropa metálico de 6 puertas cortas 1.85 x 0.78 x 0.52 ',1,NULL,2397,2900.37,464,923,''),(543,1735,2099.35,'Guardarropa metálico de 4 puertas cortas 1.85 x 0.53 x 0.52 ',1,NULL,1735,2099.35,464,922,''),(544,1943,2351.03,'Armario metálico de 1.80 x 0.90 x 0.45 c/estantes ',3,NULL,5829,7053.09,466,901,''),(545,480,580.8,'SILLA MODELO PRISMA 40 SIMIL CUERO NEGRO ',1,NULL,480,580.8,469,0,''),(546,1385,1675.85,'SILLA MODELO ATHINA 207 E/INYECTADA, BRAZOS 670 S/CUERO NEGRO ',1,NULL,1385,1675.85,469,0,''),(547,2384,2884.64,'SILLONES MODELO BRNO PLANCHUELA SIMIL CUERO NEGRO ',2,NULL,4768,5769.28,469,0,''),(548,3480,4210.8,'SILLA MODELO CITIZ E/INYECTADA CON BRAZOS NEGROS SIMIL CUERO NEGRO RED NEGRA',1,NULL,3480,4210.8,469,0,''),(549,470,568.7,'Silla Ap 40 Simil cuero ',5,NULL,2350,2843.5,471,101,''),(551,1330,1609.3,'Silla Rudy 210 C/P Tela Negra',1,NULL,1330,1609.3,473,81,''),(552,3546,4290.66,'SILLÓN ERGONÓMICO MODELO JAZZ TAPIZADO',2,NULL,7092,8581.32,474,0,''),(553,3327.55,4026.3355,'SILLA MODELO CITIZ CON SYNCHRON C/BRAZOS REGULABLES ',1,NULL,3327.55,4026.34,475,0,''),(554,3546,4290.66,'SILLÓN ERGONÓMICO JAZZ TAPIZADO',2,NULL,7092,8581.32,476,0,''),(555,1330,1609.3,'SILLA RUDY 210 CON APOYA PIES GIRATORIA TAPIZADA',1,NULL,1330,1609.3,477,0,''),(564,818,989.78,'CAJONERA DE 2 CAJONES COLGANTES',1,NULL,818,989.78,481,0,''),(565,2270,2746.7,'ESCRITORIO UP 1,44MX0,90M',4,NULL,9080,10986.8,482,0,''),(567,822.5,995.225,'MAMPARA',4,NULL,3290,3980.9,482,0,''),(575,2009.09,2430.9989,'SILLA INDIA',2,NULL,4018.18,4862,484,0,''),(576,249.59,302.0039,'CERRADURA ARMARIO',3,NULL,748.77,906.01,484,0,''),(577,4247.93,5139.9953,'SILLÓN CITIZ CROMADO',1,NULL,4247.93,5140,484,0,''),(578,2480,3000.8,'BIBLIOTECA 0,90MX0,86M CON PUERTAS',2,NULL,4960,6001.6,485,0,''),(579,1840,2226.4,'SILLA INDIA OPERATIVA CON APOYA BRAZOS TAPIZADA',21,NULL,38640,46754.4,487,0,''),(580,1296,1568.16,'Silla Roby 210 C/Permanente',2,NULL,2592,3136.32,487,76,''),(581,1355.42,1640.0582,'SILLA MODELO INDIA S/BRAZOS ',10,NULL,13554.2,16400.58,488,0,''),(582,1461.39,1768.2819,'SILLA MODELO INDIA C/BRAZOS 680',1,NULL,1461.39,1768.28,488,0,''),(583,3378.69,4088.2149,'SILLA MODELO CITZ SUNCHRON C/BRAZOS REGULABLES ',1,NULL,3378.69,4088.21,492,0,''),(584,1680.21,2033.0541,'SILLAS MODELO INDIA S/BRAZOS, KIT CAJERO ',4,NULL,6720.84,8132.22,493,0,''),(585,1490.96,1804.0616,'SILLA MODELO INDIA S/BRAZOS ',10,NULL,14909.6,18040.62,494,0,''),(586,1607.53,1945.1113,'SILLA MODELO INDIA C/BRAZOS 680',3,NULL,4822.59,5835.33,494,0,''),(587,1680.21,2033.0541,'SILLAS MODELO INDIA S/BRAZOS, KIT CAJERO ',4,NULL,6720.84,8132.22,495,0,''),(588,2824.2,3417.282,'SILLON MODELO TRENTO 500 MEDIO',2,NULL,5648.4,6834.56,496,0,''),(589,2895.66,3503.7486,'SILLON MODELO TRENTO 501 ALTO ',1,NULL,2895.66,3503.75,496,0,''),(590,1355.42,1640.0582,'SILLA MODELO INDIA S/BRAZOS ',2,NULL,2710.84,3280.12,498,0,''),(591,1541.48,1865.1908,'SILLA MODELO INDIA S/BRAZOS, KIT CAJERO',3,NULL,4624.44,5595.57,498,0,''),(592,1541.48,1865.1908,'SILLA MODELO INDIA S/BRAZOS, KIT CAJERO',1,NULL,1541.48,1865.19,499,0,''),(593,1461.39,1768.2819,'SILLAS MODELO INDIA C/BRAZOS 680',4,NULL,5845.56,7073.13,499,0,''),(594,1607.53,1945.1113,'SILLA MODELO INDIA C/BRAZOS 680',7,NULL,11252.71,13615.78,500,0,''),(595,1607.53,1945.1113,'SILLA MODELO INDIA C/BRAZOS 680',6,NULL,9645.18,11670.67,501,0,''),(596,1490.96,1804.0616,'SILLAS MODELO INDIA S/BRAZOS ',10,NULL,14909.6,18040.62,501,0,''),(597,1695.63,2051.7123,'SILLAS MODELO INDIA S/BRAZOS, KIT CAJERO ',3,NULL,5086.89,6155.14,501,0,''),(598,1541.48,1865.1908,'SILLA MODELO INDIA S/BRAZOS, KIT CAJERO ',7,NULL,10790.36,13056.34,502,0,''),(599,3378.69,4088.2149,'SILLA MODELO CITIZ SYNCHRON C/BRAZOS REGULABLES ',1,NULL,3378.69,4088.21,503,0,''),(600,1355.42,1640.0582,'SILLA MODELO INDIA S/BRAZOS ',8,NULL,10843.36,13120.47,504,0,''),(601,1461.39,1768.2819,'SILLA MODELO INDIA C/BRAZOS 680',4,NULL,5845.56,7073.13,504,0,''),(602,1461.39,1768.2819,'SILLA MODELO INDIA C/BRAZOS 680',4,NULL,5845.56,7073.13,505,0,''),(603,1355.42,1640.0582,'SILLAS MODELO INDIA S/BRAZOS',6,NULL,8132.52,9840.35,505,0,''),(604,1070.2479,1294.999959,'Silla Rudy 210 Basculante T/N',2,NULL,2140.5,2590,506,78,''),(605,350,423.5,'CAMBIO DE PISTÓN',1,NULL,350,423.5,507,0,''),(606,2890,3496.9,'ESCRITORIO 1,62M',1,NULL,2890,3496.9,508,0,''),(607,310,375.1,'BASE COMPUTADOR',5,NULL,1550,1875.5,508,0,''),(610,2049.5867,2479.999907,'ESCRITORIO 1,00M',4,NULL,8198.35,9920,511,0,''),(611,165,199.65,'SILLA RETAPIZADA',12,NULL,1980,2395.8,512,0,''),(612,330,399.3,'PISTÓN A GAS',2,NULL,660,798.6,512,0,''),(613,38,45.98,'RUEDA',52,NULL,1976,2390.96,512,0,''),(614,2600,3146,'Sillon Kouros 301 Negro',3,NULL,7800,9438,514,27,''),(615,2600,3146,'Sillon Kouros 301 Negro',3,NULL,7800,9438,515,27,''),(616,1943,2351.03,'Armario metálico de 1.80 x 0.90 x 0.45 c/estantes ',2,NULL,3886,4702.06,518,901,''),(617,1943,2351.03,'Armario metálico de 1.80 x 0.90 x 0.45 c/estantes ',5,NULL,9715,11755.15,519,901,''),(618,1941,2348.61,'ESCRITORIO 1,22MX0,70M',1,NULL,1941,2348.61,521,0,''),(619,2180,2637.8,'CAJONERA DE 4 CAJONES COLOR CENIZA',1,NULL,2180,2637.8,521,0,''),(620,410,496.1,'Silla Ap 40 Simil cuero ',18,NULL,7380,8929.8,522,101,''),(621,3451,4175.71,'SILLÓN ERGONÓMICO JAZZ',6,NULL,20706,25054.26,522,0,''),(622,6150,7441.5,'PUESTO DE TRABAJO MODELO ÁREAS 2',1,NULL,6150,7441.5,523,0,''),(623,410,496.1,'Silla Ap 40 Simil cuero ',18,NULL,7380,8929.8,524,101,''),(624,3451,4175.71,'SILLÓN JAZZ ERGONÓMICO',6,NULL,20706,25054.26,524,0,''),(625,28086,33984.06,'NOTA DE CRÉDITO POR FACTURA A - Nº 298',1,NULL,28086,33984.06,525,0,''),(626,1943,2351.03,'Armario metálico de 1.80 x 0.90 x 0.45 c/estantes ',1,NULL,1943,2351.03,526,901,''),(627,1735,2099.35,'Guardarropa metálico de 4 puertas cortas 1.85 x 0.53 x 0.52 ',1,NULL,1735,2099.35,526,922,''),(628,1113.22,1346.9962,'MESA DE PC',1,NULL,1113.22,1347,527,0,''),(629,2333.0578,2822.999938,'ESCRITORIO',1,NULL,2333.06,2823,528,0,''),(630,550,665.5,'BANDEJA DESLIZABLE',5,NULL,2750,3327.5,529,0,''),(631,1641,1985.61,'BIBLIOTECA 0,90MX0,86M',3,NULL,4923,5956.83,531,0,''),(632,767,928.07,'MESA MODELO LUPE 0,90MX0,90M',1,NULL,767,928.07,533,0,''),(633,298,360.58,'SILLA MODELO OP ESTRUCTURA METÁLICA',4,NULL,1192,1442.32,533,0,''),(634,2405,2910.05,'MUEBLE DE GUARDADO 1,31MX0,90M PUERTAS BATIENTES',1,NULL,2405,2910.05,533,0,''),(635,1943,2351.03,'Armario metálico de 1.80 x 0.90 x 0.45 c/estantes ',2,NULL,3886,4702.06,534,901,''),(636,41232,49890.72,'NOTA DE CRÉDITO POR FACTURA A-275',1,NULL,41232,49890.72,535,0,''),(637,1371.9,1659.999,'SILLA MODELO CYRENE RESPALDO RED C/BRAZOS Y ESTRELLA INYECTADA',2,NULL,2743.8,3320,536,0,''),(638,1840,2226.4,'Silla India basculante',2,NULL,3680,4452.8,537,46,''),(639,1296,1568.16,'Silla Roby 210 C/Permanente',20,NULL,25920,31363.2,537,76,''),(641,466.9421,564.999941,'SILLAS MODELO AP 40 ',6,NULL,2801.65,3390,540,0,''),(642,466.9421,564.999941,'Silla Ap 40 Simil cuero ',6,NULL,2801.65,3390,543,101,''),(643,466.9421,564.999941,'Silla Ap 40 Simil cuero ',6,NULL,2801.65,3390,546,101,''),(644,2235,2704.35,'Archivo de 4 cajones de 1.34 x 0.46 x 0.70 telescopicas ',10,NULL,22350,27043.5,548,935,''),(645,894,1081.74,'adicional por embalaje ',1,NULL,894,1081.74,548,933,''),(646,2157,2609.97,'Armario metálico de 1.80 x 0.90 x 0.45 c/estantes ',2,NULL,4314,5219.94,552,901,''),(647,145,175.45,'Adicional estante metálico de armario ',6,NULL,870,1052.7,552,904,''),(656,4938,5974.98,'Guarda bolsos metálico 20 puertas 1.85 x 1.28 x 0.52  ',2,NULL,9876,11949.96,555,939,''),(657,4938,5974.98,'Guarda bolsos metálico 20 puertas 1.85 x 1.28 x 0.52  ',2,NULL,9876,11949.96,556,939,''),(659,2660,3218.6,'Guardarropa metálico de 6 puertas cortas 1.85 x 0.78 x 0.52 ',1,NULL,2660,3218.6,557,923,''),(660,4778,5781.38,'Archivo metálico de 4 cajones de 1.34 x 0.46 x 0.60 ',1,NULL,4778,5781.38,558,934,''),(662,110,133.1,'AMURADO',2,NULL,220,266.2,558,0,''),(663,2481,3002.01,'Archivo de 4 cajones de 1.34 x 0.46 x 0.70 telescopicas ',1,NULL,2481,3002.01,561,935,''),(664,2661,3219.81,'Guardarropa metálico de 6 puertas cortas 1.85 x 0.78 x 0.52 ',1,NULL,2661,3219.81,561,923,''),(665,2157,2609.97,'Armario metálico de 1.80 x 0.90 x 0.45 c/estantes ',1,NULL,2157,2609.97,561,901,''),(666,4938,5974.98,'Guarda bolsos metálico 20 puertas 1.85 x 1.28 x 0.52  ',2,NULL,9876,11949.96,562,939,''),(667,3378.69,4088.2149,'SILLA MODELO CITIZ SYNCHRON C/BRAZOS REGULABLES Y CABEZAL ',1,NULL,3378.69,4088.21,563,0,''),(668,2895.66,3503.7486,'SILLON GERENTE TRENTO 501 ALTO CROMADO',1,NULL,2895.66,3503.75,564,0,''),(669,1541.48,1865.1908,'SILLAS MODELO INDIA S/BRAZOS, KIT CAJERO ',3,NULL,4624.44,5595.57,564,0,''),(670,1461.39,1768.2819,'SILLAS MODELO INDIA C/BRAZOS 680',16,NULL,23382.24,28292.51,566,0,''),(671,1461.39,1768.2819,'SILLA MODELO INDIA C/BRAZOS 680',1,NULL,1461.39,1768.28,567,0,''),(672,1461.39,1768.2819,'SILLA MODELO INDIA C/BRAZOS 680',3,NULL,4384.17,5304.85,568,0,''),(673,1541.48,1865.1908,'SILLAS MODELO INDIA S/BRAZOS, KIT CAJERO ',3,NULL,4624.44,5595.57,569,0,''),(674,1461.39,1768.2819,'SILLA MODELO INDIA C/BRAZOS 680',2,NULL,2922.78,3536.56,571,0,''),(675,1355.42,1640.0582,'SILLA MODELO INDIA S/BRAZOS ',4,NULL,5421.68,6560.23,572,0,''),(676,1461.39,1768.2819,'SILLA MODELO INDIA C/BRAZOS 680',2,NULL,2922.78,3536.56,572,0,''),(677,1541.48,1865.1908,'SILLA MODELO INDIA S/BRAZOS, KIT CAJERO ',2,NULL,3082.96,3730.38,572,0,''),(678,1541.48,1865.1908,'SILLA MODELO INDIA S/BRAZOS, KIT CAJERO ',1,NULL,1541.48,1865.19,573,0,''),(679,1847.93388,2235.9999948,'BIBLIOTECA DE 0.90 X 0.86 C/ PUERTAS HAYA - NEGRO ',1,NULL,1847.93,2236,574,0,''),(680,1840,2226.4,'SILLA MODELO INDIA CON APOYA BRAZOS',5,NULL,9200,11132,575,0,''),(681,2980,3605.8,'ESCRITORIO 1,62MX0,70M CON 2 CAJONES',3,NULL,8940,10817.4,576,0,''),(682,3244,3925.24,'BIBLIOTECA 1,35MX0,90M CON PUERTAS',2,NULL,6488,7850.48,576,0,''),(683,393,475.53,'TOP 0,90MX0,47M COLOR HAYA',2,NULL,786,951.06,576,0,''),(684,2125,2571.25,'ESCRITORIO 1,62MX0,70M',1,NULL,2125,2571.25,576,0,''),(685,1380,1669.8,'CAJONERA PEDESTAL 1 CAJÓN Y GABINETE PARA CPU',1,NULL,1380,1669.8,576,0,''),(686,2145,2595.45,'BIBLIOTECA 0,90MX0,86M ',1,NULL,2145,2595.45,576,0,''),(687,393,475.53,'TOP 0,90M COLOR CEREZO',3,NULL,1179,1426.59,576,0,''),(688,2867.7685,3469.999885,'ARCHIVO DE 0.70 4 CAJONES TOSTADO Y BEIGE',3,NULL,8603.31,10410,577,0,''),(689,2876.033,3479.99993,'GUARDARROPA DE 6 PUERTAS CORTAS',1,NULL,2876.03,3480,577,0,''),(690,285.84,345.8664,'SILLA MALVA',10,NULL,2858.4,3458.66,578,0,''),(691,256.32,310.1472,'SILLA OP 40',74,NULL,18967.68,22950.89,578,0,''),(692,2172.96,2629.2816,'SILLA CITIZ',4,NULL,8691.84,10517.13,578,0,''),(693,437.04,528.8184,'APOYA BRAZOS',4,NULL,1748.16,2115.27,578,0,''),(694,1434.96,1736.3016,'SILLA INDIA',2,NULL,2869.92,3472.6,578,0,''),(695,5631.78,6814.4538,'Guardarropa metálico de 12 puertas cortas 1.85 x 1.54 x 0.52 ',2,NULL,11263.56,13628.91,580,926,''),(696,2541.88,3075.6748,'Armario metálico de 1.80 x 0.50 x 0.45 c/estantes ',2,NULL,5083.76,6151.35,580,906,''),(697,2756,3334.76,'Armario metálico de 1.80 x 0.90 x 0.45 c/estantes ',1,NULL,2756,3334.76,580,901,''),(698,4452,5386.92,'Biblioteca metálica de 1.80 x 1.50 x 0.45 c/estante ',1,NULL,4452,5386.92,580,920,''),(699,1580,1911.8,'SILLA CYRENE',4,NULL,6320,7647.2,581,0,''),(704,1007.438,1218.99998,'SILLA',15,NULL,15111.57,18285,594,0,''),(705,1690,2044.9,'SILLA RIOTTA CON APOYA BRAZOS',10,NULL,16900,20449,595,0,''),(706,1750,2117.5,'MESA PARA PC CON CAJÓN',5,NULL,8750,10587.5,595,0,''),(707,2397,2900.37,'Guardarropa metálico de 6 puertas cortas 1.85 x 0.78 x 0.52 ',1,NULL,2397,2900.37,597,923,''),(708,2752,3329.92,'Guardarropa metálico de 8 puertas cortas 1.85 x 1.03 x 0.52 ',1,NULL,2752,3329.92,597,924,''),(709,308.94,373.8174,'Adicional flete',1,NULL,308.94,373.82,597,944,''),(710,2235,2704.35,'Archivo de 4 cajones de 1.34 x 0.46 x 0.70 telescopicas ',3,NULL,6705,8113.05,598,935,''),(711,268.2,324.522,'adicional por embalaje ',1,NULL,268.2,324.52,598,933,''),(712,2235,2704.35,'Archivo de 4 cajones de 1.34 x 0.46 x 0.70 telescopicas ',1,NULL,2235,2704.35,599,935,''),(713,89.4,108.174,'adicional por embalaje ',1,NULL,89.4,108.17,599,933,''),(714,2656,3213.76,'Guarda bolsos metalico 8 puertas 1.85 x 0.53 x 0.52  ',3,NULL,7968,9641.28,601,936,''),(715,120,145.2,'CERRADURA',24,NULL,2880,3484.8,601,0,''),(716,1943,2351.03,'Armario metálico de 1.80 x 0.90 x 0.45 c/estantes ',2,NULL,3886,4702.06,601,901,''),(717,130,157.3,'Adicional estante metálico de armario ',5,NULL,650,786.5,601,904,''),(718,615.36,744.5856,'adicional por embalaje ',1,NULL,615.36,744.59,601,933,''),(719,15999.36,19359.2256,'NOTA DE CRÉDITO POR FACTURA Nº A - 335',1,NULL,15999.36,19359.23,604,0,''),(720,2656,3213.76,'Guarda bolsos metalico 8 puertas 1.85 x 0.53 x 0.52  ',3,NULL,7968,9641.28,605,936,''),(721,120,145.2,'CERRADURA',24,NULL,2880,3484.8,605,0,''),(722,1943,2351.03,'Armario metálico de 1.80 x 0.90 x 0.45 c/estantes ',2,NULL,3886,4702.06,605,901,''),(723,130,157.3,'Adicional estante metálico de armario ',5,NULL,650,786.5,605,904,''),(724,615.36,744.5856,'adicional por embalaje ',1,NULL,615.36,744.59,605,933,''),(725,2235,2704.35,'Archivo de 4 cajones de 1.34 x 0.46 x 0.70 telescopicas ',5,NULL,11175,13521.75,606,935,''),(726,447,540.87,'adicional por embalaje ',1,NULL,447,540.87,606,933,''),(727,1810,2190.1,'Armario metálico de 1.80 x 0.50 x 0.45 c/estantes ',1,NULL,1810,2190.1,607,906,''),(728,1943,2351.03,'Armario metálico de 1.80 x 0.90 x 0.45 c/estantes ',2,NULL,3886,4702.06,607,901,''),(729,2235,2704.35,'Archivo de 4 cajones de 1.34 x 0.46 x 0.70 telescopicas ',4,NULL,8940,10817.4,607,935,''),(730,2397,2900.37,'Guardarropa metálico de 6 puertas cortas 1.85 x 0.78 x 0.52 ',4,NULL,9588,11601.48,607,923,''),(731,2752,3329.92,'Guardarropa metálico de 8 puertas cortas 1.85 x 1.03 x 0.52 ',1,NULL,2752,3329.92,607,924,''),(732,1735,2099.35,'Guardarropa metálico de 4 puertas cortas 1.85 x 0.53 x 0.52 ',1,NULL,1735,2099.35,607,922,''),(733,2656,3213.76,'Guarda bolsos metalico 8 puertas 1.85 x 0.53 x 0.52  ',1,NULL,2656,3213.76,607,936,''),(734,1254,1517.34,'NOTA DE CRÉDITO - DESCUENTO SOBRE FACTURA A - 338',1,NULL,1254,1517.34,608,0,''),(735,378,457.38,'Silla Ap 40 tela negra',5,NULL,1890,2286.9,610,102,''),(736,113.74,137.6254,'TELA POR METRO',50,NULL,5687,6881.27,611,0,''),(737,1943,2351.03,'Armario metálico de 1.80 x 0.90 x 0.45 c/estantes ',2,NULL,3886,4702.06,614,901,''),(738,1943,2351.03,'ARMARIOS DE 1.80 X 0.90 C/PUERTAS TOSTADO Y BEIGE',4,NULL,7772,9404.12,616,0,''),(739,404.14,489.0094,'FLETE MENDOZA - SAN JUAN ',1,NULL,404.14,489.01,616,0,''),(740,310.88,376.1648,'EMBALAJE CON CARTÓN ',1,NULL,310.88,376.16,616,0,''),(741,180,217.8,'NEUMÁTICO DE SILLA',2,NULL,360,435.6,618,0,''),(742,270,326.7,'BASE ESTRELLA PARA SILLA GIRATORIA',1,NULL,270,326.7,618,0,''),(743,1390,1681.9,'REPARACIÓN DE ATENCIÓN EXPRES',4,NULL,5560,6727.6,619,0,''),(744,800,968,'CAJONERA DE 2 CAJONES',4,NULL,3200,3872,619,0,''),(745,1943,2351.03,'Armario metálico de 1.80 x 0.90 x 0.45 c/estantes ',4,NULL,7772,9404.12,622,901,''),(746,272.02,329.1442,'Adicional flete',1,NULL,272.02,329.14,622,944,''),(747,466.34,564.2714,'SILLAS MODELO AP 40 SIMIL CUERO NEGRO ',2,NULL,932.68,1128.54,624,0,''),(748,5541,6704.61,'PUESTO TRABAJO 1,62MX1,67M 4 CAJONES GRAFITO CEREZO',1,NULL,5541,6704.61,625,0,''),(749,7850,9498.5,'BIBLIOTECA 2,17MX1,80M-0,86MX0,90M-1,31MX0,90M SIN PUERTAS-1,31MXX0,90M PUERTAS',1,NULL,7850,9498.5,625,0,''),(750,1300,1573,'SILLA FLASH CON APOYA BRAZOS',1,NULL,1300,1573,625,0,''),(751,460,556.6,'Silla Ap 40 tela negra',2,NULL,920,1113.2,625,102,''),(752,2133.5,2581.535,'BIBLIOTECAS MODELO BAGUETTE DE 1.31 X 0.90 (CENIZA - GRAFITO)',5,NULL,10667.5,12907.68,626,0,''),(753,1080,1306.8,'Silla Rudy 210 C/P Simil cuero ',5,NULL,5400,6534,627,82,''),(754,2150,2601.5,'ESCRITORIO 1,10MX0,70M',1,NULL,2150,2601.5,627,0,''),(756,1649.38,1995.7498,'SILLA MODELO INDIA S/BRAZOS, KIT CAJERO',10,NULL,16493.8,19957.5,628,0,''),(757,1541.48,1865.1908,'SILLAS MODELO INDIA S/BRAZOS, KIT CAJERO ',3,NULL,4624.44,5595.57,629,0,''),(758,1541.48,1865.1908,'SILLAS MODELO INDIA S/BRAZOS, KIT CAJERO',2,NULL,3082.96,3730.38,631,0,''),(759,378.28,457.7188,'SILLAS PLASTICAS Y APILABLES S/BRAZOS',10,NULL,3782.8,4577.19,632,0,''),(760,1461.39,1768.2819,'SILLA MODELO INDIA C/BRAZOS 680',12,NULL,17536.68,21219.38,633,0,''),(761,2895.66,3503.7486,'SILLON MODEO TRENTO 501 ALTO',1,NULL,2895.66,3503.75,633,0,''),(762,2824.2,3417.282,'SILLÓN MODELO TRENTO 500 MEDIO ',2,NULL,5648.4,6834.56,633,0,''),(763,328.49,397.4729,'SILLAS PASTICAS Y APILABLES S/BRAZOS',50,NULL,16424.5,19873.65,634,0,''),(764,1079.41,1306.0861,'SILLAS MODELO PETRA C/BRAZOS ',26,NULL,28064.66,33958.24,635,0,''),(765,1695.63,2051.7123,'SILLAS MODELO INDIA S/BRAZOS, KIT CAJERO ',3,NULL,5086.89,6155.14,636,0,''),(766,404.76,489.7596,'SILLAS PLASTICAS APILABLES S/BRAZOS ',15,NULL,6071.4,7346.39,636,0,''),(767,1450.3,1754.863,'SILLAS MODELO INDIA S/BRAZOS ',5,NULL,7251.5,8774.32,636,0,''),(768,1563.68,1892.0528,'SILLA MODELO INDIA C/BRAZOS 680',5,NULL,7818.4,9460.26,636,0,''),(769,1649.38,1995.7498,'SILLA MODELO INDIA S/BRAZOS, KIT CAJERO',3,NULL,4948.14,5987.25,636,0,''),(770,470,568.7,'FLETE DE BUENOS AIRES A MENDOZA - TAPAS NEVADA',1,NULL,470,568.7,637,0,''),(771,1374.03,1662.5763,'DEVOLUCIÓN BIBLIOTECA 1,35MX0,90M ÁREAS 2',1,NULL,1374.03,1662.58,638,0,''),(772,2002.14,2422.5894,'JUEGO PUERTAS DE VIDRIOS',1,NULL,2002.14,2422.59,638,0,'');
/*!40000 ALTER TABLE `bill_detail` ENABLE KEYS */;
UNLOCK TABLES;

--
-- Table structure for table `bill_has_payment`
--

DROP TABLE IF EXISTS `bill_has_payment`;
/*!40101 SET @saved_cs_client     = @@character_set_client */;
/*!40101 SET character_set_client = utf8 */;
CREATE TABLE `bill_has_payment` (
  `bill_has_payment_id` int(11) NOT NULL AUTO_INCREMENT,
  `bill_id` int(11) NOT NULL,
  `payment_id` int(11) NOT NULL,
  `amount` double DEFAULT NULL,
  PRIMARY KEY (`bill_has_payment_id`),
  KEY `fk_bill_has_payment_bill1_idx` (`bill_id`),
  KEY `fk_bill_has_payment_payment1_idx` (`payment_id`),
  CONSTRAINT `fk_bill_has_payment_bill1` FOREIGN KEY (`bill_id`) REFERENCES `bill` (`bill_id`) ON DELETE NO ACTION ON UPDATE NO ACTION,
  CONSTRAINT `fk_bill_has_payment_payment1` FOREIGN KEY (`payment_id`) REFERENCES `payment` (`payment_id`) ON DELETE NO ACTION ON UPDATE NO ACTION
) ENGINE=InnoDB DEFAULT CHARSET=utf8;
/*!40101 SET character_set_client = @saved_cs_client */;

--
-- Dumping data for table `bill_has_payment`
--

LOCK TABLES `bill_has_payment` WRITE;
/*!40000 ALTER TABLE `bill_has_payment` DISABLE KEYS */;
/*!40000 ALTER TABLE `bill_has_payment` ENABLE KEYS */;
UNLOCK TABLES;

--
-- Table structure for table `bill_type`
--

DROP TABLE IF EXISTS `bill_type`;
/*!40101 SET @saved_cs_client     = @@character_set_client */;
/*!40101 SET character_set_client = utf8 */;
CREATE TABLE `bill_type` (
  `bill_type_id` int(11) NOT NULL AUTO_INCREMENT,
  `name` varchar(45) NOT NULL,
  `code` int(11) DEFAULT NULL,
  `type` varchar(255) DEFAULT NULL,
  `view` varchar(45) DEFAULT NULL,
  `multiplier` int(11) NOT NULL,
  `customer_required` tinyint(1) DEFAULT NULL,
  `invoice_class_id` int(11) DEFAULT NULL,
  `class` varchar(100) DEFAULT NULL,
  `startable` tinyint(1) DEFAULT NULL,
  PRIMARY KEY (`bill_type_id`),
  KEY `fk_bill_type_invoice_class1_idx` (`invoice_class_id`),
  CONSTRAINT `fk_bill_type_invoice_class1` FOREIGN KEY (`invoice_class_id`) REFERENCES `invoice_class` (`invoice_class_id`) ON DELETE NO ACTION ON UPDATE NO ACTION
) ENGINE=InnoDB AUTO_INCREMENT=8 DEFAULT CHARSET=utf8;
/*!40101 SET character_set_client = @saved_cs_client */;

--
-- Dumping data for table `bill_type`
--

LOCK TABLES `bill_type` WRITE;
/*!40000 ALTER TABLE `bill_type` DISABLE KEYS */;
INSERT INTO `bill_type` VALUES (1,'Factura A',1,'','default',1,1,1,NULL,NULL),(2,'Factura B',6,'','default',1,0,1,NULL,NULL),(3,'Nota de Débito A ',2,'','default',1,1,1,NULL,NULL),(4,'Nota de Crédito A ',3,'','default',-1,1,1,NULL,NULL),(5,'Nota de Débito B ',7,'','default',1,0,1,NULL,NULL),(6,'Nota de Crédito B',8,'','default',-1,0,1,NULL,NULL),(7,'Presupuesto',105,'','default',0,0,0,NULL,NULL);
/*!40000 ALTER TABLE `bill_type` ENABLE KEYS */;
UNLOCK TABLES;

--
-- Table structure for table `bill_type_has_bill_type`
--

DROP TABLE IF EXISTS `bill_type_has_bill_type`;
/*!40101 SET @saved_cs_client     = @@character_set_client */;
/*!40101 SET character_set_client = utf8 */;
CREATE TABLE `bill_type_has_bill_type` (
  `parent_id` int(11) NOT NULL,
  `child_id` int(11) NOT NULL,
  PRIMARY KEY (`parent_id`,`child_id`),
  KEY `fk_bill_type_has_bill_type_bill_type2_idx` (`child_id`),
  KEY `fk_bill_type_has_bill_type_bill_type1_idx` (`parent_id`),
  CONSTRAINT `fk_bill_type_has_bill_type_bill_type1` FOREIGN KEY (`parent_id`) REFERENCES `bill_type` (`bill_type_id`) ON DELETE NO ACTION ON UPDATE NO ACTION,
  CONSTRAINT `fk_bill_type_has_bill_type_bill_type2` FOREIGN KEY (`child_id`) REFERENCES `bill_type` (`bill_type_id`) ON DELETE NO ACTION ON UPDATE NO ACTION
) ENGINE=InnoDB DEFAULT CHARSET=utf8;
/*!40101 SET character_set_client = @saved_cs_client */;

--
-- Dumping data for table `bill_type_has_bill_type`
--

LOCK TABLES `bill_type_has_bill_type` WRITE;
/*!40000 ALTER TABLE `bill_type_has_bill_type` DISABLE KEYS */;
/*!40000 ALTER TABLE `bill_type_has_bill_type` ENABLE KEYS */;
UNLOCK TABLES;

--
-- Table structure for table `category`
--

DROP TABLE IF EXISTS `category`;
/*!40101 SET @saved_cs_client     = @@character_set_client */;
/*!40101 SET character_set_client = utf8 */;
CREATE TABLE `category` (
  `category_id` int(11) NOT NULL AUTO_INCREMENT,
  `name` varchar(45) DEFAULT NULL,
  `status` enum('enabled','disabled') DEFAULT NULL,
  `system` varchar(50) DEFAULT NULL,
  `parent_id` int(11) DEFAULT NULL,
  PRIMARY KEY (`category_id`),
  KEY `fk_category_category1_idx` (`parent_id`),
  CONSTRAINT `fk_category_category1` FOREIGN KEY (`parent_id`) REFERENCES `category` (`category_id`) ON DELETE NO ACTION ON UPDATE NO ACTION
) ENGINE=InnoDB AUTO_INCREMENT=20 DEFAULT CHARSET=utf8;
/*!40101 SET character_set_client = @saved_cs_client */;

--
-- Dumping data for table `category`
--

LOCK TABLES `category` WRITE;
/*!40000 ALTER TABLE `category` DISABLE KEYS */;
INSERT INTO `category` VALUES (1,'Portantino S.A','enabled','portantino-sa',0),(2,'Sillas ','enabled','sillas',1),(3,'Tempo S.A','enabled','tempo-sa',0),(6,'Alubase ','enabled','alubase',0),(7,'Sillas','enabled','sillas-2',6),(8,'Draco S.A','enabled','draco-sa',0),(9,'Sillas - Clasicos ','enabled','sillas-clasicos',8),(10,'Cangiani S.A','enabled','cangiani-sa',0),(11,'Muebles Metalicos ','enabled','muebles-metalicos',10),(12,'Accesorios','enabled','accesorios',1),(19,'Wizzy','enabled','wizzy',0);
/*!40000 ALTER TABLE `category` ENABLE KEYS */;
UNLOCK TABLES;

--
-- Table structure for table `checkbook`
--

DROP TABLE IF EXISTS `checkbook`;
/*!40101 SET @saved_cs_client     = @@character_set_client */;
/*!40101 SET character_set_client = utf8 */;
CREATE TABLE `checkbook` (
  `checkbook_id` int(11) NOT NULL AUTO_INCREMENT,
  `start_number` int(11) NOT NULL,
  `end_number` int(11) NOT NULL,
  `enabled` tinyint(1) DEFAULT NULL,
  `money_box_account_id` int(11) NOT NULL,
  `last_used` int(11) DEFAULT NULL,
  PRIMARY KEY (`checkbook_id`),
  KEY `fk_checkbook_money_box_account1_idx_idx` (`money_box_account_id`),
  CONSTRAINT `fk_checkbook_money_box_account1_idx` FOREIGN KEY (`money_box_account_id`) REFERENCES `money_box_account` (`money_box_account_id`) ON DELETE NO ACTION ON UPDATE NO ACTION
) ENGINE=InnoDB DEFAULT CHARSET=utf8;
/*!40101 SET character_set_client = @saved_cs_client */;

--
-- Dumping data for table `checkbook`
--

LOCK TABLES `checkbook` WRITE;
/*!40000 ALTER TABLE `checkbook` DISABLE KEYS */;
/*!40000 ALTER TABLE `checkbook` ENABLE KEYS */;
UNLOCK TABLES;

--
-- Table structure for table `company`
--

DROP TABLE IF EXISTS `company`;
/*!40101 SET @saved_cs_client     = @@character_set_client */;
/*!40101 SET character_set_client = utf8 */;
CREATE TABLE `company` (
  `company_id` int(11) NOT NULL AUTO_INCREMENT,
  `name` varchar(255) DEFAULT NULL,
  `status` enum('enabled','disabled') DEFAULT NULL,
  `tax_identification` varchar(45) DEFAULT NULL,
  `address` varchar(255) DEFAULT NULL,
  `phone` varchar(45) DEFAULT NULL,
  `email` varchar(255) DEFAULT NULL,
  `parent_id` int(11) DEFAULT NULL,
  `certificate` varchar(255) DEFAULT NULL,
  `key` varchar(255) DEFAULT NULL,
  `create_timestamp` int(11) DEFAULT NULL,
  `tax_condition_id` int(11) NOT NULL,
  `start` date DEFAULT NULL,
  `iibb` varchar(45) DEFAULT NULL,
  `default` tinyint(1) DEFAULT NULL,
  PRIMARY KEY (`company_id`),
  KEY `fk_company_company1_idx` (`parent_id`),
  KEY `fk_company_tax_condition1_idx` (`tax_condition_id`),
  CONSTRAINT `fk_company_company1` FOREIGN KEY (`parent_id`) REFERENCES `company` (`company_id`) ON DELETE NO ACTION ON UPDATE NO ACTION,
  CONSTRAINT `fk_company_tax_condition1` FOREIGN KEY (`tax_condition_id`) REFERENCES `tax_condition` (`tax_condition_id`) ON DELETE NO ACTION ON UPDATE NO ACTION
) ENGINE=InnoDB AUTO_INCREMENT=2 DEFAULT CHARSET=utf8;
/*!40101 SET character_set_client = @saved_cs_client */;

--
-- Dumping data for table `company`
--

LOCK TABLES `company` WRITE;
/*!40000 ALTER TABLE `company` DISABLE KEYS */;
INSERT INTO `company` VALUES (1,'FEDERICO CANGIANI S.A.','enabled','30709211125','Matienzo 1200 - Guaymallen','261-4455611','',0,'/var/www/html/arya2/web/uploads/certificates/certificate55fab5a9ba99f.crt','/var/www/html/arya2/web/uploads/keys/key55fab5a9bbb20.key',1442427638,1,'2006-11-01','913-507377-4',1);
/*!40000 ALTER TABLE `company` ENABLE KEYS */;
UNLOCK TABLES;

--
-- Table structure for table `company_has_bill_type`
--

DROP TABLE IF EXISTS `company_has_bill_type`;
/*!40101 SET @saved_cs_client     = @@character_set_client */;
/*!40101 SET character_set_client = utf8 */;
CREATE TABLE `company_has_bill_type` (
  `company_id` int(11) NOT NULL,
  `bill_type_id` int(11) NOT NULL,
  `default` tinyint(1) DEFAULT NULL,
  PRIMARY KEY (`company_id`,`bill_type_id`),
  KEY `fk_company_has_bill_type_bill_type1_idx` (`bill_type_id`),
  KEY `fk_company_has_bill_type_company1_idx` (`company_id`),
  CONSTRAINT `fk_company_has_bill_type_bill_type1` FOREIGN KEY (`bill_type_id`) REFERENCES `bill_type` (`bill_type_id`) ON DELETE NO ACTION ON UPDATE NO ACTION,
  CONSTRAINT `fk_company_has_bill_type_company1` FOREIGN KEY (`company_id`) REFERENCES `company` (`company_id`) ON DELETE NO ACTION ON UPDATE NO ACTION
) ENGINE=InnoDB DEFAULT CHARSET=utf8;
/*!40101 SET character_set_client = @saved_cs_client */;

--
-- Dumping data for table `company_has_bill_type`
--

LOCK TABLES `company_has_bill_type` WRITE;
/*!40000 ALTER TABLE `company_has_bill_type` DISABLE KEYS */;
INSERT INTO `company_has_bill_type` VALUES (1,1,1),(1,2,0),(1,3,0),(1,4,0),(1,5,0),(1,6,0),(1,7,0);
/*!40000 ALTER TABLE `company_has_bill_type` ENABLE KEYS */;
UNLOCK TABLES;

--
-- Table structure for table `conciliation`
--

DROP TABLE IF EXISTS `conciliation`;
/*!40101 SET @saved_cs_client     = @@character_set_client */;
/*!40101 SET character_set_client = utf8 */;
CREATE TABLE `conciliation` (
  `conciliation_id` int(11) NOT NULL AUTO_INCREMENT,
  `name` varchar(150) NOT NULL,
  `date` date DEFAULT NULL,
  `date_from` date DEFAULT NULL,
  `date_to` date DEFAULT NULL,
  `status` enum('draft','closed') DEFAULT NULL,
  `timestamp` timestamp NULL DEFAULT NULL,
  `money_box_account_id` int(11) NOT NULL,
  `company_id` int(11) DEFAULT NULL,
  `resume_id` int(11) NOT NULL,
  PRIMARY KEY (`conciliation_id`),
  KEY `fk_conciliation_money_box_account1_idx` (`money_box_account_id`),
  KEY `fk_conciliation_resume1_idx` (`resume_id`),
  KEY `ix_conciliation_company_id` (`company_id`),
  CONSTRAINT `fk_conciliation_money_box_account1` FOREIGN KEY (`money_box_account_id`) REFERENCES `money_box_account` (`money_box_account_id`) ON DELETE NO ACTION ON UPDATE NO ACTION,
  CONSTRAINT `fk_conciliation_resume1` FOREIGN KEY (`resume_id`) REFERENCES `resume` (`resume_id`) ON DELETE NO ACTION ON UPDATE NO ACTION
) ENGINE=InnoDB DEFAULT CHARSET=utf8;
/*!40101 SET character_set_client = @saved_cs_client */;

--
-- Dumping data for table `conciliation`
--

LOCK TABLES `conciliation` WRITE;
/*!40000 ALTER TABLE `conciliation` DISABLE KEYS */;
/*!40000 ALTER TABLE `conciliation` ENABLE KEYS */;
UNLOCK TABLES;

--
-- Table structure for table `conciliation_item`
--

DROP TABLE IF EXISTS `conciliation_item`;
/*!40101 SET @saved_cs_client     = @@character_set_client */;
/*!40101 SET character_set_client = utf8 */;
CREATE TABLE `conciliation_item` (
  `conciliation_item_id` int(11) NOT NULL AUTO_INCREMENT,
  `conciliation_id` int(11) NOT NULL,
  `amount` double DEFAULT NULL,
  `date` date DEFAULT NULL,
  `description` varchar(150) DEFAULT NULL,
  PRIMARY KEY (`conciliation_item_id`),
  KEY `fk_conciliation_item_conciliation1_idx` (`conciliation_id`),
  CONSTRAINT `fk_conciliation_item_conciliation1` FOREIGN KEY (`conciliation_id`) REFERENCES `conciliation` (`conciliation_id`) ON DELETE NO ACTION ON UPDATE NO ACTION
) ENGINE=InnoDB DEFAULT CHARSET=utf8;
/*!40101 SET character_set_client = @saved_cs_client */;

--
-- Dumping data for table `conciliation_item`
--

LOCK TABLES `conciliation_item` WRITE;
/*!40000 ALTER TABLE `conciliation_item` DISABLE KEYS */;
/*!40000 ALTER TABLE `conciliation_item` ENABLE KEYS */;
UNLOCK TABLES;

--
-- Table structure for table `conciliation_item_has_account_movement_item`
--

DROP TABLE IF EXISTS `conciliation_item_has_account_movement_item`;
/*!40101 SET @saved_cs_client     = @@character_set_client */;
/*!40101 SET character_set_client = utf8 */;
CREATE TABLE `conciliation_item_has_account_movement_item` (
  `account_movement_item_id` int(11) NOT NULL,
  `conciliation_item_id` int(11) NOT NULL,
  PRIMARY KEY (`account_movement_item_id`,`conciliation_item_id`),
  KEY `fk_conciliation_item_has_account_movement_item_conciliation_idx` (`conciliation_item_id`),
  CONSTRAINT `fk_conciliation_item_has_account_movement_item_account_movem1` FOREIGN KEY (`account_movement_item_id`) REFERENCES `account_movement_item` (`account_movement_item_id`) ON DELETE NO ACTION ON UPDATE NO ACTION,
  CONSTRAINT `fk_conciliation_item_has_account_movement_item_conciliation_1` FOREIGN KEY (`conciliation_item_id`) REFERENCES `conciliation_item` (`conciliation_item_id`) ON DELETE NO ACTION ON UPDATE NO ACTION
) ENGINE=InnoDB DEFAULT CHARSET=utf8;
/*!40101 SET character_set_client = @saved_cs_client */;

--
-- Dumping data for table `conciliation_item_has_account_movement_item`
--

LOCK TABLES `conciliation_item_has_account_movement_item` WRITE;
/*!40000 ALTER TABLE `conciliation_item_has_account_movement_item` DISABLE KEYS */;
/*!40000 ALTER TABLE `conciliation_item_has_account_movement_item` ENABLE KEYS */;
UNLOCK TABLES;

--
-- Table structure for table `conciliation_item_has_resume_item`
--

DROP TABLE IF EXISTS `conciliation_item_has_resume_item`;
/*!40101 SET @saved_cs_client     = @@character_set_client */;
/*!40101 SET character_set_client = utf8 */;
CREATE TABLE `conciliation_item_has_resume_item` (
  `conciliation_item_id` int(11) NOT NULL,
  `resume_item_id` int(11) NOT NULL,
  PRIMARY KEY (`conciliation_item_id`,`resume_item_id`),
  KEY `fk_conciliation_item_has_resume_item_resume_item1_idx` (`resume_item_id`),
  CONSTRAINT `fk_conciliation_item_has_resume_item_conciliation_item1` FOREIGN KEY (`conciliation_item_id`) REFERENCES `conciliation_item` (`conciliation_item_id`) ON DELETE NO ACTION ON UPDATE NO ACTION,
  CONSTRAINT `fk_conciliation_item_has_resume_item_resume_item1` FOREIGN KEY (`resume_item_id`) REFERENCES `resume_item` (`resume_item_id`) ON DELETE NO ACTION ON UPDATE NO ACTION
) ENGINE=InnoDB DEFAULT CHARSET=utf8;
/*!40101 SET character_set_client = @saved_cs_client */;

--
-- Dumping data for table `conciliation_item_has_resume_item`
--

LOCK TABLES `conciliation_item_has_resume_item` WRITE;
/*!40000 ALTER TABLE `conciliation_item_has_resume_item` DISABLE KEYS */;
/*!40000 ALTER TABLE `conciliation_item_has_resume_item` ENABLE KEYS */;
UNLOCK TABLES;

--
-- Table structure for table `contract`
--

DROP TABLE IF EXISTS `contract`;
/*!40101 SET @saved_cs_client     = @@character_set_client */;
/*!40101 SET character_set_client = utf8 */;
CREATE TABLE `contract` (
  `contract_id` int(11) NOT NULL AUTO_INCREMENT,
  `customer_id` int(11) DEFAULT NULL,
  `to_date` date DEFAULT NULL,
  `from_date` date DEFAULT NULL,
  `status` enum('current','lapsed','canceled') DEFAULT NULL,
  `address_id` int(11) DEFAULT NULL,
  PRIMARY KEY (`contract_id`),
  KEY `fk_contract_customer_idx` (`customer_id`),
  KEY `fk_contract_address_idx` (`address_id`),
  CONSTRAINT `fk_contract_address` FOREIGN KEY (`address_id`) REFERENCES `address` (`address_id`) ON DELETE NO ACTION ON UPDATE NO ACTION,
  CONSTRAINT `fk_contract_customer` FOREIGN KEY (`customer_id`) REFERENCES `customer` (`customer_id`) ON DELETE NO ACTION ON UPDATE NO ACTION
) ENGINE=InnoDB DEFAULT CHARSET=utf8;
/*!40101 SET character_set_client = @saved_cs_client */;

--
-- Dumping data for table `contract`
--

LOCK TABLES `contract` WRITE;
/*!40000 ALTER TABLE `contract` DISABLE KEYS */;
/*!40000 ALTER TABLE `contract` ENABLE KEYS */;
UNLOCK TABLES;

--
-- Table structure for table `contract_detail`
--

DROP TABLE IF EXISTS `contract_detail`;
/*!40101 SET @saved_cs_client     = @@character_set_client */;
/*!40101 SET character_set_client = utf8 */;
CREATE TABLE `contract_detail` (
  `contract_id` int(11) NOT NULL,
  `product_id` int(11) NOT NULL,
  `to_date` date DEFAULT NULL,
  `status` enum('current','lapsed') DEFAULT NULL,
  PRIMARY KEY (`contract_id`,`product_id`),
  KEY `fk_contract_detail_product_idx` (`product_id`),
  CONSTRAINT `fk_contract_detail_contract` FOREIGN KEY (`contract_id`) REFERENCES `contract` (`contract_id`) ON DELETE NO ACTION ON UPDATE NO ACTION,
  CONSTRAINT `fk_contract_detail_product` FOREIGN KEY (`product_id`) REFERENCES `product` (`product_id`) ON DELETE NO ACTION ON UPDATE NO ACTION
) ENGINE=InnoDB DEFAULT CHARSET=utf8;
/*!40101 SET character_set_client = @saved_cs_client */;

--
-- Dumping data for table `contract_detail`
--

LOCK TABLES `contract_detail` WRITE;
/*!40000 ALTER TABLE `contract_detail` DISABLE KEYS */;
/*!40000 ALTER TABLE `contract_detail` ENABLE KEYS */;
UNLOCK TABLES;

--
-- Table structure for table `currency`
--

DROP TABLE IF EXISTS `currency`;
/*!40101 SET @saved_cs_client     = @@character_set_client */;
/*!40101 SET character_set_client = utf8 */;
CREATE TABLE `currency` (
  `currency_id` int(11) NOT NULL AUTO_INCREMENT,
  `name` varchar(45) DEFAULT NULL,
  `iso` varchar(5) DEFAULT NULL,
  `rate` double DEFAULT NULL,
  `status` enum('enabled','disabled') DEFAULT NULL,
  `code` varchar(5) DEFAULT NULL,
  PRIMARY KEY (`currency_id`)
) ENGINE=InnoDB AUTO_INCREMENT=2 DEFAULT CHARSET=utf8;
/*!40101 SET character_set_client = @saved_cs_client */;

--
-- Dumping data for table `currency`
--

LOCK TABLES `currency` WRITE;
/*!40000 ALTER TABLE `currency` DISABLE KEYS */;
INSERT INTO `currency` VALUES (1,'Peso','Peso',1,'enabled','PES');
/*!40000 ALTER TABLE `currency` ENABLE KEYS */;
UNLOCK TABLES;

--
-- Table structure for table `customer`
--

DROP TABLE IF EXISTS `customer`;
/*!40101 SET @saved_cs_client     = @@character_set_client */;
/*!40101 SET character_set_client = utf8 */;
CREATE TABLE `customer` (
  `customer_id` int(11) NOT NULL AUTO_INCREMENT,
  `name` varchar(150) NOT NULL,
  `lastname` varchar(150) DEFAULT NULL,
  `document_number` varchar(45) DEFAULT NULL,
  `sex` varchar(10) DEFAULT NULL,
  `email` varchar(45) DEFAULT NULL,
  `phone` varchar(45) DEFAULT NULL,
  `address` varchar(255) DEFAULT NULL,
  `status` enum('enabled','disabled','blocked') DEFAULT NULL,
  `document_type_id` int(11) DEFAULT NULL,
  `tax_condition_id` int(11) NOT NULL,
  `account_id` int(11) DEFAULT NULL,
  `company_id` int(11) DEFAULT NULL,
  `address_id` int(11) DEFAULT NULL,
  `email2` varchar(45) DEFAULT NULL,
  `phone2` varchar(45) DEFAULT NULL,
  `phone3` varchar(45) DEFAULT NULL,
  `customer_reference_id` int(11) DEFAULT NULL,
  `code` varchar(45) DEFAULT NULL,
  PRIMARY KEY (`customer_id`),
  KEY `fk_customer_document_type1_idx` (`document_type_id`),
  KEY `fk_customer_account1_idx` (`account_id`),
  KEY `fk_customer_tax_condition_idx` (`tax_condition_id`),
  KEY `ix_customer_company_id` (`company_id`),
  KEY `fk_customer_address_idx` (`address_id`),
  KEY `fk_customer_customer1_idx` (`customer_reference_id`),
  CONSTRAINT `fk_customer_account1` FOREIGN KEY (`account_id`) REFERENCES `account` (`account_id`) ON DELETE NO ACTION ON UPDATE NO ACTION,
  CONSTRAINT `fk_customer_address` FOREIGN KEY (`address_id`) REFERENCES `address` (`address_id`) ON DELETE NO ACTION ON UPDATE NO ACTION,
  CONSTRAINT `fk_customer_customer1` FOREIGN KEY (`customer_reference_id`) REFERENCES `customer` (`customer_id`) ON DELETE NO ACTION ON UPDATE NO ACTION,
  CONSTRAINT `fk_customer_document_type1` FOREIGN KEY (`document_type_id`) REFERENCES `document_type` (`document_type_id`) ON DELETE NO ACTION ON UPDATE NO ACTION,
  CONSTRAINT `fk_customer_tax_condition1` FOREIGN KEY (`tax_condition_id`) REFERENCES `tax_condition` (`tax_condition_id`) ON DELETE NO ACTION ON UPDATE NO ACTION
) ENGINE=InnoDB AUTO_INCREMENT=140 DEFAULT CHARSET=utf8;
/*!40101 SET character_set_client = @saved_cs_client */;

--
-- Dumping data for table `customer`
--

LOCK TABLES `customer` WRITE;
/*!40000 ALTER TABLE `customer` DISABLE KEYS */;
INSERT INTO `customer` VALUES (1,'MUNICIPALIDAD DE MENDOZA - DEPARTAMENTO DE COMPRAS Y SUMINISTROS','','30999070880','male','','','9 DE JULIO 500 - (5.500) MENDOZA - MENDOZA','enabled',1,3,0,1,0,NULL,NULL,NULL,NULL,'060190'),(2,'CA. P. SA. CONSTRUCCIONES CIVILES Y DE SERVICIO S. R. L. - NEXOR CUYO S. A. - I. P. V. 13 UTE','','30714397717','','','','AVELLANEDA 135 - (5.500) MENDOZA - MENDOZA','enabled',1,1,0,1,0,NULL,NULL,NULL,NULL,NULL),(3,'CORDIAL COMPAÑÍA FINANCIERA S. A. ','','30701810852','','','','J B LASALLE 653 - (1.642) SAN ISIDRO - BUENOS AIRES','enabled',1,1,0,1,0,NULL,NULL,NULL,NULL,NULL),(4,'YPF S. A.','','30546689979','','','','REFINERÍA LUJÁN DE CUYO - (5.517) LUJÁN DE CUYO - MENDOZA','enabled',1,1,0,1,0,NULL,NULL,NULL,NULL,'MR3RH9XDB05260H'),(5,'DAMATEC S. A.','','30711630151','','','','MITRE 574 - PLANTA BAJA - OFICINA 40 - (5.500) MENDOZA - MENDOZA ','enabled',1,1,0,1,0,NULL,NULL,NULL,NULL,'MR3RH9XDB052600'),(6,'SINDICATO DEL SEGURO DE LA REPÚBLICA ARGENTINA ','','30559514388','','','011-43273284','CARLOS PELLEGRINI 575 - (1.009) BUENOS AIRES ','enabled',1,1,0,1,0,NULL,NULL,NULL,NULL,NULL),(7,'UNIVERSIDAD NACIONAL DE CUYO','','30546669463','','','','CENTRO UNIVERSITARIO - U. N. C. PARQUE GENERAL SAN MARTÍN - (5.500) MENDOZA','enabled',1,1,0,1,0,NULL,NULL,NULL,NULL,NULL),(9,'GRUPO ANCHORENA S. A.','','30710970331','','','','25 DE MAYO 80 - CORONEL DORREGO - (5.519) GUAYMALLÉN - MENDOZA','enabled',1,1,0,1,0,NULL,NULL,NULL,NULL,NULL),(10,'MINISTERIO DE SALUD - SUBDIRECCIÓN DE COMPRAS','','30679758086','','','','ALA ESTE PLANTA BAJA - BARRIO CÍVICO - (5.500) MENDOZA','enabled',1,3,0,1,0,NULL,NULL,NULL,NULL,NULL),(11,'ARENAS GUSTAVO','','20217402159','','','','ALVAREZ CONDARCO 1.785 - (5.519) GUAYMALLEN - MENDOZA','enabled',1,1,0,1,0,NULL,NULL,NULL,NULL,NULL),(12,'HENZA S. H. DE URIARTE MARÍA A. Y MARCHETTA DIEGO M.','','30714742228','','','','SAN MARTÍN 1.064 - ENTRE CALLES BOLIVAR Y LAVALLE - (5.700) SAN LUIS','enabled',1,3,0,1,0,NULL,NULL,NULL,NULL,NULL),(13,'DÍAZ MERINO S. R. L.','','30709258873','','','','AVENIDA IGNACIO DE LA ROZA 123 - OESTE - (5.400) SAN JUAN','enabled',1,1,0,1,0,NULL,NULL,NULL,NULL,NULL),(14,'RUIZ JOSÉ','','20067348169','','','0264 - 4210368','RIOJA 366 NORTE - (5.400) SAN JUAN','enabled',1,1,0,1,0,NULL,NULL,NULL,NULL,NULL),(16,'Z & B S. R. L.','','30708568917','','','','SARMIENTO 1.760 ESTE - (5.400) SAN JUAN','enabled',1,1,0,1,0,NULL,NULL,NULL,NULL,NULL),(17,'TARJETAS CUYANAS S. A.','','30684195707','','','','BELGRANO 1.415 - (5.500) MENDOZA','enabled',1,1,0,1,0,NULL,NULL,NULL,NULL,NULL),(18,'SECRETARÍA PREVISIONAL DE LA CÁMARA FEDERAL DE MENDOZA','','34546671471','','','','AVENIDA ESPAÑA 955 - (5.500) MENDOZA','enabled',1,3,0,1,0,NULL,NULL,NULL,NULL,NULL),(19,'OPCIÓN CUYO S. A.','','30711869634','','','','MITRE 574 - PLANTA BAJA - OFICINA 40 - (5.500) MENDOZA ','enabled',1,1,0,1,0,NULL,NULL,NULL,NULL,NULL),(20,'FUNDACIÓN ARGENINTA','','30676303657','','','0261 - 4963485','ACCESO SUR Y ARAOZ - MAYOR DRUMMOND - (5.517) LUJÁN DE CUYO - MENDOZA','enabled',1,3,0,1,0,NULL,NULL,NULL,NULL,NULL),(21,'SUMPETROL S. A. ','','33605491729','','','','LEGUIZAMÓN 366 - (5.501) GODOY CRUZ - MENDOZA','enabled',1,1,0,1,0,NULL,NULL,NULL,NULL,NULL),(22,'EL AUDITOR S. A.','','30560298796','','','','LIMA 219 - BARRIO CENTRO NORTE - (5.000) CÓRDOBA','enabled',1,1,0,1,0,NULL,NULL,NULL,NULL,NULL),(23,'FIORENTINI ALDO ANTONIO','','20120601076','','','','MATHEU 1.638 - (5.501) GODOY CRUZ - MENDOZA','enabled',1,1,0,1,0,NULL,NULL,NULL,NULL,NULL),(24,'ARIZU LEONCIO','','30508598501','','jcirrera@leoncioarizu.com.ar','','SAN MARTÍN 2.044 - MAYOR DRUMMOND - (5.507) LUJÁN DE CUYO - MENDOZA','enabled',1,1,0,1,0,NULL,NULL,NULL,NULL,NULL),(25,'SAMPIRISI ROLANDO DANIEL','','23127323259','','','','AVENIDA ROCA 650 - (8.307) CATRIEL - RÍO NEGRO','enabled',1,1,0,1,0,NULL,NULL,NULL,NULL,NULL),(26,'GOMEZ ROMEO FRANCISCO','','23111103399','','','','TUCUMÁN 334 - (5.500) MENDOZA','enabled',1,1,0,1,0,NULL,NULL,NULL,NULL,NULL),(27,'GOMEZ MIRANDA MARIANA','','27354754725','','','','AVENIDA EJÉRCITO DE LOS ANDES 1.228 - (5.700) SAN LUIS','enabled',1,1,0,1,0,NULL,NULL,NULL,NULL,NULL),(28,'VITAL S. A.','','30707662332','','','','PRIMITIVO DE LA RETA 1.007 - (5.500) MENDOZA','enabled',1,1,0,1,0,NULL,NULL,NULL,NULL,NULL),(29,'HOSPITAL LUIS LAGOMAGGIORE','','30999282292','','','','TIMOTEO GORDILLO SIN NÚMERO - (5.501) GODOY CRUZ - MENDOZA','enabled',1,3,0,1,0,NULL,NULL,NULL,NULL,NULL),(30,'RODAMIENTOS CUYO S. R. L.','','30561078927','','','','URQUIZA 498 - (5.500) MENDOZA','enabled',1,1,0,1,0,NULL,NULL,NULL,NULL,NULL),(31,'ESIGAS S. A.','','30707118039','','','','ITUZAINGO 2.536 - (5.500) MENDOZA','enabled',1,1,0,1,0,NULL,NULL,NULL,NULL,NULL),(32,'ESPACIOS PATAGÓNICOS S. A.','','30709906360','','','','12 DE OCTUBRE 539 - GOBERNADOR GREGORES - SANTA CRUZ','enabled',1,1,0,1,0,NULL,NULL,NULL,NULL,NULL),(33,'RERDA S. A.','','30535195869','','','','SAN MARTÍN 1.665 - (5.500) MENDOZA ','enabled',1,1,0,1,0,NULL,NULL,NULL,NULL,NULL),(34,'FUESMEN','','30648196020','','','','GARIBALDI 405 - (5.500) MENDOZA','enabled',1,1,0,1,0,NULL,NULL,NULL,NULL,NULL),(35,'INDRA SI S.A. ARGENTINA','','30693133765','','','','PARANÁ 1.073 - (1.073) BUENOS AIRES','enabled',1,1,0,1,0,NULL,NULL,NULL,NULL,NULL),(36,'LA CASA DEL AROMA S. A.','','30708999802','','','','SALTA 921 - (5.501) GODOY CRUZ','enabled',1,1,0,1,0,NULL,NULL,NULL,NULL,NULL),(37,'ALMACENAR S.A.','','30708067845','','','','TUCUMÁN 198 - (5.500) MENDOZA','enabled',1,1,0,1,0,NULL,NULL,NULL,NULL,NULL),(38,'MARTINEZ JULIO VICTOR','','20238546398','','','','SARMIENTO 915 - (4.700) SAN FERNANDO DEL VALLE DE CATAMARCA - CATAMARCA','enabled',1,1,0,1,0,NULL,NULL,NULL,NULL,NULL),(39,'FISCAMEN S. A.','','30600447145','','','','CARRIL RODRÍGUEZ PEÑA 1.982 - GENERAL GUTIERREZ - (5.515) MAIPÚ','enabled',1,1,0,1,0,NULL,NULL,NULL,NULL,NULL),(40,'CUYO RACKS S. A.','','30714383775','','','','ACCESO ESTE LATERAL NORTE 1.970 - SAN JOSÉ - (5.519) GUAYMALLÉN','enabled',1,1,0,1,0,NULL,NULL,NULL,NULL,NULL),(41,'IRON S. A.','','33656096689','','','','SAN MARTÍN 1.085 - (5.507) LUJAN DE CUYO - MENDOZA','enabled',1,1,0,1,0,NULL,NULL,NULL,NULL,NULL),(42,'ECCO S. A.','','30602764032','','','','RIOJA 2.000 -  (2.000) ROSARIO ','enabled',1,1,0,1,0,NULL,NULL,NULL,NULL,NULL),(43,'CALZETTA S.A','','30615501995','','','','SAN MARTÍN 1085 - LUJAN DE CUYO - MENDOZA','enabled',1,1,0,1,0,NULL,NULL,NULL,NULL,NULL),(44,'DISTRIFAR S. A.','','30708199938','','','','MONTECASEROS 1.357 - (5.500) MENDOZA','enabled',1,1,0,1,0,NULL,NULL,NULL,NULL,NULL),(45,'BAKER HUGHES ARGENTINA S. R. L. ','','30504475413','','','','JUANA MANSO 205 3ª PISO DIQUE 4 - PUERTO MADERO - (C1107CBE) BUENOS AIRES ','enabled',1,1,0,1,0,NULL,NULL,NULL,NULL,NULL),(46,'BANCO SUPERVIELLE S. A','','33500005179','','','','BARTOLOMÉ MITRE 434 - BUENOS AIRES','enabled',1,1,0,1,0,NULL,NULL,NULL,NULL,NULL),(47,'RAMIREZ PRUDENCIO ÁNGEL','','20141693027','','','','DON BOSCO 1.612 - (8.332) GENERAL ROCA - RÍO NEGRO','enabled',1,1,0,1,0,NULL,NULL,NULL,NULL,NULL),(48,'AFIP  DGI DIRECCIÓN REGIONAL MENDOZA','','33693450239','','','','HIPOLITO YRIGOYEN 320 PLANTA BAJA - (1.086) BUENOS AIRES','enabled',1,3,0,1,0,NULL,NULL,NULL,NULL,NULL),(49,'PEREYRA AMALIA ALICIA','','27051441716','','','','BELGRANO 302 - (5.730) VILLA MERCEDES - SAN LUIS','enabled',1,1,0,1,0,NULL,NULL,NULL,NULL,NULL),(50,'SAN LUIS EQUIPAMIENTOS S. R. L.','','30711870543','','','','BARRIO MAXIMILIANO TORO 16 M - (5.700) SAN LUIS','enabled',1,1,0,1,0,NULL,NULL,NULL,NULL,NULL),(51,'TRAMAT S. A. Y OTROS UNIÓN TRANSITORIA DE EMPRESAS','','30711057737','','carloszuniga@andesmar.com.ar','','RODRIGUEZ PEÑA 2.831 - (5.501) GODOY CRUZ - MENDOZA','enabled',1,1,0,1,0,NULL,NULL,NULL,NULL,NULL),(52,'TRANSPORTE FÉLIX S. A.','','30711999775','','','','TERRADA 1.412 PERDRIEL (5.507) LUJÁN DE CUYO - MENDOZA','enabled',1,1,0,1,0,NULL,NULL,NULL,NULL,NULL),(56,'AGRO CONCIENCIA ARGENTINA S. A.','','30710438230','','','','REMEDIOS ESCALADA 2.560 - DORREGO - (5.519) GUAYMALLÉN - MENDOZA','enabled',1,1,0,1,0,NULL,NULL,NULL,NULL,NULL),(57,'FILE S. R. L.','','30694674794','','','','PERITO MORENO 480 - (5.501) GODOY CRUZ - MENDOZA ','enabled',1,1,0,1,0,NULL,NULL,NULL,NULL,NULL),(58,'CE. BE. CO. S.R.L.','','30710116500','','','','BANDERA DE LOS ANDES 1450-SAN JOSE-GLLEN-MENDOZA','enabled',1,1,0,1,0,NULL,NULL,NULL,NULL,NULL),(59,'B.S.F. S.A.','','30708928387','','','','DARRAGUEIRA 7097-CARRODILLA LA PUNTILLA','enabled',1,1,0,1,0,NULL,NULL,NULL,NULL,NULL),(60,'BODEGA DANTE ROBINO S. A.','','33562114349','','','','CERRITO 1.070 PISO 4 DEPARTAMENTO 81 - (1.010) BUENOS AIRES','enabled',1,1,0,1,0,NULL,NULL,NULL,NULL,NULL),(61,'BSF S. A.','','30708928387','','','','DARRAGUEIRA 7.097 - CHACRAS DE CORIA - (5.505) LUJÁN DE CUYO - MENDOZA','enabled',1,1,0,1,0,NULL,NULL,NULL,NULL,NULL),(62,'INGENIERÍA AL SERVICIO DE LA CONSTRUCCIÓN S. A.','','30711258872','','','','SOSA 2.555 BARRIO MUNICIPAL - LUZURIAGA - (5.513) - MENDOZA','enabled',1,1,0,1,0,NULL,NULL,NULL,NULL,NULL),(63,'ESPAÑA EQUIPAMIENTOS SOCIEDAD DE RESPONSABILIDAD LIMITADA','','33712553079','','','','AVENIDA ESPAÑA 1.400 - (5.700) SAN LUIS','enabled',1,1,0,1,0,NULL,NULL,NULL,NULL,NULL),(64,'MANZANARES S. A.','','30711147922','','','','PELLEGRINI 479 - TUNUYÁN - MENDOZA','enabled',1,1,0,1,0,NULL,NULL,NULL,NULL,NULL),(65,'RM ARQ','','30709564567','','info@pomodular.com.ar','','ACCESO SUR KM 14 - LUJAN DE CUYO - MENDOZA','enabled',1,1,0,1,0,NULL,NULL,NULL,NULL,NULL),(66,'CENTRO DE JUBILADOS Y PENSIONADOS NACIONALES DE LA COOPERATIVA TAC','','30684201855','','','','SAN JUAN 261 - (5.500) MENDOZA','enabled',1,3,0,1,0,NULL,NULL,NULL,NULL,NULL),(67,'CICERCHIA LUIS','','20200177380','','','','RIVADAVIA 1.041 - (2.900) SAN NICOLÁS - BUENOS AIRES','enabled',1,1,0,1,0,NULL,NULL,NULL,NULL,NULL),(68,'KATSUDA GUSTAVO ALEJANDRO','','20085634179','','','','AVENIDA RIOJA 1.166 SUR - (5.400) SAN JUAN','enabled',1,1,0,1,0,NULL,NULL,NULL,NULL,NULL),(69,'DANTE MONTIEL ','','23222172829','','dante.montiel@hotmail.com','','BARRIO SAN NICOLAS MANZANA F CASA 4 JUNIN','enabled',1,3,0,1,0,NULL,NULL,NULL,NULL,NULL),(70,'ACTIS CAPORALE CRISTIAN, ACTIS CAPORALE FABIO Y ACTIS CAPORALE MARISOL S. H','','30714424919','','consultas@actisamoblamientos.com.ar','0341-4373404','AVELLANEDA 545 - ENTRE LAS CALLES SAN LORENZO Y URQUIZA - ROSARIO NORTE - SANTA FE','enabled',1,1,0,1,0,NULL,NULL,NULL,NULL,NULL),(71,'ORGANIZACION MEDERERA ANDINA SRL','','30657912952','','','261-154543568','PARQUE INDUSTRIAL. EJE NORTE 0 DPTO: R-1 - LAS HERAS','enabled',1,1,0,1,0,NULL,NULL,NULL,NULL,NULL),(72,'TOMELLINI CAROLINA ANDREA','','27232679293','','','','MONTEVIDEO 230 OFICINA 3 PISO 9 - (5.500) MENDOZA','enabled',1,1,0,1,0,NULL,NULL,NULL,NULL,NULL),(73,'OBRA SOCIAL SANIDAD ARGENTINA','','30679232106','','','','25 DE MAYO 722 - (5.500) MENDOZA','enabled',1,3,0,1,0,NULL,NULL,NULL,NULL,NULL),(74,'RÍO URUGUAY Y COOPERATIVA DE SEGUROS LIMITADA','','30500061711','','','','CONGRESO DE TUCUMÁN 21 - CONCEPCIÓN DEL URUGUAY - (3.260) ENTRE RÍOS','enabled',1,1,0,1,0,NULL,NULL,NULL,NULL,NULL),(75,'COLEGIO PADRE VASQUEZ','','30629220077','','','','PADRE VASQUEZ 150 - (5.515) MAIPÚ','enabled',1,2,0,1,0,NULL,NULL,NULL,NULL,NULL),(76,'OJEDA Y GUERRA DE JOSÉ OJEDA Y JUAN GUERRA','','33616226709','','','','BRANDSEN 165 - (8.000) BAHÍA BLANCA - BUENOS AIRES','enabled',1,1,0,1,0,NULL,NULL,NULL,NULL,NULL),(77,'GYP MECANIZADOS SH','','33708952619','','','4218934','URQUIZA 1239 VILLA NUEVA GLLEN ','enabled',1,1,0,1,0,NULL,NULL,NULL,NULL,NULL),(89,'UNCORKING ARGENTINA SRL EN FORMACION','','30714905844','','','','BELGRANO 1093 OFICINA A MENDOZA ','enabled',1,1,0,1,0,NULL,NULL,NULL,NULL,NULL),(90,'PUTALIVO ALEJANDRA','','18082344','','','','FERROVIARIOS ARGENTINOS 517 - (5.500) MENDOZA','enabled',2,2,0,1,0,NULL,NULL,NULL,NULL,NULL),(91,'CARLOS FERNANDO ECHEVARRIA','','20171849900','','','','BANDERA DE LOS ANDES 6298 CAPILLA DEL ROSARIO GUAYMALLEN','enabled',1,1,0,1,0,NULL,NULL,NULL,NULL,NULL),(92,'ANTUENO JORGE EDUARDO ','','20143855628','','','','CORRIENTES 255 - FORMOSA','enabled',1,1,0,1,0,NULL,NULL,NULL,NULL,NULL),(93,'PRONAVE  S. A.','','30714019739','','','','MONTEVIDEO 545 PISO 3 OFICINA 17 - (5.500) MENDOZA','enabled',1,1,0,1,0,NULL,NULL,NULL,NULL,NULL),(94,'ING. MARIO S. BLOMBERG S. A. - RETESAR S. A. - UTE','','30714529915','','','','INDEPENDENCIA 965 - GODOY CRUZ','enabled',1,1,0,1,0,NULL,NULL,NULL,NULL,NULL),(95,'GOMEZ ELBIO RAÚL','','20246562149','','','','SAN ANTONIO NORTE 910 - GUALEGUAY - (2.840) ENTRE RÍOS','enabled',1,1,0,1,0,NULL,NULL,NULL,NULL,NULL),(96,'REDUAR SA ','','30709481513','','','','COMEGLIO 416 RIVADAVIA MENDOZA','enabled',1,1,0,1,0,NULL,NULL,NULL,NULL,NULL),(97,'ANGIORD S. A. C. I. ','','33567769289','','','','MITRE SIN NÚMERO - COQUIMBITO - (5.515) MAIPÚ','enabled',1,1,0,1,0,NULL,NULL,NULL,NULL,NULL),(98,'DERMECHKOFF MIGUEL ANGEL','','20262138144','','','','CAFFERATTA 47 OESTE - (5.700) SAN LUIS','enabled',1,1,0,1,0,NULL,NULL,NULL,NULL,NULL),(99,'TUAREG - FULTEN - IMÁGENES RADIOLÓGICAS - UTE ','','30709788198','','','','NECOCHEA 571 - (5.500) MENDOZA','enabled',1,1,0,1,0,NULL,NULL,NULL,NULL,NULL),(100,'RETESAR S.A - ING MARIO S. BROMBERG S.A - U.T.E ','','30714712167','','','','INDEPENDENCIA 955 - (5.501) GODOY CRUZ - MENDOZA','enabled',1,1,0,1,0,NULL,NULL,NULL,NULL,NULL),(101,'ASOCIACIÓN COOPERADORA DEL HOSPITAL MILITAR MENDOZA DR. DIEGO PAROISSIEN ','','30679785482','','','','BOULOGNE SUR MER 1.700 - (5.500) MENDOZA','enabled',1,3,0,1,0,NULL,NULL,NULL,NULL,NULL),(102,'CFTM S. R. L','','33699572999','','','','COLÓN 547 / 569 PISO 1 DEPARTAMENTO 5 - (5.500) MENDOZA ','enabled',1,1,0,1,0,NULL,NULL,NULL,NULL,NULL),(103,'RADDINO FERNANDO ','','20346762609','','','','SAN JUAN 1.425 - (5.500) MENDOZA','enabled',1,1,0,1,0,NULL,NULL,NULL,NULL,NULL),(104,'RUIZ ANDREA DANIELA','','27181879578','','','','AVENIDA PRESIDENTE ARTURO ILLIA 371 - SAN FERNANDO DEL VALLE DE CATAMARCA - (4.700) CATAMARCA','enabled',1,1,0,1,0,NULL,NULL,NULL,NULL,NULL),(105,'ARMENTANO LUIS DANIEL ','','20142797454','','','','OZAMIS 296 MAIPU MENDOZA ','enabled',1,1,0,1,0,NULL,NULL,NULL,NULL,NULL),(106,'SERVICIOS MILENIUN S. A.','','30710340591','','','','CALLEJÓN GENTILE LOTE 5 - (5.507) LUJÁN DE CUYO - MENDOZA','enabled',1,1,0,1,0,NULL,NULL,NULL,NULL,NULL),(107,'SEMANTEC S. R. L.','','30708776188','','','','LAS HERAS 757 - SAN JOSÉ - (5.519) GUAYMALLÉN - MENDOZA','enabled',1,1,0,1,0,NULL,NULL,NULL,NULL,NULL),(108,'NIHUIL MOTOR S. A. C. A. F. I.','','30543192224','','','','BANDERA DE LOS ANDES 5.368 - VILLA NUEVA - (5.519) GUAYMALLÉN','enabled',1,1,0,1,0,NULL,NULL,NULL,NULL,NULL),(109,'ROVELLA CARRANZA S. A.','','30615224827','','','','DESVÍO A PESCADORES KILÓMETRO 8,9 - (5.700) SAN LUIS','enabled',1,1,0,1,0,NULL,NULL,NULL,NULL,NULL),(110,'PODER JUDICIAL CONSEJO DE LA MAGISTRATURA - JUZGADO FEDERAL Nº 1','','34546671471','','','','AVENIDA ESPAÑA 483 - (5.500) MENDOZA','enabled',1,3,0,1,0,NULL,NULL,NULL,NULL,NULL),(111,'IMÁGENES LUJÁN S. A.','','33710659929','','','','NECOCHEA 571 - (5.500) MENDOZA','enabled',1,1,0,1,0,NULL,NULL,NULL,NULL,NULL),(112,'TUAREG S. A.','','30709306304','','','','ESPEJO OESTE 235 - SAN MARTÍN - MENDOZA','enabled',1,1,0,1,0,NULL,NULL,NULL,NULL,NULL),(113,'FALLETI AMOBLAMIENTOS S. R. L.','','30684452297','','','','SANTIAGO DEL ESTERO 120 - (8.300) NEUQUÉN','enabled',1,1,0,1,0,NULL,NULL,NULL,NULL,NULL),(114,'MONTERO ÁNGEL E HIJOS S. R. L.','','30519050028','','','','ESPAÑA 77 - CIPOLLETTI - (8.324) RÍO NEGRO','enabled',1,1,0,1,0,NULL,NULL,NULL,NULL,NULL),(115,'ASOCIACIÓN MUTUAL EMPLEADOS SINDICATOS UNIDOS Y PRIVADOS','','30707840028','','','','ESPEJO 126 PISO 2 OFICINA 6 - (5.500) MENDOZA','enabled',1,3,0,1,0,NULL,NULL,NULL,NULL,NULL),(116,'GALLARDO BEATRIZ JOSEFINA','','27102500046','','','','SANTA ROSA 425 ENTRE LAS CALLES SUCRE Y JUJUY - BARRIO CENTRO NORTE - (5.000) CÓRDOBA','enabled',1,1,0,1,0,NULL,NULL,NULL,NULL,NULL),(117,'BRUNETTI ARMANDO S. A.','','33709106649','','','','ALSINA 1.893 - (5.501) GODOY CRUZ - MENDOZA','enabled',1,1,0,1,0,NULL,NULL,NULL,NULL,NULL),(118,'FUNDACIÓN CENTRO ONCOLÓGICO DE INTEGRACIÓN REGIONAL (C. O. I. R. )','','33707338879','','','','MONTECASEROS 1.020 - (5.500) MENDOZA','enabled',1,1,0,1,0,NULL,NULL,NULL,NULL,NULL),(119,'REPUESTOS PESADOS S. R. L.','','30644758202','','','','EJÉRCITO DE LOS ANDES 478 - DORREGO - (5.519)GUAYMALLÉN - MENDOZA','enabled',1,1,0,1,0,NULL,NULL,NULL,NULL,NULL),(120,'CONSORCIO MADERERO GENERAL LAVALLE CONSORCIO DE COOPERACIÓN','','30710827067','','','','AVENIDA SARMIENTO Y MIGUEL A. LUCAS - PALO SANTO - (3.608) FORMOSA','enabled',1,1,0,1,0,NULL,NULL,NULL,NULL,NULL),(121,'UNIVERSIDAD JUAN AGUSTIN MAZA','','30595517199','','','','ACCESO ESTE LATERAL SUR 2245 GUAYMALLEN ','enabled',1,3,0,1,0,NULL,NULL,NULL,NULL,NULL),(122,'PODER JUDICIAL CONSEJO DE LA MAGISTRATURA - JUZGADO FEDERAL Nº 3','','34546671471','','','','AVENIDA ESPAÑA 483 - (5.500) MENDOZA','enabled',1,3,0,1,0,NULL,NULL,NULL,NULL,NULL),(123,'BODEGAS Y VIÑEDOS SANTA ELENA S. R. L. ','','30694668107','','','','MAIPÚ 347 - (5.501) GODOY CRUZ','enabled',1,1,0,1,0,NULL,NULL,NULL,NULL,NULL),(124,'CAMBARERI JUAN','','20171299617','','','','CÓRDOBA Y MENDOZA - (9.000) COMODORO RIVADAVIA - CHUBUT','enabled',1,1,0,1,0,NULL,NULL,NULL,NULL,NULL),(125,'REDÍN ARGENTINA S. A.','','30708112638','','','','URUGUAY 782 PISO 8 - (1.000) BUENOS AIRES','enabled',1,1,0,1,0,NULL,NULL,NULL,NULL,NULL),(126,'DEL SUR CONSTRUCCIONES Y SERVICIOS S. R. L.','','33708793839','','','','MITRE 367 - PUERTO SAN JULIÁN - SANTA CRUZ','enabled',1,1,0,1,0,NULL,NULL,NULL,NULL,NULL),(127,'TECHNO EQUIPAMIENTOS S. A. ','','30698837434','','','','ALVEAR 301 BARRIO CENTRO NORTE - (5.000) CORDOBA','enabled',1,1,0,1,0,NULL,NULL,NULL,NULL,NULL),(128,'AREA SANITARIA LAS HERAS','','30676431671','','','','CORONEL MOYANO ESQUINA CATAMARCA - LAS HERAS MENDOZA','enabled',1,3,0,1,0,NULL,NULL,NULL,NULL,NULL),(129,'BURGWARDT MINERA S. A. ','','33709322139','','','','AVENIDA LEANDRO N. ALEM 690 PISO 8 - (1.001) CIUDAD AUTÓNOMA BUENOS AIRES ','enabled',1,1,0,1,0,NULL,NULL,NULL,NULL,NULL),(130,'RADIO Y TELEVISIÓN ARGENTINA S. E.','','30711247188','','','','','enabled',1,1,0,1,1,NULL,NULL,NULL,NULL,NULL),(131,'EMPRESA DE CONSTRUCCIONES BRIZUELA Y VILLAFAÑE S. R. L.','','30649739281','','','','','enabled',1,1,0,1,2,NULL,NULL,NULL,NULL,NULL),(132,'CHABOUX CLUSTER S. H.','','33693975439','','','','','enabled',1,1,0,1,3,NULL,NULL,NULL,NULL,NULL),(133,'SERRANO S. A.','','30707694870','','','','','enabled',1,1,0,1,4,NULL,NULL,NULL,NULL,NULL),(134,'PASQUI CARLOS','','20931188268','','','','','enabled',1,1,0,1,5,NULL,NULL,NULL,NULL,NULL),(135,'DISTRIBUIDORA DE GAS DEL CENTRO S. A.','','33657865279','','','','','enabled',1,1,0,1,6,NULL,NULL,NULL,NULL,NULL),(136,'HUGO SEGUEL','','25586903','','','','','enabled',2,2,0,1,7,NULL,NULL,NULL,NULL,NULL),(137,'PONT JUAN LUIS','','23204005079','','','','','enabled',1,1,0,1,8,NULL,NULL,NULL,NULL,NULL),(138,'INTEMA COMUNICACIONES S.A.','','33708594089','','','','','enabled',1,1,0,1,9,NULL,NULL,NULL,NULL,NULL),(139,'INDUSTRIAS SOLANO S. A.','','30500907149','','','','','enabled',1,1,0,1,10,NULL,NULL,NULL,NULL,NULL);
/*!40000 ALTER TABLE `customer` ENABLE KEYS */;
UNLOCK TABLES;

--
-- Table structure for table `customer_category`
--

DROP TABLE IF EXISTS `customer_category`;
/*!40101 SET @saved_cs_client     = @@character_set_client */;
/*!40101 SET character_set_client = utf8 */;
CREATE TABLE `customer_category` (
  `customer_category_id` int(11) NOT NULL AUTO_INCREMENT,
  `name` varchar(255) DEFAULT NULL,
  `status` enum('enabled','disabled') DEFAULT NULL,
  `parent_id` int(11) DEFAULT NULL,
  PRIMARY KEY (`customer_category_id`),
  KEY `fk_customer_category_1_idx` (`parent_id`),
  CONSTRAINT `fk_customer_category_1` FOREIGN KEY (`parent_id`) REFERENCES `customer_category` (`customer_category_id`) ON DELETE NO ACTION ON UPDATE NO ACTION
) ENGINE=InnoDB DEFAULT CHARSET=utf8;
/*!40101 SET character_set_client = @saved_cs_client */;

--
-- Dumping data for table `customer_category`
--

LOCK TABLES `customer_category` WRITE;
/*!40000 ALTER TABLE `customer_category` DISABLE KEYS */;
/*!40000 ALTER TABLE `customer_category` ENABLE KEYS */;
UNLOCK TABLES;

--
-- Table structure for table `customer_category_has_customer`
--

DROP TABLE IF EXISTS `customer_category_has_customer`;
/*!40101 SET @saved_cs_client     = @@character_set_client */;
/*!40101 SET character_set_client = utf8 */;
CREATE TABLE `customer_category_has_customer` (
  `customer_category_id` int(11) NOT NULL,
  `customer_id` int(11) NOT NULL,
  `date_updated` int(11) NOT NULL,
  PRIMARY KEY (`customer_category_id`,`customer_id`,`date_updated`),
  KEY `fk_customer_category2_has_customer_1_idx` (`customer_id`),
  CONSTRAINT `fk_customer_category2_has_customer_customer_1` FOREIGN KEY (`customer_id`) REFERENCES `customer` (`customer_id`) ON DELETE NO ACTION ON UPDATE NO ACTION,
  CONSTRAINT `fk_customer_category2_has_customer_customer_category_2` FOREIGN KEY (`customer_category_id`) REFERENCES `customer_category` (`customer_category_id`) ON DELETE NO ACTION ON UPDATE NO ACTION
) ENGINE=InnoDB DEFAULT CHARSET=utf8;
/*!40101 SET character_set_client = @saved_cs_client */;

--
-- Dumping data for table `customer_category_has_customer`
--

LOCK TABLES `customer_category_has_customer` WRITE;
/*!40000 ALTER TABLE `customer_category_has_customer` DISABLE KEYS */;
/*!40000 ALTER TABLE `customer_category_has_customer` ENABLE KEYS */;
UNLOCK TABLES;

--
-- Table structure for table `customer_class`
--

DROP TABLE IF EXISTS `customer_class`;
/*!40101 SET @saved_cs_client     = @@character_set_client */;
/*!40101 SET character_set_client = utf8 */;
CREATE TABLE `customer_class` (
  `customer_class_id` int(11) NOT NULL AUTO_INCREMENT,
  `name` varchar(255) DEFAULT NULL,
  `code_ext` int(11) DEFAULT NULL,
  `is_invoiced` tinyint(1) DEFAULT NULL,
  `tolerance_days` int(11) DEFAULT NULL,
  `colour` varchar(54) DEFAULT NULL,
  `percentage_bill` int(11) DEFAULT NULL,
  `days_duration` int(11) DEFAULT NULL,
  `service_enabled` tinyint(1) DEFAULT NULL,
  PRIMARY KEY (`customer_class_id`)
) ENGINE=InnoDB DEFAULT CHARSET=utf8;
/*!40101 SET character_set_client = @saved_cs_client */;

--
-- Dumping data for table `customer_class`
--

LOCK TABLES `customer_class` WRITE;
/*!40000 ALTER TABLE `customer_class` DISABLE KEYS */;
/*!40000 ALTER TABLE `customer_class` ENABLE KEYS */;
UNLOCK TABLES;

--
-- Table structure for table `customer_class_has_customer`
--

DROP TABLE IF EXISTS `customer_class_has_customer`;
/*!40101 SET @saved_cs_client     = @@character_set_client */;
/*!40101 SET character_set_client = utf8 */;
CREATE TABLE `customer_class_has_customer` (
  `customer_class_id` int(11) NOT NULL,
  `customer_id` int(11) NOT NULL,
  `date_updated` int(11) NOT NULL,
  PRIMARY KEY (`customer_class_id`,`customer_id`,`date_updated`),
  KEY `fk_customer_category_has_customer_1_idx` (`customer_id`),
  CONSTRAINT `fk_customer_category_has_customer_customer_1` FOREIGN KEY (`customer_id`) REFERENCES `customer` (`customer_id`) ON DELETE NO ACTION ON UPDATE NO ACTION,
  CONSTRAINT `fk_customer_category_has_customer_customer_category_2` FOREIGN KEY (`customer_class_id`) REFERENCES `customer_class` (`customer_class_id`) ON DELETE NO ACTION ON UPDATE NO ACTION
) ENGINE=InnoDB DEFAULT CHARSET=utf8;
/*!40101 SET character_set_client = @saved_cs_client */;

--
-- Dumping data for table `customer_class_has_customer`
--

LOCK TABLES `customer_class_has_customer` WRITE;
/*!40000 ALTER TABLE `customer_class_has_customer` DISABLE KEYS */;
/*!40000 ALTER TABLE `customer_class_has_customer` ENABLE KEYS */;
UNLOCK TABLES;

--
-- Table structure for table `discount_event`
--

DROP TABLE IF EXISTS `discount_event`;
/*!40101 SET @saved_cs_client     = @@character_set_client */;
/*!40101 SET character_set_client = utf8 */;
CREATE TABLE `discount_event` (
  `discount_event_id` int(11) NOT NULL AUTO_INCREMENT,
  `title` varchar(45) DEFAULT NULL,
  `description` varchar(255) DEFAULT NULL,
  `exp_date` date DEFAULT NULL,
  `exp_time` time DEFAULT NULL,
  `exp_datetime` int(11) DEFAULT NULL,
  `date` date DEFAULT NULL,
  `time` time DEFAULT NULL,
  `timestamp` int(11) DEFAULT NULL,
  `status` enum('enabled','disabled','soldout') DEFAULT NULL,
  PRIMARY KEY (`discount_event_id`)
) ENGINE=InnoDB DEFAULT CHARSET=utf8;
/*!40101 SET character_set_client = @saved_cs_client */;

--
-- Dumping data for table `discount_event`
--

LOCK TABLES `discount_event` WRITE;
/*!40000 ALTER TABLE `discount_event` DISABLE KEYS */;
/*!40000 ALTER TABLE `discount_event` ENABLE KEYS */;
UNLOCK TABLES;

--
-- Table structure for table `document_type`
--

DROP TABLE IF EXISTS `document_type`;
/*!40101 SET @saved_cs_client     = @@character_set_client */;
/*!40101 SET character_set_client = utf8 */;
CREATE TABLE `document_type` (
  `document_type_id` int(11) NOT NULL AUTO_INCREMENT,
  `name` varchar(45) DEFAULT NULL,
  `code` int(11) DEFAULT NULL,
  `regex` varchar(255) DEFAULT NULL,
  PRIMARY KEY (`document_type_id`)
) ENGINE=InnoDB AUTO_INCREMENT=7 DEFAULT CHARSET=utf8;
/*!40101 SET character_set_client = @saved_cs_client */;

--
-- Dumping data for table `document_type`
--

LOCK TABLES `document_type` WRITE;
/*!40000 ALTER TABLE `document_type` DISABLE KEYS */;
INSERT INTO `document_type` VALUES (1,'CUIT',80,''),(2,'DNI',96,''),(3,'LE',89,''),(4,'LC',90,''),(5,'CI Extranjera ',91,''),(6,'Pasaporte',94,'');
/*!40000 ALTER TABLE `document_type` ENABLE KEYS */;
UNLOCK TABLES;

--
-- Table structure for table `funding_plan`
--

DROP TABLE IF EXISTS `funding_plan`;
/*!40101 SET @saved_cs_client     = @@character_set_client */;
/*!40101 SET character_set_client = utf8 */;
CREATE TABLE `funding_plan` (
  `funding_plan_id` int(11) NOT NULL AUTO_INCREMENT,
  `qty_payments` int(11) DEFAULT NULL,
  `amount_payment` float DEFAULT NULL,
  PRIMARY KEY (`funding_plan_id`)
) ENGINE=InnoDB DEFAULT CHARSET=utf8;
/*!40101 SET character_set_client = @saved_cs_client */;

--
-- Dumping data for table `funding_plan`
--

LOCK TABLES `funding_plan` WRITE;
/*!40000 ALTER TABLE `funding_plan` DISABLE KEYS */;
/*!40000 ALTER TABLE `funding_plan` ENABLE KEYS */;
UNLOCK TABLES;

--
-- Table structure for table `invoice_class`
--

DROP TABLE IF EXISTS `invoice_class`;
/*!40101 SET @saved_cs_client     = @@character_set_client */;
/*!40101 SET character_set_client = utf8 */;
CREATE TABLE `invoice_class` (
  `invoice_class_id` int(11) NOT NULL AUTO_INCREMENT,
  `class` varchar(255) NOT NULL,
  `name` varchar(45) NOT NULL,
  PRIMARY KEY (`invoice_class_id`)
) ENGINE=InnoDB AUTO_INCREMENT=2 DEFAULT CHARSET=utf8;
/*!40101 SET character_set_client = @saved_cs_client */;

--
-- Dumping data for table `invoice_class`
--

LOCK TABLES `invoice_class` WRITE;
/*!40000 ALTER TABLE `invoice_class` DISABLE KEYS */;
INSERT INTO `invoice_class` VALUES (1,'app\\modules\\invoice\\components\\einvoice\\afip\\fev1\\Fev1','Fev 1 Afip');
/*!40000 ALTER TABLE `invoice_class` ENABLE KEYS */;
UNLOCK TABLES;

--
-- Table structure for table `ip_rank`
--

DROP TABLE IF EXISTS `ip_rank`;
/*!40101 SET @saved_cs_client     = @@character_set_client */;
/*!40101 SET character_set_client = utf8 */;
CREATE TABLE `ip_rank` (
  `ip_rank_id` int(11) NOT NULL AUTO_INCREMENT,
  `ip_start` varchar(45) DEFAULT NULL,
  `ip_end` varchar(45) DEFAULT NULL,
  `status` varchar(45) DEFAULT NULL,
  `node_id` int(11) DEFAULT NULL,
  PRIMARY KEY (`ip_rank_id`),
  KEY `fk_rank_ip_1_idx` (`node_id`),
  CONSTRAINT `fk_rank_ip_1` FOREIGN KEY (`node_id`) REFERENCES `node` (`node_id`) ON DELETE NO ACTION ON UPDATE NO ACTION
) ENGINE=InnoDB DEFAULT CHARSET=utf8;
/*!40101 SET character_set_client = @saved_cs_client */;

--
-- Dumping data for table `ip_rank`
--

LOCK TABLES `ip_rank` WRITE;
/*!40000 ALTER TABLE `ip_rank` DISABLE KEYS */;
/*!40000 ALTER TABLE `ip_rank` ENABLE KEYS */;
UNLOCK TABLES;

--
-- Table structure for table `migration`
--

DROP TABLE IF EXISTS `migration`;
/*!40101 SET @saved_cs_client     = @@character_set_client */;
/*!40101 SET character_set_client = utf8 */;
CREATE TABLE `migration` (
  `version` varchar(180) NOT NULL,
  `apply_time` int(11) DEFAULT NULL,
  PRIMARY KEY (`version`)
) ENGINE=InnoDB DEFAULT CHARSET=utf8;
/*!40101 SET character_set_client = @saved_cs_client */;

--
-- Dumping data for table `migration`
--

LOCK TABLES `migration` WRITE;
/*!40000 ALTER TABLE `migration` DISABLE KEYS */;
INSERT INTO `migration` VALUES ('m000000_000000_base',1451478892),('m140608_173539_create_user_table',1451478894),('m140611_133903_init_rbac',1451478896),('m140808_073114_create_auth_item_group_table',1451478897),('m140809_072112_insert_superadmin_to_user',1451478898),('m140809_073114_insert_common_permisison_to_auth_item',1451478898),('m141023_141535_create_user_visit_log',1451478899),('m141116_115804_add_bind_to_ip_and_registration_ip_to_user',1451478900),('m141121_194858_split_browser_and_os_column',1451478901),('m141201_220516_add_email_and_email_confirmed_to_user',1451478902),('m151201_120418_ecopago_assignment',1451916116),('m151201_121568_ecopago_config',1453384798),('m151201_131568_ecopago_back_account',1453384909);
/*!40000 ALTER TABLE `migration` ENABLE KEYS */;
UNLOCK TABLES;

--
-- Table structure for table `money_box`
--

DROP TABLE IF EXISTS `money_box`;
/*!40101 SET @saved_cs_client     = @@character_set_client */;
/*!40101 SET character_set_client = utf8 */;
CREATE TABLE `money_box` (
  `money_box_id` int(11) NOT NULL AUTO_INCREMENT,
  `name` varchar(150) NOT NULL,
  `money_box_type_id` int(11) NOT NULL,
  `account_id` int(11) DEFAULT NULL,
  PRIMARY KEY (`money_box_id`),
  KEY `fk_money_box_money_box_type1_idx` (`money_box_type_id`),
  KEY `fk_money_box_account1_idx` (`account_id`),
  CONSTRAINT `fk_money_box_account1` FOREIGN KEY (`account_id`) REFERENCES `account` (`account_id`) ON DELETE NO ACTION ON UPDATE NO ACTION,
  CONSTRAINT `fk_money_box_money_box_type1` FOREIGN KEY (`money_box_type_id`) REFERENCES `money_box_type` (`money_box_type_id`) ON DELETE NO ACTION ON UPDATE NO ACTION
) ENGINE=InnoDB AUTO_INCREMENT=3 DEFAULT CHARSET=utf8;
/*!40101 SET character_set_client = @saved_cs_client */;

--
-- Dumping data for table `money_box`
--

LOCK TABLES `money_box` WRITE;
/*!40000 ALTER TABLE `money_box` DISABLE KEYS */;
INSERT INTO `money_box` VALUES (2,'Caja Ecopago 001',2,4);
/*!40000 ALTER TABLE `money_box` ENABLE KEYS */;
UNLOCK TABLES;

--
-- Table structure for table `money_box_account`
--

DROP TABLE IF EXISTS `money_box_account`;
/*!40101 SET @saved_cs_client     = @@character_set_client */;
/*!40101 SET character_set_client = utf8 */;
CREATE TABLE `money_box_account` (
  `money_box_account_id` int(11) NOT NULL AUTO_INCREMENT,
  `number` varchar(45) NOT NULL,
  `enable` tinyint(1) DEFAULT NULL,
  `money_box_id` int(11) NOT NULL,
  `company_id` int(11) DEFAULT NULL,
  `account_id` int(11) DEFAULT NULL,
  `currency_id` int(11) NOT NULL,
  PRIMARY KEY (`money_box_account_id`),
  KEY `fk_bank_account_bank1_idx` (`money_box_id`),
  KEY `ix_money_box_account_company_id` (`company_id`),
  KEY `fk_money_box_account_account1_idx` (`account_id`),
  KEY `fk_money_box_account_currency1_idx` (`currency_id`),
  CONSTRAINT `fk_bank_account_bank1` FOREIGN KEY (`money_box_id`) REFERENCES `money_box` (`money_box_id`) ON DELETE NO ACTION ON UPDATE NO ACTION,
  CONSTRAINT `fk_money_box_account_account1` FOREIGN KEY (`account_id`) REFERENCES `account` (`account_id`) ON DELETE NO ACTION ON UPDATE NO ACTION,
  CONSTRAINT `fk_money_box_account_currency1` FOREIGN KEY (`currency_id`) REFERENCES `currency` (`currency_id`) ON DELETE NO ACTION ON UPDATE NO ACTION
) ENGINE=InnoDB DEFAULT CHARSET=utf8;
/*!40101 SET character_set_client = @saved_cs_client */;

--
-- Dumping data for table `money_box_account`
--

LOCK TABLES `money_box_account` WRITE;
/*!40000 ALTER TABLE `money_box_account` DISABLE KEYS */;
/*!40000 ALTER TABLE `money_box_account` ENABLE KEYS */;
UNLOCK TABLES;

--
-- Table structure for table `money_box_type`
--

DROP TABLE IF EXISTS `money_box_type`;
/*!40101 SET @saved_cs_client     = @@character_set_client */;
/*!40101 SET character_set_client = utf8 */;
CREATE TABLE `money_box_type` (
  `money_box_type_id` int(11) NOT NULL AUTO_INCREMENT,
  `name` varchar(150) NOT NULL,
  `code` varchar(45) DEFAULT NULL,
  PRIMARY KEY (`money_box_type_id`)
) ENGINE=InnoDB AUTO_INCREMENT=3 DEFAULT CHARSET=utf8;
/*!40101 SET character_set_client = @saved_cs_client */;

--
-- Dumping data for table `money_box_type`
--

LOCK TABLES `money_box_type` WRITE;
/*!40000 ALTER TABLE `money_box_type` DISABLE KEYS */;
INSERT INTO `money_box_type` VALUES (2,'Cajas ecopago','cajas_ecopago');
/*!40000 ALTER TABLE `money_box_type` ENABLE KEYS */;
UNLOCK TABLES;

--
-- Table structure for table `node`
--

DROP TABLE IF EXISTS `node`;
/*!40101 SET @saved_cs_client     = @@character_set_client */;
/*!40101 SET character_set_client = utf8 */;
CREATE TABLE `node` (
  `node_id` int(11) NOT NULL AUTO_INCREMENT,
  `name` varchar(100) DEFAULT NULL,
  `zone_id` int(11) DEFAULT NULL,
  `status` varchar(45) DEFAULT NULL,
  `code` int(11) DEFAULT NULL,
  `company_id` int(11) DEFAULT NULL,
  PRIMARY KEY (`node_id`),
  KEY `fk_node_1_idx` (`zone_id`),
  KEY `fk_node_2_idx` (`company_id`),
  CONSTRAINT `fk_node_1` FOREIGN KEY (`zone_id`) REFERENCES `zone` (`zone_id`) ON DELETE NO ACTION ON UPDATE NO ACTION,
  CONSTRAINT `fk_node_2` FOREIGN KEY (`company_id`) REFERENCES `company` (`company_id`) ON DELETE NO ACTION ON UPDATE NO ACTION
) ENGINE=InnoDB DEFAULT CHARSET=utf8;
/*!40101 SET character_set_client = @saved_cs_client */;

--
-- Dumping data for table `node`
--

LOCK TABLES `node` WRITE;
/*!40000 ALTER TABLE `node` DISABLE KEYS */;
/*!40000 ALTER TABLE `node` ENABLE KEYS */;
UNLOCK TABLES;

--
-- Table structure for table `operation_type`
--

DROP TABLE IF EXISTS `operation_type`;
/*!40101 SET @saved_cs_client     = @@character_set_client */;
/*!40101 SET character_set_client = utf8 */;
CREATE TABLE `operation_type` (
  `operation_type_id` int(11) NOT NULL AUTO_INCREMENT,
  `name` varchar(150) NOT NULL,
  `code` varchar(45) DEFAULT NULL,
  `is_debit` tinyint(1) DEFAULT NULL,
  `account_id` int(11) NOT NULL,
  PRIMARY KEY (`operation_type_id`),
  KEY `fk_operation_type_account1_idx` (`account_id`),
  CONSTRAINT `fk_operation_type_account1` FOREIGN KEY (`account_id`) REFERENCES `account` (`account_id`) ON DELETE NO ACTION ON UPDATE NO ACTION
) ENGINE=InnoDB DEFAULT CHARSET=utf8;
/*!40101 SET character_set_client = @saved_cs_client */;

--
-- Dumping data for table `operation_type`
--

LOCK TABLES `operation_type` WRITE;
/*!40000 ALTER TABLE `operation_type` DISABLE KEYS */;
/*!40000 ALTER TABLE `operation_type` ENABLE KEYS */;
UNLOCK TABLES;

--
-- Table structure for table `paycheck`
--

DROP TABLE IF EXISTS `paycheck`;
/*!40101 SET @saved_cs_client     = @@character_set_client */;
/*!40101 SET character_set_client = utf8 */;
CREATE TABLE `paycheck` (
  `paycheck_id` int(11) NOT NULL AUTO_INCREMENT,
  `date` date DEFAULT NULL,
  `due_date` date DEFAULT NULL,
  `number` varchar(45) DEFAULT NULL,
  `amount` double DEFAULT NULL,
  `document_number` varchar(45) DEFAULT NULL,
  `status` varchar(45) DEFAULT NULL,
  `business_name` varchar(255) DEFAULT NULL,
  `description` varchar(255) DEFAULT NULL,
  `is_own` tinyint(1) DEFAULT NULL,
  `timestamp` timestamp NULL DEFAULT NULL,
  `checkbook_id` int(11) DEFAULT NULL,
  `money_box_id` int(11) DEFAULT NULL,
  `crossed` tinyint(1) DEFAULT NULL,
  `to_order` tinyint(1) DEFAULT NULL,
  PRIMARY KEY (`paycheck_id`),
  KEY `fk_paycheck_checkbook1_idx` (`checkbook_id`),
  KEY `fk_paycheck_money_box1_idx` (`money_box_id`),
  CONSTRAINT `fk_paycheck_checkbook1` FOREIGN KEY (`checkbook_id`) REFERENCES `checkbook` (`checkbook_id`) ON DELETE NO ACTION ON UPDATE NO ACTION,
  CONSTRAINT `fk_paycheck_money_box1` FOREIGN KEY (`money_box_id`) REFERENCES `money_box` (`money_box_id`) ON DELETE NO ACTION ON UPDATE NO ACTION
) ENGINE=InnoDB DEFAULT CHARSET=utf8;
/*!40101 SET character_set_client = @saved_cs_client */;

--
-- Dumping data for table `paycheck`
--

LOCK TABLES `paycheck` WRITE;
/*!40000 ALTER TABLE `paycheck` DISABLE KEYS */;
/*!40000 ALTER TABLE `paycheck` ENABLE KEYS */;
UNLOCK TABLES;

--
-- Table structure for table `paycheck_log`
--

DROP TABLE IF EXISTS `paycheck_log`;
/*!40101 SET @saved_cs_client     = @@character_set_client */;
/*!40101 SET character_set_client = utf8 */;
CREATE TABLE `paycheck_log` (
  `paycheck_log_id` int(11) NOT NULL AUTO_INCREMENT,
  `paycheck_id` int(11) NOT NULL,
  `date` date DEFAULT NULL,
  `time` time DEFAULT NULL,
  `status` varchar(45) DEFAULT NULL,
  `comment` varchar(255) DEFAULT NULL,
  PRIMARY KEY (`paycheck_log_id`),
  KEY `fk_paycheck_log_paycheck1_idx` (`paycheck_id`),
  CONSTRAINT `fk_paycheck_log_paycheck1` FOREIGN KEY (`paycheck_id`) REFERENCES `paycheck` (`paycheck_id`) ON DELETE NO ACTION ON UPDATE NO ACTION
) ENGINE=InnoDB DEFAULT CHARSET=utf8;
/*!40101 SET character_set_client = @saved_cs_client */;

--
-- Dumping data for table `paycheck_log`
--

LOCK TABLES `paycheck_log` WRITE;
/*!40000 ALTER TABLE `paycheck_log` DISABLE KEYS */;
/*!40000 ALTER TABLE `paycheck_log` ENABLE KEYS */;
UNLOCK TABLES;

--
-- Table structure for table `payment`
--

DROP TABLE IF EXISTS `payment`;
/*!40101 SET @saved_cs_client     = @@character_set_client */;
/*!40101 SET character_set_client = utf8 */;
CREATE TABLE `payment` (
  `payment_id` int(11) NOT NULL AUTO_INCREMENT,
  `amount` float NOT NULL,
  `date` date DEFAULT NULL,
  `time` time DEFAULT NULL,
  `timestamp` int(11) DEFAULT NULL,
  `concept` varchar(255) DEFAULT NULL,
  `customer_id` int(11) DEFAULT NULL,
  `number` varchar(45) DEFAULT NULL,
  `balance` double DEFAULT NULL,
  `status` enum('draft','closed','conciled') NOT NULL DEFAULT 'draft',
  `company_id` int(11) DEFAULT NULL,
  PRIMARY KEY (`payment_id`),
  KEY `fk_payment_customer1_idx` (`customer_id`),
  KEY `ix_payment_comany_id` (`company_id`),
  CONSTRAINT `fk_payment_customer1` FOREIGN KEY (`customer_id`) REFERENCES `customer` (`customer_id`) ON DELETE NO ACTION ON UPDATE NO ACTION
) ENGINE=InnoDB AUTO_INCREMENT=405 DEFAULT CHARSET=utf8;
/*!40101 SET character_set_client = @saved_cs_client */;

--
-- Dumping data for table `payment`
--

LOCK TABLES `payment` WRITE;
/*!40000 ALTER TABLE `payment` DISABLE KEYS */;
INSERT INTO `payment` VALUES (24,11154,'2015-07-08','17:05:00',1436375108,'Pago de factura: ',1,'',0,'draft',1),(27,10874.9,'2015-07-16','19:38:00',1437075517,'Pago de factura: ',2,'',0,'draft',1),(33,2090.88,'2015-07-16','20:52:00',1437079920,'Pago de factura: 20 DIAS',3,'',0,'draft',1),(34,7318.08,'2015-07-16','20:53:00',1437080030,'Pago de factura: 20 DIAS',3,'',0,'draft',1),(35,2090.88,'2015-07-16','21:02:00',1437080574,'Pago de factura: 20 días',3,'',0,'draft',1),(36,3136.32,'2015-07-16','21:07:00',1437080856,'Pago de factura: ',3,'',0,'draft',1),(37,2090.88,'2015-07-16','22:12:00',1437084773,'Pago de factura: ',3,'',0,'draft',1),(38,1125.3,'2015-07-16','23:14:00',1437088464,'Pago de factura: ',5,'',0,'draft',1),(39,11253,'2015-07-17','12:55:00',1437137726,'Pago de factura: ',5,'',0,'draft',1),(40,23286.2,'2015-07-17','13:08:00',1437138539,'Pago de factura: ',4,'',0,'draft',1),(41,557,'2015-07-17','13:11:00',1437138681,'Pago de factura: ',6,'',0,'draft',1),(42,4530.98,'2015-07-17','13:14:00',1437138852,'Pago de factura: ',6,'',0,'draft',1),(43,396.8,'2015-07-17','13:44:00',1437140651,'Pago de factura: ',2,'',0,'draft',1),(44,2090.88,'2015-07-17','16:04:00',1437149070,'Pago de factura: ',3,'',0,'draft',1),(45,23286.2,'2015-07-17','19:23:00',1437161023,'Pago de factura: ',4,'',0,'draft',1),(46,95984,'2015-07-17','20:33:00',1437165193,'Pago de factura: ',4,'',0,'draft',1),(47,299932,'2015-07-20','14:41:00',1437403291,'Pago de factura: 20 DIAS CORRIDOS',7,'',0,'draft',1),(48,3500.53,'2015-07-20','21:35:00',1437428135,'Pago de factura: ',11,'',0,'draft',1),(49,557,'2015-07-21','21:57:00',1437515830,'Pago de factura: ',6,'',0,'draft',1),(50,2444.2,'2015-07-22','13:42:00',1437572547,'Pago de factura: ',12,'',0,'draft',1),(52,75504,'2015-07-22','15:02:00',1437577358,'Pago de factura: 30 días',10,'',0,'draft',1),(53,75504,'2015-07-22','15:13:00',1437577985,'Pago de factura: ',10,'',0,'draft',1),(54,9780.28,'2015-07-22','15:24:00',1437578683,'Pago de factura: 15 DÍAS ',13,'',0,'draft',1),(58,10269.3,'2015-07-22','16:30:00',1437582625,'Pago de factura: 15 DÍAS ',14,'',0,'draft',1),(59,729.99,'2015-07-22','19:42:00',1437594176,'Pago de factura: CONTADO',9,'',0,'draft',1),(60,50625.4,'2015-07-22','20:03:00',1437595412,'Pago de factura: 30 DÍAS ',16,'',0,'draft',1),(61,3016.38,'2015-07-22','20:06:00',1437595588,'Pago de factura: 30 DÍAS ',16,'',0,'draft',1),(62,82038,'2015-07-22','20:38:00',1437597531,'Pago de factura: ',16,'',0,'draft',1),(63,2262.7,'2015-07-22','21:21:00',1437600086,'Pago de factura: CONTADO',9,'',0,'draft',1),(64,5706.36,'2015-07-22','22:35:00',1437604535,'Pago de factura: ',17,'',0,'draft',1),(65,43837.2,'2015-07-23','12:55:00',1437656136,'Pago de factura: ',18,'',0,'draft',1),(66,968,'2015-07-23','13:05:00',1437656703,'Pago de factura: ',9,'',0,'draft',1),(67,11657.1,'2015-07-23','14:04:00',1437660272,'Pago de factura: CONTADO',19,'',0,'draft',1),(68,895.4,'2015-07-23','19:27:00',1437679649,'Pago de factura: CONTADO',21,'',0,'draft',1),(69,4820,'2015-07-24','15:24:00',1437751489,'Pago de factura: ',20,'',0,'draft',1),(70,4974.33,'2015-07-24','18:37:00',1437763066,'Pago de factura: 30 DÍAS FECHA FACTURA SIN EXCEPCIÓN ',22,'',0,'draft',1),(72,4547.98,'2015-07-24','19:24:00',1437765846,'Pago de factura: 143',23,'',0,'draft',1),(73,8171.99,'2015-07-24','19:43:00',1437766995,'Pago de factura: CONTADO ',23,'',0,'draft',1),(75,726,'2015-07-27','15:39:00',1438011558,'Pago de factura: ',24,'',0,'draft',1),(76,4997.3,'2015-07-27','16:02:00',1438012949,'Pago de factura: ',25,'',0,'draft',1),(77,35700,'2015-07-28','12:10:00',1438085406,'Pago de factura: ',1,'',0,'draft',1),(78,9049.99,'2015-07-28','13:56:00',1438091801,'Pago de factura: ',26,'',0,'draft',1),(79,4702.06,'2015-07-28','20:36:00',1438115781,'Pago de factura: ',27,'',0,'draft',1),(80,3087.92,'2015-07-29','19:17:00',1438197421,'Pago de factura: CONTADO ',28,'',0,'draft',1),(81,2500,'2015-07-30','14:03:00',1438264993,'Pago de factura: CONTADO',29,'',0,'draft',1),(82,186347,'2015-08-03','14:00:00',1438610455,'Pago de factura: ',17,'',0,'draft',1),(83,5438.95,'2015-08-03','14:02:00',1438610578,'Pago de factura: CUENTA CORRIENTE',17,'',0,'draft',1),(85,91693.8,'2015-08-03','14:39:00',1438612758,'Pago de factura: CUENTA CORRIENTE',17,'',0,'draft',1),(86,1442.56,'2015-08-03','15:40:00',1438616407,'Pago de factura: CUENTA CORRIENTE',17,'',0,'draft',1),(87,31193.8,'2015-08-03','15:58:00',1438617519,'Pago de factura: CONTADO',30,'',0,'draft',1),(89,2831.4,'2015-08-03','18:25:00',1438626338,'Pago de factura: ',31,'',0,'draft',1),(90,2649.9,'2015-08-03','18:43:00',1438627434,'Pago de factura: ',32,'',0,'draft',1),(91,5154.6,'2015-08-03','20:14:00',1438632882,'Pago de factura: ',33,'',0,'draft',1),(93,138976,'2015-08-03','20:46:00',1438634811,'Pago de factura: ',35,'',0,'draft',1),(94,18770.2,'2015-08-03','21:19:00',1438636771,'Pago de factura: ',22,'',0,'draft',1),(95,6897,'2015-08-03','22:14:00',1438640063,'Pago de factura: ',34,'',0,'draft',1),(98,2831.4,'2015-08-03','22:47:00',1438642031,'Pago de factura: ',31,'',0,'draft',1),(99,6897,'2015-08-04','12:48:00',1438692518,'Pago de factura: ',34,'',0,'draft',1),(100,2831.4,'2015-08-04','13:36:00',1438695392,'ANULACIÓN DE FACTURA A-155',31,'',0,'draft',1),(101,10043,'2015-08-04','15:46:00',1438703164,'Pago de factura: ',36,'',0,'draft',1),(102,92189.9,'2015-08-04','15:50:00',1438703428,'Pago de factura: ',37,'',0,'draft',1),(103,34860.1,'2015-08-04','19:28:00',1438716508,'Pago de factura: 30 días fecha de factura ',4,'',0,'draft',1),(105,18948.6,'2015-08-04','19:36:00',1438716986,'Pago de factura: ',16,'',0,'draft',1),(106,29585.2,'2015-08-04','20:10:00',1438719008,'Pago de factura: ',38,'',0,'draft',1),(107,5406.28,'2015-08-04','20:24:00',1438719850,'Pago de factura: ',39,'',0,'draft',1),(108,22674.1,'2015-08-04','20:54:00',1438721690,'Pago de factura: ',16,'',0,'draft',1),(109,20555.1,'2015-08-04','20:57:00',1438721844,'Pago de factura: ',16,'',0,'draft',1),(110,6801.41,'2015-08-04','21:11:00',1438722668,'Pago de factura: ',40,'',0,'draft',1),(111,12690.5,'2015-08-04','21:18:00',1438723093,'Pago de factura: ',41,'',0,'draft',1),(112,20303.8,'2015-08-04','21:24:00',1438723492,'Pago de factura: 20 DIAS',42,'',0,'draft',1),(113,12690.5,'2015-08-04','21:31:00',1438723918,'Pago de factura:CONTADO',43,'',0,'draft',1),(114,4646.88,'2015-08-05','15:34:00',1438788880,'Pago de factura: ',16,'',0,'draft',1),(115,15391.2,'2015-08-05','16:02:00',1438790554,'Pago de factura: ',44,'',0,'draft',1),(116,180273,'2015-08-05','19:36:00',1438803408,'Pago de factura: ',45,'',0,'draft',1),(117,3730.38,'2015-08-05','20:11:00',1438805503,'Pago de factura: 20 DIAS',46,'',0,'draft',1),(118,35156.6,'2015-08-05','21:42:00',1438810937,'Pago de factura: ',47,'',0,'draft',1),(119,3726.8,'2015-08-06','13:29:00',1438867764,'Pago de factura: ',17,'',0,'draft',1),(121,708,'2015-08-06','18:07:00',1438884457,'Pago de factura: ',48,'',0,'draft',1),(122,7335.21,'2015-08-06','19:48:00',1438890521,'Pago de factura: ',49,'',0,'draft',1),(124,5183.54,'2015-08-06','19:53:00',1438890811,'Pago de factura: 20 DIAS',13,'',0,'draft',1),(125,4956.84,'2015-08-06','20:01:00',1438891316,'Pago de factura: ',50,'',0,'draft',1),(126,12836.6,'2015-08-06','20:09:00',1438891780,'Pago de factura: 20 DIAS CORRIDOS',14,'',0,'draft',1),(127,708,'2015-08-07','15:48:00',1438973328,'Pago de factura: ',48,'',0,'draft',1),(130,2583.35,'2015-08-10','10:52:00',1439214761,'Pago de factura: 20 DIAS ',51,'',0,'draft',1),(131,2583.35,'2015-08-10','10:58:00',1439215128,'Pago de factura: ',51,'',0,'draft',1),(132,3417.28,'2015-08-10','11:20:00',1439216437,'Pago de factura: 20 DIAS',46,'',0,'draft',1),(133,3258.53,'2015-08-10','15:55:00',1439232919,'Pago de factura: ',52,'',0,'draft',1),(134,4088.21,'2015-08-11','08:41:00',1439293268,'Pago de factura: 20 DIAS',46,'',0,'draft',1),(135,36617.5,'2015-08-11','08:43:00',1439293398,'Pago de factura: 20 DIAS',46,'',0,'draft',1),(136,16352.9,'2015-08-11','08:49:00',1439293780,'Pago de factura: 20 DIAS',46,'',0,'draft',1),(137,4103.42,'2015-08-11','08:52:00',1439293972,'Pago de factura: 20 DIAS',46,'',0,'draft',1),(138,1865.19,'2015-08-11','08:55:00',1439294150,'Pago de factura: 20 DIAS',46,'',0,'draft',1),(139,1865.19,'2015-08-11','08:58:00',1439294280,'Pago de factura: 20 DIAS',46,'',0,'draft',1),(140,7073.13,'2015-08-11','08:59:00',1439294386,'Pago de factura: 20 DIAS',46,'',0,'draft',1),(141,1768.28,'2015-08-11','09:01:00',1439294504,'Pago de factura: 20 DIAS',46,'',0,'draft',1),(142,49970.3,'2015-08-11','09:06:00',1439294792,'Pago de factura: 20 DIAS',46,'',0,'draft',1),(143,9714.56,'2015-08-11','09:11:00',1439295089,'Pago de factura: 20 DIAS',46,'',0,'draft',1),(144,24620.6,'2015-08-11','09:34:00',1439296465,'Pago de factura: 20 DIAS',46,'',0,'draft',1),(145,2051.71,'2015-08-11','09:36:00',1439296598,'Pago de factura: 20 DIAS',46,'',0,'draft',1),(146,13056.3,'2015-08-11','09:43:00',1439296984,'Pago de factura: 20 DIAS',46,'',0,'draft',1),(147,1865.19,'2015-08-11','09:45:00',1439297102,'Pago de factura: 20 DIAS',46,'',0,'draft',1),(148,5304.85,'2015-08-11','09:46:00',1439297208,'Pago de factura: 20 DIAS',46,'',0,'draft',1),(149,5304.85,'2015-08-11','09:48:00',1439297302,'Pago de factura: 20 DIAS',46,'',0,'draft',1),(150,4088.21,'2015-08-11','09:50:00',1439297417,'Pago de factura: 20 DIAS',46,'',0,'draft',1),(151,1865.19,'2015-08-11','09:51:00',1439297498,'Pago de factura: 20 DIAS',46,'',0,'draft',1),(152,10338.3,'2015-08-11','09:53:00',1439297618,'Pago de factura: 20 DIAS',46,'',0,'draft',1),(153,20740.8,'2015-08-11','10:08:00',1439298501,'Pago de factura: 20 DIAS',46,'',0,'draft',1),(154,1865.19,'2015-08-11','10:10:00',1439298639,'Pago de factura: 20 DIAS',46,'',0,'draft',1),(155,10338.3,'2015-08-11','10:15:00',1439298940,'Pago de factura: 20 DIAS',46,'',0,'draft',1),(156,960,'2015-08-11','11:14:00',1439302478,'Pago de factura: ',4,'',0,'draft',1),(157,11277.2,'2015-08-11','12:50:00',1439308217,'Pago de factura: ',56,'',0,'draft',1),(158,3188.35,'2015-08-12','10:09:00',1439384964,'Pago de factura: ',17,'',0,'draft',1),(159,23332.7,'2015-08-12','10:18:00',1439385509,'Pago de factura: ',38,'',0,'draft',1),(160,7664.14,'2015-08-12','10:54:00',1439387642,'Pago de factura: ',60,'',0,'draft',1),(161,3025,'2015-08-12','11:25:00',1439389517,'Pago de factura: ',61,'',0,'draft',1),(162,23933.8,'2015-08-12','17:53:00',1439412795,'Pago de factura: ',62,'',0,'draft',1),(163,1656.05,'2015-08-13','15:55:00',1439492115,'Pago de factura: ',49,'',0,'draft',1),(164,2202.2,'2015-08-13','16:37:00',1439494646,'Pago de factura: ',63,'',0,'draft',1),(165,2153.8,'2015-08-13','17:14:00',1439496864,'Pago de factura: ',64,'',0,'draft',1),(167,12350,'2015-08-14','19:10:00',1439590251,'Pago de factura: ',66,'',0,'draft',1),(168,3660,'2015-08-18','16:08:00',1439924880,'Pago de factura: ',66,'',0,'draft',1),(169,27263.2,'2015-08-18','16:11:00',1439925099,'Pago de factura: ',13,'',0,'draft',1),(170,7502,'2015-08-19','09:52:00',1439988769,'Pago de factura: ',45,'',0,'draft',1),(171,6898.82,'2015-08-19','10:03:00',1439989422,'Pago de factura: ',67,'',0,'draft',1),(172,7502,'2015-08-19','12:08:00',1439996936,'Pago de factura: ',45,'',0,'draft',1),(173,15004,'2015-08-19','12:13:00',1439997230,'Pago de factura: ',45,'',0,'draft',1),(174,23693,'2015-08-19','16:06:00',1440011179,'Pago de factura: 221',65,'',0,'draft',1),(175,1004.3,'2015-08-19','17:25:00',1440015917,'Pago de factura: ',68,'',0,'draft',1),(176,1372.14,'2015-08-20','09:44:00',1440074677,'Pago de factura: ',69,'',0,'draft',1),(177,19473.7,'2015-08-20','09:58:00',1440075508,'Pago de factura: ',49,'',0,'draft',1),(178,7789.5,'2015-08-20','10:07:00',1440076057,'Pago de factura: ',14,'',0,'draft',1),(179,24353.7,'2015-08-20','10:24:00',1440077091,'Pago de factura: ',17,'',0,'draft',1),(180,71583.6,'2015-08-20','10:30:00',1440077423,'Pago de factura: ',17,'',0,'draft',1),(181,7789.5,'2015-08-20','10:45:00',1440078352,'Pago de factura: ',63,'',0,'draft',1),(182,389.47,'2015-08-20','11:15:00',1440080103,'Pago de factura: ',14,'',0,'draft',1),(183,14106.2,'2015-08-20','11:53:00',1440082394,'Pago de factura: 30 DIAS',70,'',0,'draft',1),(184,39930,'2015-08-20','12:08:00',1440083317,'Pago de factura: CONTADO ',71,'',0,'draft',1),(185,12495,'2015-08-20','13:01:00',1440086494,'Pago de factura: ',72,'',0,'draft',1),(186,3160,'2015-08-20','16:25:00',1440098725,'Pago de factura: ',73,'',0,'draft',1),(187,15192.8,'2015-08-21','16:47:00',1440186464,'Pago de factura: ',74,'',0,'draft',1),(188,4972.23,'2015-08-24','11:36:00',1440426967,'Pago de factura: CONTADO',72,'',0,'draft',1),(190,5768.01,'2015-08-25','11:22:00',1440512555,'Pago de factura: 24',75,'',0,'draft',1),(191,7053.09,'2015-08-25','16:33:00',1440531222,'Pago de factura: ',76,'',0,'draft',1),(192,3857.99,'2015-08-26','11:51:00',1440600690,'Pago de factura: ',77,'',0,'draft',1),(193,2299.99,'2015-08-27','17:47:00',1440708447,'Pago de factura: CONTADO',64,'',0,'draft',1),(194,3363.8,'2015-08-28','09:44:00',1440765858,'Pago de factura: ',89,'',0,'draft',1),(196,1972,'2015-08-28','10:03:00',1440767016,'Pago de factura: ',90,'',0,'draft',1),(197,4852.1,'2015-09-01','09:53:00',1441112029,'Pago de factura: ',37,'',0,'draft',1),(198,11405.5,'2015-09-01','10:00:00',1441112405,'Pago de factura: ',17,'',0,'draft',1),(199,3463.12,'2015-09-01','10:16:00',1441113367,'Pago de factura: ',49,'',0,'draft',1),(201,25043.2,'2015-09-01','11:21:00',1441117291,'Pago de factura: ',22,'',0,'draft',1),(203,25783.9,'2015-09-01','12:11:00',1441120288,'Pago de factura: ',92,'',0,'draft',1),(206,2178,'2015-09-01','15:24:00',1441131899,'Pago de factura: ',17,'',0,'draft',1),(209,11640.2,'2015-09-01','16:18:00',1441135126,'Pago de factura: ',93,'',0,'draft',1),(210,4247.1,'2015-09-01','17:46:00',1441140390,'Pago de factura: ',94,'',0,'draft',1),(211,1620,'2015-09-01','18:03:00',1441141384,'Pago de factura: ',91,'',0,'draft',1),(212,2190.1,'2015-09-01','19:06:00',1441145163,'Pago de factura: ',95,'',0,'draft',1),(213,4469.95,'2015-09-01','19:09:00',1441145397,'Pago de factura: ',96,'',0,'draft',1),(214,7053.09,'2015-09-02','08:40:00',1441194039,'Pago de factura: ',92,'',0,'draft',1),(215,10799.9,'2015-09-02','09:45:00',1441197945,'Pago de factura: ',72,'',0,'draft',1),(216,2420,'2015-09-02','09:53:00',1441198434,'Pago de factura: ',97,'',0,'draft',1),(217,31978.5,'2015-09-02','10:39:00',1441201143,'Pago de factura: ',98,'',0,'draft',1),(218,3360,'2015-09-02','11:54:00',1441205645,'Pago de factura: ',73,'',0,'draft',1),(219,5535.75,'2015-09-02','12:00:00',1441206009,'Pago de factura: ',99,'',0,'draft',1),(220,5604.72,'2015-09-02','12:07:00',1441206450,'Pago de factura: ',70,'',0,'draft',1),(221,4944,'2015-09-02','12:25:00',1441207522,'Pago de factura: ',50,'',0,'draft',1),(222,4247.1,'2015-09-02','12:54:00',1441209260,'Pago de factura: ',100,'',0,'draft',1),(223,9780.28,'2015-09-02','16:46:00',1441223216,'Pago de factura: ',16,'',0,'draft',1),(224,73471.2,'2015-09-02','16:53:00',1441223605,'Pago de factura: ',17,'',0,'draft',1),(225,2000,'2015-09-03','10:17:00',1441286251,'Pago de factura: ',101,'',0,'draft',1),(226,58467.2,'2015-09-03','11:54:00',1441292091,'Pago de factura: ',102,'',0,'draft',1),(227,3267,'2015-09-03','12:57:00',1441295825,'Pago de factura: ',103,'',0,'draft',1),(228,2812.52,'2015-09-03','18:24:00',1441315492,'Pago de factura: ',13,'',0,'draft',1),(229,16457.2,'2015-09-03','18:28:00',1441315735,'Pago de factura: ',76,'',0,'draft',1),(230,11196,'2015-09-03','18:47:00',1441316874,'Pago de factura: ',22,'',0,'draft',1),(231,5625.05,'2015-09-03','19:05:00',1441317927,'Pago de factura: ',14,'',0,'draft',1),(232,17015,'2015-09-03','19:20:00',1441318804,'Pago de factura: ',104,'',0,'draft',1),(233,7053.09,'2015-09-04','11:21:00',1441376497,'Pago de factura: ',104,'',0,'draft',1),(234,12236.7,'2015-09-04','12:41:00',1441381301,'Pago de factura: ',105,'',0,'draft',1),(235,2843.5,'2015-09-04','17:07:00',1441397256,'Pago de factura: ',106,'',0,'draft',1),(242,4026.34,'2015-09-07','17:49:00',1441658985,'Pago de factura: 269',46,'',0,'draft',1),(243,8581.32,'2015-09-07','17:57:00',1441659427,'Pago de factura: ',4,'',0,'draft',1),(244,1609.3,'2015-09-07','18:03:00',1441659815,'Pago de factura: ',107,'',0,'draft',1),(252,989.78,'2015-09-08','09:35:00',1441715720,'Pago de factura: ',108,'',0,'draft',1),(260,10908,'2015-09-08','10:57:00',1441720637,'Pago de factura: ',75,'',0,'draft',1),(264,6001.6,'2015-09-08','11:16:00',1441721797,'Pago de factura: ',6,'',0,'draft',1),(265,14967.7,'2015-09-08','11:22:00',1441722135,'Pago de factura: 273',57,'',0,'draft',1),(266,49890.7,'2015-09-08','12:35:00',1441726512,'Pago de factura: ',109,'',0,'draft',1),(267,18168.9,'2015-09-08','15:44:00',1441737863,'Pago de factura: ',46,'',0,'draft',1),(268,4088.21,'2015-09-08','15:45:00',1441737950,'Pago de factura: 20 DIAS',46,'',0,'draft',1),(269,8132.22,'2015-09-08','15:46:00',1441738012,'Pago de factura: 20 DIAS',46,'',0,'draft',1),(270,23875.9,'2015-09-08','15:48:00',1441738110,'Pago de factura: 20 DIAS',46,'',0,'draft',1),(271,8132.22,'2015-09-08','15:49:00',1441738169,'Pago de factura: 20 DIAS',46,'',0,'draft',1),(272,10338.3,'2015-09-08','15:51:00',1441738302,'Pago de factura: 20 DIAS ',46,'',0,'draft',1),(273,8875.69,'2015-09-08','15:53:00',1441738422,'Pago de factura: 20 DIAS',46,'',0,'draft',1),(274,8938.32,'2015-09-08','15:55:00',1441738519,'Pago de factura: 20 DIAS',46,'',0,'draft',1),(275,13615.8,'2015-09-08','15:56:00',1441738583,'Pago de factura: 20 DIAS',46,'',0,'draft',1),(276,35866.4,'2015-09-08','16:00:00',1441738838,'Pago de factura: 20 DIAS',46,'',0,'draft',1),(277,13056.3,'2015-09-08','16:01:00',1441738913,'Pago de factura: 20 DIAS',46,'',0,'draft',1),(278,4088.21,'2015-09-08','16:03:00',1441738986,'Pago de factura: 20 DIAS',46,'',0,'draft',1),(279,20193.6,'2015-09-08','16:10:00',1441739422,'Pago de factura: 20 DIAS',46,'',0,'draft',1),(280,16913.5,'2015-09-08','16:12:00',1441739541,'Pago de factura: 20 DIAS',46,'',0,'draft',1),(281,2590,'2015-09-08','17:12:00',1441743127,'Pago de factura: ',9,'',0,'draft',1),(282,423.5,'2015-09-08','17:18:00',1441743526,'Pago de factura: ',9,'',0,'draft',1),(283,5372.4,'2015-09-09','09:39:00',1441802360,'Pago de factura: ',36,'',0,'draft',1),(284,9920,'2015-09-09','09:57:00',1441803467,'Pago de factura: ',110,'',0,'draft',1),(285,5585.36,'2015-09-09','16:17:00',1441826239,'Pago de factura: ',17,'',0,'draft',1),(286,9438,'2015-09-09','19:36:00',1441838205,'Pago de factura: ',111,'',0,'draft',1),(287,9438,'2015-09-09','19:56:00',1441839388,'Pago de factura: ',112,'',0,'draft',1),(288,4702.06,'2015-09-10','15:54:00',1441911268,'Pago de factura: ',113,'',0,'draft',1),(289,11755.2,'2015-09-10','16:04:00',1441911858,'Pago de factura: ',114,'',0,'draft',1),(290,4986.41,'2015-09-10','16:26:00',1441913187,'Pago de factura: ',115,'',0,'draft',1),(291,33984.1,'2015-09-10','16:49:00',1441914552,'Pago de factura: ',4,'',0,'draft',1),(292,7441.5,'2015-09-10','17:39:00',1441917564,'Pago de factura: ',4,'',0,'draft',1),(293,33984.1,'2015-09-10','17:43:00',1441917831,'Pago de factura: ',4,'',0,'draft',1),(294,4450.38,'2015-09-11','09:34:00',1441974881,'Pago de factura: ',116,'',0,'draft',1),(295,1347,'2015-09-11','09:41:00',1441975293,'Pago de factura: ',117,'',0,'draft',1),(296,2823,'2015-09-11','09:53:00',1441975997,'Pago de factura: ',118,'',0,'draft',1),(297,3327.5,'2015-09-11','10:04:00',1441976654,'Pago de factura: ',17,'',0,'draft',1),(298,5956.83,'2015-09-11','11:09:00',1441980590,'Pago de factura: ',119,'',0,'draft',1),(299,5280.44,'2015-09-11','12:19:00',1441984780,'Pago de factura: ',42,'',0,'draft',1),(300,4702.06,'2015-09-11','12:51:00',1441986691,'Pago de factura: ',120,'',0,'draft',1),(301,3320,'2015-09-11','16:43:00',1442000615,'Pago de factura: CONTADO ',121,'',0,'draft',1),(302,35816,'2015-09-11','16:46:00',1442000818,'Pago de factura: ',109,'',0,'draft',1),(303,960,'2015-09-03','16:59:00',1442001583,'Nota de credito: ',4,'',0,'draft',1),(304,33984.1,'2015-09-10','16:59:00',1442001583,'Nota de credito: ',4,'',0,'draft',1),(305,49890.7,'2015-09-11','16:59:00',1442001583,'Nota de credito: ',109,'',0,'draft',1),(306,4247.1,'2015-09-03','16:59:00',1442001583,'Nota de credito: ',94,'',0,'draft',1),(307,3390,'2015-09-14','09:50:00',1442235011,'Pago de factura: CONTADO',110,'',0,'draft',1),(308,3390,'2015-09-14','12:51:00',1442245917,'Pago de factura: ',122,'',0,'draft',1),(309,28125.2,'2015-09-14','16:10:00',1442257803,'Pago de factura: ',16,'',0,'draft',1),(310,6272.64,'2015-09-14','16:49:00',1442260147,'Pago de factura: ',124,'',0,'draft',1),(311,3390,'2015-09-14','17:22:00',1442262142,'Pago de factura: ',110,'',0,'draft',1),(312,11950,'2015-09-14','18:20:00',1442265623,'Pago de factura: ',125,'',0,'draft',1),(313,3218.6,'2015-09-14','18:23:00',1442265820,'Pago de factura: ',125,'',0,'draft',1),(314,6047.58,'2015-09-14','18:32:00',1442266340,'Pago de factura: ',123,'',0,'draft',1),(315,8831.79,'2015-09-14','19:39:00',1442270362,'Pago de factura: ',126,'',0,'draft',1),(316,11950,'2015-09-14','19:54:00',1442271241,'Pago de factura: ',127,'',0,'draft',1),(317,4088.21,'2015-09-15','10:10:00',1442322618,'Pago de factura: 20 DIAS',46,'',0,'draft',1),(318,9099.32,'2015-09-15','10:13:00',1442322790,'Pago de factura: 20 DIAS  ',46,'',0,'draft',1),(319,28292.5,'2015-09-15','10:14:00',1442322873,'Pago de factura: 20 DIAS',46,'',0,'draft',1),(320,1768.28,'2015-09-15','10:16:00',1442322962,'Pago de factura: 20 DIAS',46,'',0,'draft',1),(321,5304.85,'2015-09-15','10:17:00',1442323037,'Pago de factura: 20 DIAS',46,'',0,'draft',1),(322,5595.57,'2015-09-15','10:18:00',1442323133,'Pago de factura: 20 DIAS',46,'',0,'draft',1),(323,3536.56,'2015-09-15','10:20:00',1442323253,'Pago de factura: 20 DIAS',46,'',0,'draft',1),(324,13827.2,'2015-09-15','10:23:00',1442323437,'Pago de factura: 20 DIAS ',46,'',0,'draft',1),(325,1865.19,'2015-09-15','10:25:00',1442323548,'Pago de factura: 20 DIAS',46,'',0,'draft',1),(326,2236,'2015-09-15','11:17:00',1442326652,'Pago de factura: 20 DIAS',122,'',0,'draft',1),(327,11950,'2015-09-15','16:51:00',1442346710,'Pago de factura: ',125,'',0,'draft',1),(328,11132,'2015-09-15','18:08:00',1442351319,'Pago de factura: ',17,'',0,'draft',1),(329,27882,'2015-09-15','19:57:00',1442357872,'Pago de factura: ',36,'',0,'draft',1),(333,13890,'2015-09-16','09:44:00',1442407468,'Pago de factura: CONTADO',128,'',0,'draft',1),(334,42514.6,'2015-09-16','10:25:00',1442409943,'Pago de factura: ',16,'',0,'draft',1),(335,28501.9,'2015-09-16','12:17:00',1442416677,'Pago de factura: ',129,'',0,'draft',1),(336,7647.2,'2015-09-16','12:37:00',1442417830,'Pago de factura: ',36,'',0,'draft',1),(337,18285,'2015-09-17','11:08:00',1442498938,'Pago de factura: ',130,'',0,'draft',1),(338,31036.5,'2015-09-17','12:03:00',1442502213,'Pago de factura: ',131,'',0,'draft',1),(339,6604.11,'2015-09-17','12:27:00',1442503657,'Pago de factura: ',38,'',0,'draft',1),(340,8437.57,'2015-09-17','12:32:00',1442503963,'Pago de factura: ',13,'',0,'draft',1),(341,2812.52,'2015-09-17','12:37:00',1442504263,'Pago de factura: ',63,'',0,'draft',1),(342,19359.2,'2015-09-17','16:11:00',1442517089,'Pago de factura: ',132,'',0,'draft',1),(343,19359.2,'2015-09-17','16:23:00',1442517788,'Pago de factura: ',132,'',0,'draft',1),(344,19359.2,'2015-09-17','16:58:00',1442519895,'Pago de factura: ',133,'',0,'draft',1),(345,14062.6,'2015-09-17','17:16:00',1442520974,'Pago de factura: ',16,'',0,'draft',1),(346,37954.1,'2015-09-17','17:45:00',1442522715,'Pago de factura: ',134,'',0,'draft',1),(347,1517.34,'2015-09-17','17:50:00',1442523000,'Pago de factura: ',134,'',0,'draft',1),(348,2286.9,'2015-09-17','18:13:00',1442524425,'Pago de factura: ',69,'',0,'draft',1),(349,6881.27,'2015-09-17','19:04:00',1442527460,'Pago de factura: ',135,'',0,'draft',1),(350,4702.06,'2015-09-21','12:11:00',1442848296,'Pago de factura: ',120,'',0,'draft',1),(351,10269.3,'2015-09-21','16:20:00',1442863211,'Pago de factura: CONTADO',14,'',0,'draft',1),(352,762.3,'2015-09-21','19:04:00',1442873044,'Pago de factura: ',17,'',0,'draft',1),(353,10599.6,'2015-09-21','19:08:00',1442873311,'Pago de factura: ',17,'',0,'draft',1),(354,9733.26,'2015-09-22','12:36:00',1442936188,'Pago de factura: ',22,'',0,'draft',1),(355,1128.54,'2015-09-22','18:09:00',1442956153,'Pago de factura: CONTADO',136,'',0,'draft',1),(356,18889.3,'2015-09-22','18:16:00',1442956575,'Pago de factura: ',137,'',0,'draft',1),(357,12907.7,'2015-09-23','09:04:00',1443009863,'Pago de factura: CONTADO',138,'',0,'draft',1),(358,9135.5,'2015-09-23','12:55:00',1443023722,'Pago de factura: ',19,'',0,'draft',1),(359,19957.5,'2015-09-23','15:17:00',1443032229,'Pago de factura: 20 DIAS',46,'',0,'draft',1),(360,5595.57,'2015-09-23','15:20:00',1443032422,'Pago de factura: 20 DIAS',46,'',0,'draft',1),(361,3730.38,'2015-09-23','15:22:00',1443032533,'Pago de factura: 20 DIAS',46,'',0,'draft',1),(362,4577.19,'2015-09-23','15:23:00',1443032629,'Pago de factura: 20 DIAS',46,'',0,'draft',1),(363,31557.7,'2015-09-23','15:26:00',1443032798,'Pago de factura: 20 DIAS',46,'',0,'draft',1),(364,19873.7,'2015-09-23','15:31:00',1443033108,'Pago de factura: 20 DIAS',46,'',0,'draft',1),(365,33958.2,'2015-09-23','16:01:00',1443034907,'Pago de factura: 20 DIAS',46,'',0,'draft',1),(366,37723.4,'2015-09-23','16:19:00',1443035978,'Pago de factura: 20 DIAS',46,'',0,'draft',1),(367,568.7,'2015-09-23','18:55:00',1443045334,'Pago de factura: ',139,'',0,'draft',1),(368,4085.17,'2015-09-23','18:58:00',1443045522,'Pago de factura: ',139,'',0,'draft',1),(369,456,'2015-12-30','13:22:00',1451481777,'Ecopago',4,NULL,456,'draft',1),(370,456,'2015-12-30','13:23:00',1451481780,'Ecopago',4,NULL,456,'draft',1),(371,700,'2015-12-30','13:24:00',1451481872,'Ecopago',4,NULL,700,'closed',1),(372,1500,'2015-12-30','13:26:00',1451481982,'Ecopago',4,NULL,1500,'closed',1),(373,890,'2015-12-30','13:47:00',1451483266,'Ecopago',5,NULL,890,'closed',1),(374,560,'2015-12-30','13:58:00',1451483930,'Ecopago',4,NULL,560,'closed',1),(375,580,'2016-01-04','14:25:00',1451917551,'Ecopago',4,NULL,580,'closed',1),(376,7000,'2016-01-04','14:27:00',1451917667,'Ecopago',4,NULL,7000,'closed',1),(380,8700,'2016-01-06','15:10:00',1452093050,'Ecopago',1,NULL,8700,'closed',1),(381,100,'2016-01-06','15:11:00',1452093094,'Ecopago',1,NULL,100,'closed',1),(383,250,'2016-01-06','15:14:00',1452093289,'Ecopago',1,NULL,250,'closed',1),(384,500,'2016-01-06','15:15:00',1452093335,'Ecopago',1,NULL,500,'closed',1),(385,500,'2016-01-06','15:15:00',1452093356,'Ecopago',1,NULL,500,'draft',1),(386,500,'2016-01-06','15:17:00',1452093420,'Ecopago',1,NULL,500,'closed',1),(387,600,'2016-01-06','15:17:00',1452093438,'Ecopago',1,NULL,600,'closed',1),(388,9000,'2016-01-06','15:39:00',1452094765,'Ecopago',1,NULL,9000,'draft',1),(389,9000,'2016-01-06','15:39:00',1452094777,'Ecopago',1,NULL,9000,'closed',1),(390,10000,'2016-01-06','15:40:00',1452094818,'Ecopago',1,NULL,10000,'closed',1),(391,580,'2016-01-07','11:27:00',1452166071,'Ecopago',1,NULL,580,'closed',1),(392,500,'2016-01-07','12:23:00',1452169402,'Ecopago',1,NULL,500,'closed',1),(393,500,'2016-01-07','15:15:00',1452179700,'Ecopago',1,NULL,500,'draft',1),(394,999,'2016-01-11','11:39:00',1452512356,'Ecopago',1,NULL,999,'draft',1),(395,5800,'2016-01-12','12:30:00',1452601840,'Ecopago',1,NULL,5800,'closed',1),(396,1500,'2016-01-12','14:32:00',1452609178,'Ecopago',4,NULL,1500,'closed',1),(397,7500,'2016-01-12','14:43:00',1452609812,'Ecopago',1,NULL,7500,'closed',1),(398,1570,'2016-01-13','11:25:00',1452684351,'Ecopago',1,NULL,1570,'closed',1),(399,150,'2016-01-15','14:56:00',1452869819,'Ecopago',1,NULL,150,'closed',1),(400,175,'2016-01-18','14:50:00',1453128630,'Ecopago',1,NULL,175,'closed',1),(401,875,'2016-01-18','14:50:00',1453128640,'Ecopago',1,NULL,875,'closed',1),(402,5000,'2016-01-19','13:45:00',1453211150,'Ecopago',1,NULL,5000,'closed',1),(403,4500,'2016-01-19','14:37:00',1453214228,'Ecopago',1,NULL,4500,'closed',1),(404,7500,'2016-01-22','12:43:00',1453466617,'Ecopago',1,NULL,7500,'closed',1);
/*!40000 ALTER TABLE `payment` ENABLE KEYS */;
UNLOCK TABLES;

--
-- Table structure for table `payment_item`
--

DROP TABLE IF EXISTS `payment_item`;
/*!40101 SET @saved_cs_client     = @@character_set_client */;
/*!40101 SET character_set_client = utf8 */;
CREATE TABLE `payment_item` (
  `payment_item_id` int(11) NOT NULL AUTO_INCREMENT,
  `payment_id` int(11) NOT NULL,
  `description` varchar(150) DEFAULT NULL,
  `number` varchar(45) DEFAULT NULL,
  `amount` double DEFAULT NULL,
  `payment_method_id` int(11) NOT NULL,
  `paycheck_id` int(11) DEFAULT NULL,
  `money_box_account_id` int(11) DEFAULT NULL,
  PRIMARY KEY (`payment_item_id`),
  KEY `fk_payment_item_payment1_idx` (`payment_id`),
  KEY `fk_payment_item_payment_method1_idx` (`payment_method_id`),
  KEY `fk_payment_item_paycheck1_idx` (`paycheck_id`),
  KEY `fk_payment_item_money_box_account1_idx` (`money_box_account_id`),
  CONSTRAINT `fk_payment_item_money_box_account1` FOREIGN KEY (`money_box_account_id`) REFERENCES `money_box_account` (`money_box_account_id`) ON DELETE NO ACTION ON UPDATE NO ACTION,
  CONSTRAINT `fk_payment_item_paycheck1` FOREIGN KEY (`paycheck_id`) REFERENCES `paycheck` (`paycheck_id`) ON DELETE NO ACTION ON UPDATE NO ACTION,
  CONSTRAINT `fk_payment_item_payment1` FOREIGN KEY (`payment_id`) REFERENCES `payment` (`payment_id`) ON DELETE NO ACTION ON UPDATE NO ACTION,
  CONSTRAINT `fk_payment_item_payment_method1` FOREIGN KEY (`payment_method_id`) REFERENCES `payment_method` (`payment_method_id`) ON DELETE NO ACTION ON UPDATE NO ACTION
) ENGINE=InnoDB AUTO_INCREMENT=19 DEFAULT CHARSET=utf8;
/*!40101 SET character_set_client = @saved_cs_client */;

--
-- Dumping data for table `payment_item`
--

LOCK TABLES `payment_item` WRITE;
/*!40000 ALTER TABLE `payment_item` DISABLE KEYS */;
INSERT INTO `payment_item` VALUES (1,386,'Ecopago payout',NULL,500,1,NULL,NULL),(2,387,'Ecopago payout',NULL,600,1,NULL,NULL),(3,389,'Ecopago Payout',NULL,9000,1,NULL,NULL),(4,390,'Ecopago Payout',NULL,10000,1,NULL,NULL),(5,391,'Ecopago Payout',NULL,580,1,NULL,NULL),(6,392,'Ecopago Payout',NULL,500,1,NULL,NULL),(7,393,'Ecopago Payout',NULL,500,1,NULL,NULL),(8,394,'Ecopago Payout',NULL,999,1,NULL,NULL),(9,395,'Ecopago Payout',NULL,5800,1,NULL,NULL),(10,396,'Ecopago Payout',NULL,1500,1,NULL,NULL),(11,397,'Ecopago Payout',NULL,7500,1,NULL,NULL),(12,398,'Ecopago Payout',NULL,1570,1,NULL,NULL),(13,399,'Ecopago Payout',NULL,150,1,NULL,NULL),(14,400,'Ecopago Payout',NULL,175,1,NULL,NULL),(15,401,'Ecopago Payout',NULL,875,1,NULL,NULL),(16,402,'Ecopago Payout',NULL,5000,1,NULL,NULL),(17,403,'Ecopago Payout',NULL,4500,1,NULL,NULL),(18,404,'Ecopago Payout',NULL,7500,1,NULL,NULL);
/*!40000 ALTER TABLE `payment_item` ENABLE KEYS */;
UNLOCK TABLES;

--
-- Table structure for table `payment_method`
--

DROP TABLE IF EXISTS `payment_method`;
/*!40101 SET @saved_cs_client     = @@character_set_client */;
/*!40101 SET character_set_client = utf8 */;
CREATE TABLE `payment_method` (
  `payment_method_id` int(11) NOT NULL AUTO_INCREMENT,
  `name` varchar(45) DEFAULT NULL,
  `status` enum('enabled','disabled') DEFAULT NULL,
  `register_number` tinyint(1) DEFAULT NULL,
  `type` enum('exchanging','provisioning','account') DEFAULT NULL,
  PRIMARY KEY (`payment_method_id`)
) ENGINE=InnoDB AUTO_INCREMENT=6 DEFAULT CHARSET=utf8;
/*!40101 SET character_set_client = @saved_cs_client */;

--
-- Dumping data for table `payment_method`
--

LOCK TABLES `payment_method` WRITE;
/*!40000 ALTER TABLE `payment_method` DISABLE KEYS */;
INSERT INTO `payment_method` VALUES (1,'Contado','enabled',0,'exchanging'),(2,'Tarjeta de Crédito','enabled',0,'provisioning'),(3,'Tarjeta de Débito','enabled',0,'provisioning'),(4,'Cuenta Corriente ','enabled',0,'account'),(5,'Cheques','enabled',1,'provisioning');
/*!40000 ALTER TABLE `payment_method` ENABLE KEYS */;
UNLOCK TABLES;

--
-- Table structure for table `plan_feature`
--

DROP TABLE IF EXISTS `plan_feature`;
/*!40101 SET @saved_cs_client     = @@character_set_client */;
/*!40101 SET character_set_client = utf8 */;
CREATE TABLE `plan_feature` (
  `plan_feature_id` int(11) NOT NULL AUTO_INCREMENT,
  `name` varchar(255) NOT NULL,
  `type` enum('radiobutton','checkbox') DEFAULT NULL,
  `description` text,
  `parent_id` int(11) DEFAULT NULL,
  PRIMARY KEY (`plan_feature_id`),
  KEY `fk_plan_feature_1_idx` (`parent_id`),
  CONSTRAINT `fk_plan_feature_1` FOREIGN KEY (`parent_id`) REFERENCES `plan_feature` (`plan_feature_id`) ON DELETE NO ACTION ON UPDATE NO ACTION
) ENGINE=InnoDB DEFAULT CHARSET=utf8;
/*!40101 SET character_set_client = @saved_cs_client */;

--
-- Dumping data for table `plan_feature`
--

LOCK TABLES `plan_feature` WRITE;
/*!40000 ALTER TABLE `plan_feature` DISABLE KEYS */;
/*!40000 ALTER TABLE `plan_feature` ENABLE KEYS */;
UNLOCK TABLES;

--
-- Table structure for table `point_of_sale`
--

DROP TABLE IF EXISTS `point_of_sale`;
/*!40101 SET @saved_cs_client     = @@character_set_client */;
/*!40101 SET character_set_client = utf8 */;
CREATE TABLE `point_of_sale` (
  `point_of_sale_id` int(11) NOT NULL AUTO_INCREMENT,
  `name` varchar(45) NOT NULL,
  `number` int(11) NOT NULL,
  `status` enum('enabled','disabled') DEFAULT NULL,
  `description` varchar(255) DEFAULT NULL,
  `company_id` int(11) NOT NULL,
  `default` tinyint(1) DEFAULT NULL,
  PRIMARY KEY (`point_of_sale_id`),
  KEY `ix_point_of_sale_company_id` (`company_id`),
  CONSTRAINT `fk_sale_point_company1` FOREIGN KEY (`company_id`) REFERENCES `company` (`company_id`) ON DELETE NO ACTION ON UPDATE NO ACTION
) ENGINE=InnoDB AUTO_INCREMENT=2 DEFAULT CHARSET=utf8;
/*!40101 SET character_set_client = @saved_cs_client */;

--
-- Dumping data for table `point_of_sale`
--

LOCK TABLES `point_of_sale` WRITE;
/*!40000 ALTER TABLE `point_of_sale` DISABLE KEYS */;
INSERT INTO `point_of_sale` VALUES (1,'Factura Electronica',2,'enabled','',1,1);
/*!40000 ALTER TABLE `point_of_sale` ENABLE KEYS */;
UNLOCK TABLES;

--
-- Table structure for table `product`
--

DROP TABLE IF EXISTS `product`;
/*!40101 SET @saved_cs_client     = @@character_set_client */;
/*!40101 SET character_set_client = utf8 */;
CREATE TABLE `product` (
  `product_id` int(11) NOT NULL AUTO_INCREMENT,
  `name` varchar(100) DEFAULT NULL,
  `system` varchar(100) DEFAULT NULL,
  `code` varchar(45) DEFAULT NULL,
  `description` text,
  `status` enum('enabled','disabled') DEFAULT NULL,
  `balance` double DEFAULT NULL,
  `secondary_balance` double DEFAULT NULL,
  `create_timestamp` int(11) DEFAULT NULL,
  `update_timestamp` int(11) DEFAULT NULL,
  `unit_id` int(11) NOT NULL,
  `secondary_unit_id` int(11) DEFAULT NULL,
  `type` enum('service','product','plan') DEFAULT 'product',
  `uid` varchar(45) DEFAULT NULL,
  `account_id` int(11) DEFAULT NULL,
  PRIMARY KEY (`product_id`),
  KEY `fk_product_unit1_idx` (`unit_id`),
  KEY `uid` (`uid`),
  KEY `fk_product_account1_idx` (`account_id`),
  KEY `fk_product_unit2_idx` (`secondary_unit_id`),
  CONSTRAINT `fk_product_account1` FOREIGN KEY (`account_id`) REFERENCES `account` (`account_id`) ON DELETE NO ACTION ON UPDATE NO ACTION,
  CONSTRAINT `fk_product_unit1` FOREIGN KEY (`unit_id`) REFERENCES `unit` (`unit_id`) ON DELETE NO ACTION ON UPDATE NO ACTION,
  CONSTRAINT `fk_product_unit2` FOREIGN KEY (`secondary_unit_id`) REFERENCES `unit` (`unit_id`) ON DELETE NO ACTION ON UPDATE NO ACTION
) ENGINE=InnoDB AUTO_INCREMENT=945 DEFAULT CHARSET=utf8;
/*!40101 SET character_set_client = @saved_cs_client */;

--
-- Dumping data for table `product`
--

LOCK TABLES `product` WRITE;
/*!40000 ALTER TABLE `product` DISABLE KEYS */;
INSERT INTO `product` VALUES (1,'Kit apoya pie cromado ','kit-apoya-pie-cromado','559c1db117a17','Para silla cajera - Cromada','disabled',0,NULL,1436294577,1436582027,1,NULL,'product','',NULL),(2,'Kit apoya pie negro','kit-apoya-pie-negro','559c1e35b9775','Para silla cajera - pintado negro ','enabled',0,NULL,1436294709,1436581952,1,NULL,'product','',NULL),(3,'Kit Pupitre madera','kit-pupitre-madera','559c1edb4aa53','Derecho o Izquierdo - Para Ap - Prisma - Opera 40 y 50','enabled',0,NULL,1436294875,1436581868,1,NULL,'product','',NULL),(5,'Unión para bases - Anclaje de estructuras','union-para-bases-anclaje-de-estructuras','559c200449893','Para Ap - Prisma - Opera 40 y 50','enabled',0,NULL,1436295172,1436581605,1,NULL,'product','',NULL),(6,'Unión para bases - Anclaje de patas ','union-para-bases-anclaje-de-patas','559c207310b56','Para Ap - Prisma - Opera 40 y 50','enabled',0,NULL,1436295283,1436581531,1,NULL,'product','',NULL),(7,'Sillon Jazz 901','sillon-jazz-901','559c392c2b520','Estructura en caño de acero cromada - giratorio c/gas c/basculante c/brazos respaldo alto tapizado','enabled',0,NULL,1436301612,1436301612,1,NULL,'product','',NULL),(8,'Sillon Jazz 900','sillon-jazz-900','559c3996730d6','Estructura en caño de acero cromado - Giratorio c/gas, c/basc., c/apoy. - Resp. Bajo Tapizado','enabled',0,NULL,1436301718,1436301718,1,NULL,'product','',NULL),(9,'Sillon Jazz 901- Air Back','sillon-jazz-901-air-back','559c39dfd2519','Estructura en caño de acero cromado - Giratorio c/gas, c/basc., c/apoy. - Resp. Alto tela de red','enabled',0,NULL,1436301791,1436301791,1,NULL,'product','',NULL),(10,'Sillon Jazz 900 - Air back','sillon-jazz-900-air-back','559c3a34b807e','Estructura en caño de acero cromado - Giratorio c/gas, c/basc., c/apoy. - Resp. Bajo tela de red','enabled',0,NULL,1436301876,1436301876,1,NULL,'product','',NULL),(11,'Silla Verona 801','silla-verona-801','559c3a8baaf26','Estructura en caño de acero cromado - Giratorio c/gas, c/basc., c/apoy.','enabled',0,NULL,1436301963,1436301963,1,NULL,'product','',NULL),(12,'Silla Verona 800','silla-verona-800','559c3af40422f','Base trineo en caño de acero cromado','enabled',0,NULL,1436302068,1436302068,1,NULL,'product','',NULL),(13,'Sillon Trento 501 Cromado','sillon-trento-501-cromado','559c3c280b099','Giratorio c/gas, c/basculante, c/apoy.','enabled',-16,NULL,1436302376,1436302376,1,NULL,'product','',NULL),(14,'Sillon Trento 500 cromado','sillon-trento-500-cromado','559c3c718159a','Giratorio c/gas, c/basculante, c/apoy. Respaldo medio','enabled',0,NULL,1436302449,1436302449,1,NULL,'product','',NULL),(15,'Sillon Trento 500 V Cromado','sillon-trento-500-v-cromado','559c3da121189','Fijo, c/apoyabrazos (Trineo Cromado). ','enabled',0,NULL,1436302753,1436302753,1,NULL,'product','',NULL),(16,'Sillon Trento 501 Negro ','sillon-trento-501-negro','559c3e084023e','Giratorio c/gas, c/basculante, c/apoy.\n','enabled',-10,NULL,1436302856,1436302856,1,NULL,'product','',NULL),(17,'Sillon Trento 500 Negro ','sillon-trento-500-negro','559c3e3e8afe2','Giratorio c/gas, c/basculante, c/apoy. Respaldo Medio\n','enabled',0,NULL,1436302910,1436302910,1,NULL,'product','',NULL),(18,'Sillon Trento 500V Negro','sillon-trento-500v-negro','559c3ea5391f9','Fijo, c/apoyabrazos. Estructura negra\n','enabled',0,NULL,1436303013,1436303030,1,NULL,'product','',NULL),(19,'Sillon Ethika 701 Negro','sillon-ethika-701-negro','559c3feb4fd5d','Giratorio c/gas, c/basculante, c/apoy.(negro)','enabled',0,NULL,1436303339,1436303339,1,NULL,'product','',NULL),(20,'Sillon Ethika 700 Negro','sillon-ethika-700-negro','559c40336396a','Giratorio c/gas, c/basculante, c/apoy.(Negro)','enabled',0,NULL,1436303411,1436303411,1,NULL,'product','',NULL),(21,'Sillon Ethika 700 V Cromado ','sillon-ethika-700-v-cromado','559c40940fd95','Estructura trineo cromado c/apoy. Elípticos cromados','enabled',0,NULL,1436303508,1436303508,1,NULL,'product','',NULL),(22,'Sillon Ethika 700 V Negro','sillon-ethika-700-v-negro','559c40e3c6861','Estructura trineo negro c/apoy. Elípticos negros.','enabled',0,NULL,1436303587,1436303587,1,NULL,'product','',NULL),(23,'Sillon Ethika 690 a Gas Negro','sillon-ethika-690-a-gas-negro','559c41595bee0','Giratorio c/gas, s/basculante, s/apoy. Estrella negra','enabled',0,NULL,1436303705,1436303705,1,NULL,'product','',NULL),(24,'Sillon Kouros 601 Negro','sillon-kouros-601-negro','559c41ac80a64','Giratorio c/gas, c/basculante, c/apoy. Tapizado en Tela','enabled',-1,NULL,1436303788,1436303788,1,NULL,'product','',NULL),(25,'Sillon Kouros 600 Negro','sillon-kouros-600-negro','559c41e2dba00','Giratorio c/gas, c/basculante, c/apoy. Tapizado en Tela','enabled',0,NULL,1436303842,1436303842,1,NULL,'product','',NULL),(26,'Sillon Kouros 600 V Negro','sillon-kouros-600-v-negro','559c429a41286','Fijo, c/apoyabrazos (Trineo). Tapizado en Tela (estructura negra)','enabled',0,NULL,1436304026,1436304026,1,NULL,'product','',NULL),(27,'Sillon Kouros 301 Negro','sillon-kouros-301-negro','559c431a2c706','Giratorio c/gas, c/basculante, c/apoy inyectado. Tapizado en Tela (negro)','enabled',-12,NULL,1436304154,1436304154,1,NULL,'product','',NULL),(28,'Sillon 300 Negro ','sillon-300-negro','559c484d4807c','Giratorio c/gas, c/basculante, c/apoy. Tapizado en Tela (negro)','enabled',0,NULL,1436305485,1436305485,1,NULL,'product','',NULL),(29,'Sillon Kouros 300 V Negro','sillon-kouros-300-v-negro','559c488fe0fdb','Fijo, c/apoyabrazos (Trineo). Tapizado en Tela ','enabled',-1,NULL,1436305551,1436305551,1,NULL,'product','',NULL),(30,'Sillon Eden 251 Negro','sillon-eden-251-negro','559c48ffed6a3','Giratorio c/gas, c/basculante, s/apoy.(Negro)','enabled',0,NULL,1436305663,1436305663,1,NULL,'product','',NULL),(31,'Sillon Eden 250 Negro','sillon-eden-250-negro','559c495ec76ef','Giratorio c/gas, c/basculante, s/apoy.(Negro)','enabled',0,NULL,1436305758,1436305758,1,NULL,'product','',NULL),(32,'Sillon Eden 250 V cromado ','sillon-eden-250-v-cromado','559c49b82655a','Estructura trineo cromado c/apoy. Elípticos cromados','enabled',0,NULL,1436305848,1436305848,1,NULL,'product','',NULL),(33,'Sillon Eden 250 V negro','sillon-eden-250-v-negro','559c4b184a907','Estructura trineo negro c/apoy. Elípticos negros.','enabled',0,NULL,1436306200,1436306200,1,NULL,'product','',NULL),(34,'Sillon Eden 250 V negro','sillon-eden-250-v-negro-2','559c4b187b970','Estructura trineo negro c/apoy. Elípticos negros.','enabled',0,NULL,1436306200,1436306200,1,NULL,'product','',NULL),(35,'Sillon Eden 249 Negro','sillon-eden-249-negro','559c4b91afa34','Giratorio c/gas, s/basculante, s/apoy.(Estrella negra)','enabled',0,NULL,1436306321,1436306321,1,NULL,'product','',NULL),(36,'Sillon Ellisse 251','sillon-ellisse-251','559c4c1395856','Giratorio c/gas, c/basculante, c/apoy. C/riñoneras (estrella negra)','enabled',0,NULL,1436306451,1436306451,1,NULL,'product','',NULL),(37,'Sillon Ellisse 250 Negro','sillon-ellisse-250-negro','559c4c886a2f3','Giratorio c/gas, c/basculante, c/apoy. C/riñoneras (Estrella Negra)','enabled',0,NULL,1436306568,1436306568,1,NULL,'product','',NULL),(38,'Sillon Paulin P','sillon-paulin-p','559c4d3913962','Estructura fija cromada.\n','enabled',0,NULL,1436306745,1436306745,1,NULL,'product','',NULL),(39,'Sillon Paulin a Gas ','sillon-paulin-a-gas','559c4dd35056f','Basculante. Base cromada. (giratoria)\n','enabled',0,NULL,1436306899,1436306899,1,NULL,'product','',NULL),(40,'Butacon Bari Cromado ','butacon-bari-cromado','559c4e95499df','Tapizado, con estructura cromado','enabled',0,NULL,1436307093,1436307093,1,NULL,'product','',NULL),(41,'Butacon Bari a Gas','butacon-bari-a-gas','559c4f12d41cb','Tapizado, con estrella cromada','enabled',0,NULL,1436307218,1436307218,1,NULL,'product','',NULL),(42,'Butacon A poltrona','butacon-a-poltrona','559c4f7769c0e','Tapizado, con regatones ','enabled',0,NULL,1436307319,1436307319,1,NULL,'product','',NULL),(43,'Silla Citiz c/asyncro ','silla-citiz-casyncro','559c5004f1e86','Giratoria. S/brazos, estrella plastica, \nRespaldos en Tela de Red gris perla, naranja, negro, rojo y visón.','enabled',0,NULL,1436307460,1436307460,1,NULL,'product','',NULL),(44,'Silla Citiz base cantilever Cromada','silla-citiz-base-cantilever-cromada','559d0fa53c9c1','Estructura Trineo cromada c/brazos.\nRespaldos en Tela de Red gris perla, naranja, negro, rojo y visón','enabled',0,NULL,1436356517,1436357075,1,NULL,'product','',NULL),(45,'Adicional por Cabezal Citiz ','adicional-por-cabezal-citiz','559d10267c72f','Cabezal solo para silla Citiz','enabled',0,NULL,1436356646,1436356646,1,NULL,'product','',NULL),(46,'Silla India basculante','silla-india-basculante','559d130904f84','Basculante.\nRespaldos en Tela de Red gris perla, naranja, negro, rojo y visón o Tela Marathon','enabled',-2,NULL,1436357385,1436357385,1,NULL,'product','',NULL),(47,'Silla India Gas','silla-india-gas','559d13a47968a','Regulación a gas.\nRespaldos en Tela de Red gris perla, naranja, negro, rojo y visón o Tela Marathon.','enabled',-10,NULL,1436357540,1436357540,1,NULL,'product','',NULL),(48,'Silla India 206 Trineo','silla-india-206-trineo','559d1429c547d','Trineo cromado c/brazos.\nRespaldos en Tela de Red gris perla, naranja, negro, rojo y visón o Tela Marathon.','enabled',0,NULL,1436357673,1436357673,1,NULL,'product','',NULL),(49,'Silla Riota 210 C/Asyncro','silla-riota-210-casyncro','559d14939ebdb','Giratorio c/gas, c/basculante, s/apoy.','enabled',0,NULL,1436357779,1436357779,1,NULL,'product','',NULL),(50,'Silla Riota 200 C/Asyncro','silla-riota-200-casyncro','559d14c91b95c','Giratorio c/gas, c/basculante, s/apoy. Respaldo Medio','enabled',0,NULL,1436357833,1436357833,1,NULL,'product','',NULL),(51,'Silla Riota 210 C/basculante','silla-riota-210-cbasculante','559d151cc9cb9','Giratorio c/gas, c/basculante, s/apoy. Respaldo Alto','enabled',0,NULL,1436357916,1436357916,1,NULL,'product','',NULL),(52,'Silla Riota 200 C/basculante','silla-riota-200-cbasculante','559d156b9cbd1','Giratorio c/gas, c/basculante, s/apoy. Respaldo Medio','enabled',0,NULL,1436357995,1436357995,1,NULL,'product','',NULL),(53,'Silla Riota 210 C/Ovalina','silla-riota-210-covalina','559d160c230a6','Giratorio c/gas, Respaldo fijo Alto, s/apoy.','enabled',0,NULL,1436358156,1436358156,1,NULL,'product','',NULL),(54,'Silla Riota 200 C/Ovalina','silla-riota-200-covalina','559d1fe3cef57','Giratorio c/gas, Respaldo fijo Medio, s/apoy.','enabled',0,NULL,1436360675,1436360675,1,NULL,'product','',NULL),(55,'Silla Cyrene Air Back C/asyncro Cromada','silla-cyrene-air-back-casyncro-cromada','559d210985982','Tapizados en Tela / Respaldos en tela de red gris perla, naranja, negro, rojo y visón\nRespaldo en tela de Red, Estrella Cromada, sin brazo','enabled',0,NULL,1436360969,1436370741,1,NULL,'product','',NULL),(56,'Silla Cyrene Air Back fija Cromada','silla-cyrene-air-back-fija-cromada','559d44425f7ae','Respaldo en tela de Red; Respaldo fijo; Estrella cromada\nTapizados en Tela / Respaldos en tela de red gris perla, naranja, negro, rojo y visón\n','enabled',0,NULL,1436369986,1436370702,1,NULL,'product','',NULL),(57,'Silla Cyrene Air Back Trineo Cromada','silla-cyrene-air-back-trineo-cromada','559d44aff22c3','Estructura Trineo c/brazos. Respaldo en tela de Red cromado\nTapizados en Tela / Respaldos en tela de red gris perla, naranja, negro, rojo y visón','enabled',0,NULL,1436370095,1436370210,1,NULL,'product','',NULL),(58,'Silla Cyrene Air Back C/asyncro Negra','silla-cyrene-air-back-casyncro-negra','559d480550110','Tapizados en Tela / Respaldos en tela de red gris perla, naranja, negro, rojo y visón\nRespaldo en tela de Red, Estrella Inyectada, sin brazos','enabled',0,NULL,1436370949,1436370949,1,NULL,'product','',NULL),(59,'Silla Cyrene Air Back fija Negra','silla-cyrene-air-back-fija-negra','559d48aaeed87','Respaldo en tela de Red; Respaldo fijo; Estrella inyectada negra; Sin brazos \nTapizados en Tela / Respaldos en tela de red gris perla, naranja, negro, rojo y visón','enabled',0,NULL,1436371114,1436371114,1,NULL,'product','',NULL),(60,'Silla SP 110 ','silla-sp-110','559d63eab783b','Sistema basculante, s/brazos, reg.Gas; ','enabled',0,NULL,1436378090,1436378090,1,NULL,'product','',NULL),(61,'Silla SP 110 C/Permanente','silla-sp-110-cpermanente','559d75d3f0b42','Giratoria; Reg a Gas, S/brazos, estrella negra','enabled',0,NULL,1436382675,1436382675,1,NULL,'product','',NULL),(62,'Silla SP 100 Basculante','silla-sp-100-basculante','559d762db6baa','Giratoria, S/brazos; basculante, estrella negra','enabled',0,NULL,1436382765,1436382765,1,NULL,'product','',NULL),(63,'Silla SP 100 C/Permanente','silla-sp-100-cpermanente','559d785309419','Giratoria, S/brazos, Contacto permanente, estrella negra','enabled',0,NULL,1436383315,1436383315,1,NULL,'product','',NULL),(64,'Silla SP 100 Ovalina','silla-sp-100-ovalina','559d78ddd67d5','Giratoria, regulacion a gas, Ovalina, estrella negra','enabled',0,NULL,1436383453,1436383453,1,NULL,'product','',NULL),(65,'Silla Athina 208 Cromada','silla-athina-208-cromada','559d968ac277e','Sistema basculante, reg de altura, estrella cromada \nRespaldo inyectado Negro o Blanco; asiento tapizado','enabled',0,NULL,1436391050,1436391050,1,NULL,'product','',NULL),(66,'Silla Athina 207 Cromada','silla-athina-207-cromada','559d970f898be','Reg Gas; s/Brazos; respaldo fijo; estrella cromada\nRespaldo Inyectado Plastico blanco o negro; asiento tapizado','enabled',0,NULL,1436391183,1436391183,1,NULL,'product','',NULL),(67,'Silla Athina 206 Trineo Cromada','silla-athina-206-trineo-cromada','559da0dc207e7','Trineo cromada; c/brazos. Respaldo Inyectado Blanco o Negro\nAsiento tapizado ','enabled',0,NULL,1436393692,1436393692,1,NULL,'product','',NULL),(68,'Silla Athina 204 fija Cromada','silla-athina-204-fija-cromada','559da16e9cba8','Fija 4 patas, Estructura Cromada.Respaldo Inyectado Negro o Blanco\nAsiento tapizado ','enabled',0,NULL,1436393838,1436393838,1,NULL,'product','',NULL),(69,'Taburete Athina Cromado','taburete-athina-cromado','559da1da18fd1','Silla alta cromada; sin brazos.Respaldo Inyectado Blanco o Negro\nAsiento Tapizado \n','enabled',0,NULL,1436393946,1436909432,1,NULL,'product','',NULL),(70,'Silla Athina 208 Negra','silla-athina-208-negra','559da23a2739c','Sistema basculante, reg de altura, estrella Inyectada negra \nRespaldo inyectado Negro o Blanco; asiento tapizado','enabled',0,NULL,1436394042,1436394042,1,NULL,'product','',NULL),(71,'Silla Athina 207 Negra','silla-athina-207-negra','559da27ee899c','Reg Gas; s/Brazos; respaldo fijo; estrella inyectada Negra\nRespaldo Inyectado Plastico blanco o negro; asiento tapizado','enabled',0,NULL,1436394110,1436394110,1,NULL,'product','',NULL),(72,'Silla Athina 204 fija Negra','silla-athina-204-fija-negra','559da2f19b61a','Fija 4 patas, Estructura Negra.Respaldo Inyectado Negro o Blanco\nAsiento tapizado','enabled',0,NULL,1436394225,1436394225,1,NULL,'product','',NULL),(73,'Taburete Athina Negro','taburete-athina-negro','559da330e1f36','Silla alta Negra; sin brazos.Respaldo Inyectado Blanco o Negro\nAsiento Tapizado','enabled',0,NULL,1436394288,1436909412,1,NULL,'product','',NULL),(74,'Silla Roby 210 Basculante','silla-roby-210-basculante','559fb6baebeb0','Giratoria, s/brazos, estrella negra, Reg a gas\nEspuma inyectada - densidad 50 kg/m3; apoyo lumbar \nRespaldo Alto\n','enabled',-2,NULL,1436530362,1436530580,1,NULL,'product','',NULL),(75,'Silla Roby 200 Basculante','silla-roby-200-basculante','559fb76443469','Giratoria, s/brazos, estrella negra, Reg a gas\nEspuma inyectada - densidad 50 kg/m3; apoyo lumbar\nRespaldo Bajo','enabled',0,NULL,1436530532,1436530598,1,NULL,'product','',NULL),(76,'Silla Roby 210 C/Permanente','silla-roby-210-cpermanente','559fb83874727','Giratoria, s/brazos, estrella negra, Reg a gas Contacto permanente\nEspuma inyectada - densidad 50 kg/m3; apoyo lumbar\nRespaldo alto.','enabled',-40,NULL,1436530744,1436530744,1,NULL,'product','',NULL),(77,'Silla Roby 200 C/Permanente','silla-roby-200-cpermanente','559fb8b2d07cf','Giratoria, s/brazos, estrella negra, Reg a gas. Contacto/Permanente\nEspuma inyectada - densidad 50 kg/m3; apoyo lumbar\nRespaldo Bajo','enabled',0,NULL,1436530866,1436530866,1,NULL,'product','',NULL),(78,'Silla Rudy 210 Basculante T/N','silla-rudy-210-basculante-tn','559fc7fa581ca','Giratoria, Sin brazos, Sist. Basculante\nReg a gas, Estrella negra - (tela negra)  ','enabled',-12,NULL,1436534778,1436534778,1,NULL,'product','',NULL),(79,'Silla Rudy 210 Basculante S/C','silla-rudy-210-basculante-sc','559fc852e283e','Giratoria, Sin brazos, Sist. Basculante\nReg a gas, Estrella negra - (Simil cuero negro)','enabled',-2,NULL,1436534866,1436534866,1,NULL,'product','',NULL),(80,'Silla Rudy 200 Basculante ','silla-rudy-200-basculante','559fc899743a4','Giratoria, Sin brazos, Sist. Basculante\nReg a gas, Estrella negra - ','enabled',0,NULL,1436534937,1436534937,1,NULL,'product','',NULL),(81,'Silla Rudy 210 C/P Tela Negra','silla-rudy-210-cp-tela-negra','559fcadec5620','Giratoria, reg a gas, Estrella negra\nTela Marathon Negra, s/brazos \n','enabled',-1,NULL,1436535518,1436535518,1,NULL,'product','',NULL),(82,'Silla Rudy 210 C/P Simil cuero ','silla-rudy-210-cp-simil-cuero','559fd12ae2077','Giratoria, reg a gas, Estrella negra\nSimil Cuero Negro, s/brazos ','enabled',-35,NULL,1436537130,1436537408,1,NULL,'product','',NULL),(83,'Silla Rudy 200 C/P','silla-rudy-200-cp','559fd1b3d8fa8','Giratoria, reg a gas, Estrella negra. s/brazos ','enabled',-1,NULL,1436537267,1436537267,1,NULL,'product','',NULL),(84,'Silla Rudy 200 Ovalina','silla-rudy-200-ovalina','559fd1ff550d5','Giratoria, Sin Brazos, reg de altura, Ovalina','enabled',0,NULL,1436537343,1436537343,1,NULL,'product','',NULL),(85,'Silla Tyson C/Perm.','silla-tyson-cperm','559fd4dd483d2','Giratoria, S/brazos, Reg Altura\nCon Contacto Permanente.','enabled',0,NULL,1436538077,1436538077,1,NULL,'product','',NULL),(86,'Silla Tyson 39 Ovalina','silla-tyson-39-ovalina','559fd59a62c62','Giratoria, S/brazos, Regulacion de altura \n','enabled',0,NULL,1436538266,1436538266,1,NULL,'product','',NULL),(87,'Silla Diva 210 Basculante','silla-diva-210-basculante','559fd622c5d16','Giratoria, S/brazos, Reg. de altura (basculante)','enabled',0,NULL,1436538402,1436538402,1,NULL,'product','',NULL),(88,'Silla Diva 210 C/Permanente','silla-diva-210-cpermanente','559fd6c043bc6','Giratoria, S/brazos, reg de altura (contacto permanente)\n','enabled',0,NULL,1436538560,1436538560,1,NULL,'product','',NULL),(89,'Silla Diva 210 Ovalina','silla-diva-210-ovalina','559fd75dddacb','Giratoria, S/Brazos, Regulacion de altura\nOvalina','enabled',0,NULL,1436538717,1436538717,1,NULL,'product','',NULL),(90,'Silla Diva 210 Trineo Cromo','silla-diva-210-trineo-cromo','559fd7c0b4879','Estructura Cromada fija, C/brazos','disabled',0,NULL,1436538816,1436538816,1,NULL,'product','',NULL),(91,'Silla Fly 46','silla-fly-46','559fd8dcdf90c','Giratoria, s/brazos, reg altura.\n','enabled',0,NULL,1436539100,1436539801,1,NULL,'product','',NULL),(92,'Silla Fly 45 Cromada','silla-fly-45-cromada','559fdbe22ab26','Fija, Con Brazos; Estructura Cromada','enabled',0,NULL,1436539874,1436539874,1,NULL,'product','',NULL),(93,'Silla Fly 45 ','silla-fly-45','559fdc3b43b01','Fija, con brazos, estructura negra','enabled',-14,NULL,1436539963,1436539963,1,NULL,'product','',NULL),(94,'Silla Fly 44','silla-fly-44','559fdd2ceca93','Fija, sin brazos, base cromada.\n','enabled',0,NULL,1436540204,1436540232,1,NULL,'product','',NULL),(95,'Silla Fly 44 N','silla-fly-44-n','559fdd878cc9c','Fija, sin brazos , base negra','enabled',-2,NULL,1436540295,1436541617,1,NULL,'product','',NULL),(96,'Silla Fly trineo ','silla-fly-trineo','559fe24df3d85','Base trineo, sin brazos y Base Cromada','enabled',-2,NULL,1436541517,1436541517,1,NULL,'product','',NULL),(97,'Silla Fly Trineo N','silla-fly-trineo-n','559fe29c36b2a','Base trineo, sin brazos.  Base Negra ','enabled',0,NULL,1436541596,1436541596,1,NULL,'product','',NULL),(98,'Silla Ap 60 ','silla-ap-60','559fe49647aaf','Giratoria, Con gas, S/brazos','enabled',-102,NULL,1436542102,1436542102,1,NULL,'product','',NULL),(99,'Silla Ap 50','silla-ap-50','559fe4f265961','Fija, con brazos, base negra','enabled',-62,NULL,1436542194,1436542194,1,NULL,'product','',NULL),(100,'Silla Ap 40 Cromo','silla-ap-40-cromo','559fe52cabf5d','Fija, sin brazos, base cromada','enabled',0,NULL,1436542252,1436542460,1,NULL,'product','',NULL),(101,'Silla Ap 40 Simil cuero ','silla-ap-40-simil-cuero','559fe5ae0ca1d','Fija, sin brazos, base negra (simil cuero negro)','enabled',-151,NULL,1436542382,1436542382,1,NULL,'product','',NULL),(102,'Silla Ap 40 tela negra','silla-ap-40-tela-negra','559fe5e576e57','Fija, s/brazos, Base negra','enabled',-7,NULL,1436542437,1436542437,1,NULL,'product','',NULL),(103,'Silla Prisma 60 ','silla-prisma-60','559fe64411dde','Giratoria, con gas, s/brazos','enabled',0,NULL,1436542532,1436542532,1,NULL,'product','',NULL),(104,'Silla Prisma 50','silla-prisma-50','559fe6741ac3c','Fija, con brazos, base negra','enabled',0,NULL,1436542580,1436542580,1,NULL,'product','',NULL),(105,'Silla Prisma 40','silla-prisma-40','559fe6a209cda','Fija, sin brazos, base negra','enabled',0,NULL,1436542626,1436542626,1,NULL,'product','',NULL),(106,'Silla Nina ','silla-nina','559fe6f02abc2','Fija. Estructura Cromada\nHomopolímero Alto Impacto brillante Aqua, Blanco, Naranja, Natural y Rojo.','enabled',0,NULL,1436542704,1436542704,1,NULL,'product','',NULL),(107,'Silla Nina Gas','silla-nina-gas','559fe71fd6ea8','Con gas, base cromada\nHomopolímero Alto Impacto brillante Aqua, Blanco, Naranja, Natural y Rojo.','enabled',0,NULL,1436542751,1436542751,1,NULL,'product','',NULL),(108,'Silla One fija','silla-one-fija','559fe75c08601','Fija, con brazos. Estructura Cromada\nHomopolímero Alto Impacto Negro, Blanco, Gris, Chocolate, Verde, Aqua, Azul, Rojo, Naranja, Rosa, Lila y Amarillo.','enabled',0,NULL,1436542812,1436542812,1,NULL,'product','',NULL),(109,'Silla One fija T','silla-one-fija-t','559fe7a1854b4','Fija, con brazos. Estructura Gris Texturizada.\nHomopolímero Alto Impacto Negro, Blanco, Gris, Chocolate, Verde, Aqua, Azul, Rojo, Naranja, Rosa, Lila y Amarillo.','enabled',0,NULL,1436542881,1436542881,1,NULL,'product','',NULL),(110,'Silla One Gas','silla-one-gas','559fe7e3f21be','Con Gas. Con Base Cromada\nHomopolímero Alto Impacto Negro, Blanco, Gris, Chocolate, Verde, Aqua, Azul, Rojo, Naranja, Rosa, Lila y Amarillo.','enabled',0,NULL,1436542947,1436542947,1,NULL,'product','',NULL),(111,'Silla Jim Cromo','silla-jim-cromo','559fe8385dde1','Fija, con brazos. Estructura Cromada\nHomopolímero Alto Impacto Negro, Blanco, Gris, Chocolate, Verde, Aqua, Azul, Rojo, Naranja, Lila y Amarillo.\n','enabled',-24,NULL,1436543032,1436543032,1,NULL,'product','',NULL),(112,'Silla Jim texturizada','silla-jim-texturizada','559fe8684bf74','Fija, con brazos. Estructura Gris Texturizada.\nHomopolímero Alto Impacto Negro, Blanco, Gris, Chocolate, Verde, Aqua, Azul, Rojo, Naranja, Lila y Amarillo.','enabled',-3,NULL,1436543080,1436543091,1,NULL,'product','',NULL),(113,'Silla Jim Gas','silla-jim-gas','559fe8d0163b1','Con Gas. Con Base Cromada\nHomopolímero Alto Impacto Negro, Blanco, Gris, Chocolate, Verde, Aqua, Azul, Rojo, Naranja, Lila y Amarillo.\n','enabled',0,NULL,1436543184,1436543184,1,NULL,'product','',NULL),(114,'Silla Frida Fija','silla-frida-fija','559fe91bd5fa1','Fija. Estructura Gris Texturizada.\nHomopolímero Alto Impacto Negro, Blanco, Gris, Verde, Rojo y Naranja.','enabled',0,NULL,1436543259,1436543259,1,NULL,'product','',NULL),(115,'Silla Frida Gas','silla-frida-gas','559fe9650a6ab','Giratoria a gas. Estrella negra.\nHomopolímero Alto Impacto Negro, Blanco, Gris, Verde, Rojo y Naranja.','enabled',0,NULL,1436543333,1436543333,1,NULL,'product','',NULL),(116,'Silla Frida Gas C','silla-frida-gas-c','559fe9a57e9fd','Giratoria a gas. Estrella cromada.\nHomopolímero Alto Impacto Negro, Blanco, Gris, Verde, Rojo y Naranja.','enabled',0,NULL,1436543397,1436543397,1,NULL,'product','',NULL),(117,'Taburete Milo N','taburete-milo-n','559fea0c5d583','Fijo. Estructura Negra.\nHomopolímero Alto Impacto Blanco, Naranja, Negro, Rojo y Verde Manzana.','enabled',0,NULL,1436543500,1436543581,1,NULL,'product','',NULL),(118,'Taburete Milo T','taburete-milo-t','559fea4dcb9a0','Fijo. Estructura Gris Texturizada.\nHomopolímero Alto Impacto Blanco, Naranja, Negro, Rojo y Verde Manzana.','enabled',0,NULL,1436543565,1436543565,1,NULL,'product','',NULL),(119,'Taburete Milo C','taburete-milo-c','559fea8b31d62','Fijo. Estructura Cromada.\nHomopolímero Alto Impacto Blanco, Naranja, Negro, Rojo y Verde Manzana.','enabled',0,NULL,1436543627,1436543627,1,NULL,'product','',NULL),(120,'Silla Milo Gas N','silla-milo-gas-n','559feb1b0ecbd','Giratorio a gas. Estructura negra.\nHomopolímero Alto Impacto Blanco, Naranja, Negro, Rojo y Verde Manzana.\n','enabled',0,NULL,1436543771,1436543771,1,NULL,'product','',NULL),(121,'Silla Milo Gas C','silla-milo-gas-c','559feb6e011fc','Giratorio a gas. Estructura Cromada.\nHomopolímero Alto Impacto Blanco, Naranja, Negro, Rojo y Verde Manzana.','enabled',0,NULL,1436543854,1436543854,1,NULL,'product','',NULL),(122,'Silla Luanda Cromada','silla-luanda-cromada','559fec178c2d5','Fija, trineo. Estructura Negra.\nPlásticas Amarillas, Azules, Blanco, Chocolate , Gris, Naranja, Negro y Rojo.','enabled',0,NULL,1436544023,1436544023,1,NULL,'product','',NULL),(123,'Silla Luanda Negra','silla-luanda-negra','559fec49c6e41','Fija, trineo. Estructura Negra.\nPlásticas Amarillas, Azules, Blanco, Chocolate , Gris, Naranja, Negro y Rojo.','enabled',0,NULL,1436544073,1436544073,1,NULL,'product','',NULL),(124,'Silla Opera 60','silla-opera-60','559fec82c5f1e','Giratoria, con gas \nAsientos y Respaldos en Homopolímero de Alto Impacto rojo, azul, gris, negro, verde, amarillo y blanco.','enabled',0,NULL,1436544130,1436544130,1,NULL,'product','',NULL),(125,'Silla Opera 50','silla-opera-50','55a007cfa6ff0','Fija, con brazos. Base Negra \nAsientos y Respaldos en Homopolímero de Alto Impacto rojo, azul, gris, negro, verde, amarillo y blanco.','enabled',0,NULL,1436551119,1436551119,1,NULL,'product','',NULL),(126,'Silla Opera 40','silla-opera-40','55a00817d2872','Fija, sin brazos. Base Cromada\nAsientos y Respaldos en Homopolímero de Alto Impacto rojo, azul, gris, negro, verde, amarillo y blanco.','enabled',-4,NULL,1436551191,1436551191,1,NULL,'product','',NULL),(127,'Silla Opera 40 N','silla-opera-40-n','55a0085beb432','Fija, sin brazos. Base Negra\nAsientos y Respaldos en Homopolímero de Alto Impacto rojo, azul, gris, negro, verde, amarillo y blanco.','enabled',-104,NULL,1436551259,1436551259,1,NULL,'product','',NULL),(128,'Silla Malba ','silla-malba','55a00896f0393','Fija s/brazos.  Estructuras grises.\nMonocasco Homopolímero Alto Impacto Aqua, Negro, Blanco, Gris, Chocolate, Verde, Rojo, Naranja, Azul y Amarillo.','enabled',0,NULL,1436551318,1436551318,1,NULL,'product','',NULL),(129,'Tandem Bari Cromado 2A','tandem-bari-cromado-2a','55a008f01d33a','Base curva Cromada - 2 puestos','enabled',0,NULL,1436551408,1436551408,1,NULL,'product','',NULL),(130,'Tandem Bari Cromado 3A','tandem-bari-cromado-3a','55a0090c6b83f','Base curva Cromada - 3 puestos','enabled',0,NULL,1436551436,1436551493,1,NULL,'product','',NULL),(131,'Tandem Bari Cromado 4A','tandem-bari-cromado-4a','55a00930673e7','Base curva Cromada - 4 puestos','enabled',0,NULL,1436551472,1436551472,1,NULL,'product','',NULL),(132,'Tandem Athina Cromado 2A','tandem-athina-cromado-2a','55a009b89fdf2','Base curva Cromada - 2 puestos\nRespaldo inyectado Negro o Blanco','enabled',0,NULL,1436551608,1436551608,1,NULL,'product','',NULL),(133,'Tandem Athina Cromado 3A','tandem-athina-cromado-3a','55a009e335ebb','Base curva Cromada - 3 puestos\nRespaldo inyectado Negro o Blanco','enabled',0,NULL,1436551651,1436551651,1,NULL,'product','',NULL),(134,'Tandem Athina Cromado 4A','tandem-athina-cromado-4a','55a00a12365c4','Base curva Cromada - 4 puestos\nRespaldo inyectado Negro o Blanco','enabled',0,NULL,1436551698,1436551698,1,NULL,'product','',NULL),(135,'Tandem Athina Cromado 5A','tandem-athina-cromado-5a','55a00a508896d','Base curva Cromada - 4 puestos\nRespaldo inyectado Negro o Blanco','enabled',0,NULL,1436551760,1436551760,1,NULL,'product','',NULL),(136,'Tandem Athina Negra 2A','tandem-athina-negra-2a','55a00ab069da4','Base curva Negra - 2 puestos\nRespaldo inyectado Negro o Blanco','enabled',0,NULL,1436551856,1436551856,1,NULL,'product','',NULL),(137,'Tandem Athina Negra 3A','tandem-athina-negra-3a','55a00adf693eb','Base curva Negra - 3 puestos\nRespaldo inyectado Negro o Blanco','enabled',0,NULL,1436551903,1436551903,1,NULL,'product','',NULL),(138,'Tandem Athina Negra 4A','tandem-athina-negra-4a','55a00b0a132bb','Base curva Negra - 4 puestos\nRespaldo inyectado Negro o Blanco','enabled',0,NULL,1436551946,1436551946,1,NULL,'product','',NULL),(139,'Tandem Athina Negra 5A','tandem-athina-negra-5a','55a00b543284e','Base curva Negra - 5 puestos\nRespaldo inyectado Negro o Blanco','enabled',0,NULL,1436552020,1436552020,1,NULL,'product','',NULL),(140,'Tandem Ap base curva 2A','tandem-ap-base-curva-2a','55a00bb818848','Base curva - Asiento y respaldo tapizado \n2 Puestos ','enabled',0,NULL,1436552120,1436552227,1,NULL,'product','',NULL),(141,'Tandem Ap base curva 3A','tandem-ap-base-curva-3a','55a00c0c9738d','Base curva - Asiento y respaldo tapizado \n3 Puestos ','enabled',0,NULL,1436552204,1436552204,1,NULL,'product','',NULL),(142,'Tandem Ap base curva 4A','tandem-ap-base-curva-4a','55a00c43a1a0f','Base curva - Asiento y respaldo tapizado \n4 Puestos ','enabled',0,NULL,1436552259,1436552259,1,NULL,'product','',NULL),(143,'Tandem Ap base curva 5A','tandem-ap-base-curva-5a','55a00c664edef','Base curva - Asiento y respaldo tapizado \n5 Puestos ','enabled',0,NULL,1436552294,1436552294,1,NULL,'product','',NULL),(144,'Tandem Ap Fisso 2A','tandem-ap-fisso-2a','55a00ce779bb1','Estructura fija recta negra - 2 Puestos ','enabled',0,NULL,1436552423,1436552423,1,NULL,'product','',NULL),(145,'Tandem Ap Fisso 3A','tandem-ap-fisso-3a','55a00d460e7ce','Estructura fija recta negra - 3 Puestos ','enabled',0,NULL,1436552518,1436552518,1,NULL,'product','',NULL),(146,'Tandem Ap Fisso 4A','tandem-ap-fisso-4a','55a00d8e98863','Estructura fija recta negra - 4 Puestos ','enabled',0,NULL,1436552590,1436552630,1,NULL,'product','',NULL),(147,'Tandem Ap Fisso 5A','tandem-ap-fisso-5a','55a00de43bcb4','Estructura fija recta negra - 5 Puestos ','enabled',0,NULL,1436552676,1436552676,1,NULL,'product','',NULL),(148,'Tandem Nina Cromo 2A','tandem-nina-cromo-2a','55a00e5fd0af8','Base curva Cromada - 2 Puestos\nHomopolímero Alto Impacto brillante Aqua, Blanco, Naranja, Natural y Rojo.','enabled',0,NULL,1436552799,1436552799,1,NULL,'product','',NULL),(149,'Tandem Nina Cromo 3A','tandem-nina-cromo-3a','55a00e99e49a6','Base curva Cromada - 3 Puestos\nHomopolímero Alto Impacto brillante Aqua, Blanco, Naranja, Natural y Rojo.','enabled',0,NULL,1436552857,1436552857,1,NULL,'product','',NULL),(150,'Tandem Nina Cromo 4A','tandem-nina-cromo-4a','55a00ee14c75e','Base curva Cromada - 4 Puestos\nHomopolímero Alto Impacto brillante Aqua, Blanco, Naranja, Natural y Rojo.','enabled',0,NULL,1436552929,1436552929,1,NULL,'product','',NULL),(151,'Tandem Nina Cromo 5A','tandem-nina-cromo-5a','55a00f1541494','Base curva Cromada - 5 Puestos\nHomopolímero Alto Impacto brillante Aqua, Blanco, Naranja, Natural y Rojo.','enabled',0,NULL,1436552981,1436552981,1,NULL,'product','',NULL),(152,'Tandem Luanda Cromo 2A','tandem-luanda-cromo-2a','55a00f8b638d0','Base curva Cromada - 2 Puestos \nPlásticas Amarillas, Azules, Blanco, Chocolate , Gris, Naranja, Negro y Rojo.','enabled',0,NULL,1436553099,1436553099,1,NULL,'product','',NULL),(153,'Tandem Luanda Cromo 3A','tandem-luanda-cromo-3a','55a00fbbbbd13','Base curva Cromada - 3 Puestos \nPlásticas Amarillas, Azules, Blanco, Chocolate , Gris, Naranja, Negro y Rojo.','enabled',0,NULL,1436553147,1436553147,1,NULL,'product','',NULL),(154,'Tandem Luanda Cromo 4A','tandem-luanda-cromo-4a','55a00ff36190d','Base curva Cromada - 4 Puestos \nPlásticas Amarillas, Azules, Blanco, Chocolate , Gris, Naranja, Negro y Rojo.','enabled',0,NULL,1436553203,1436553203,1,NULL,'product','',NULL),(155,'Tandem Luanda Cromo 5A','tandem-luanda-cromo-5a','55a0101997c67','Base curva Cromada - 5 Puestos \nPlásticas Amarillas, Azules, Blanco, Chocolate , Gris, Naranja, Negro y Rojo.','enabled',0,NULL,1436553241,1436553241,1,NULL,'product','',NULL),(156,'Tandem Luanda Negro 2A','tandem-luanda-negro-2a','55a0106b2949d','Base curva negra - 2 Puestos \nPlásticas Amarillas, Azules, Blanco, Chocolate , Gris, Naranja, Negro y Rojo.','enabled',0,NULL,1436553323,1436553372,1,NULL,'product','',NULL),(157,'Tandem Luanda Negro 3A','tandem-luanda-negro-3a','55a0108b41a39','Base curva negra - 3 Puestos \nPlásticas Amarillas, Azules, Blanco, Chocolate , Gris, Naranja, Negro y Rojo.','enabled',0,NULL,1436553355,1436553355,1,NULL,'product','',NULL),(158,'Tandem Luanda Negro 4A','tandem-luanda-negro-4a','55a010d11733d','Base curva negra - 4 Puestos \nPlásticas Amarillas, Azules, Blanco, Chocolate , Gris, Naranja, Negro y Rojo.','enabled',0,NULL,1436553425,1436553425,1,NULL,'product','',NULL),(159,'Tandem Luanda Negro 5A','tandem-luanda-negro-5a','55a011075beec','Base curva negra - 5 Puestos \nPlásticas Amarillas, Azules, Blanco, Chocolate , Gris, Naranja, Negro y Rojo.','enabled',0,NULL,1436553479,1436553479,1,NULL,'product','',NULL),(160,'Tandem Frida Cromo 2A','tandem-frida-cromo-2a','55a01158609ab','Base Curva cromada - 2 Puestos\nHomopolímero Alto Impacto Blanco, Naranja, Negro, Rojo y Verde Manzana.','enabled',0,NULL,1436553560,1436553639,1,NULL,'product','',NULL),(161,'Tandem Frida Cromo 3A','tandem-frida-cromo-3a','55a011cb6c6fc','Base Curva cromada - 3 Puestos\nHomopolímero Alto Impacto Blanco, Naranja, Negro, Rojo y Verde Manzana','enabled',0,NULL,1436553675,1436553675,1,NULL,'product','',NULL),(162,'Tandem Frida Cromo 4A','tandem-frida-cromo-4a','55a011fb15e9f','Base Curva cromada - 4 Puestos\nHomopolímero Alto Impacto Blanco, Naranja, Negro, Rojo y Verde Manzana','enabled',0,NULL,1436553723,1436553723,1,NULL,'product','',NULL),(163,'Tandem Frida Negra 2A','tandem-frida-negra-2a','55a0123acb2d5','Base Curva Negra - 2 Puestos\nHomopolímero Alto Impacto Blanco, Naranja, Negro, Rojo y Verde Manzana','enabled',0,NULL,1436553786,1436553786,1,NULL,'product','',NULL),(164,'Tandem Frida Negra 3A','tandem-frida-negra-3a','55a0127a0c732','Base Curva Negra - 3 Puestos\nHomopolímero Alto Impacto Blanco, Naranja, Negro, Rojo y Verde Manzana','enabled',0,NULL,1436553850,1436553850,1,NULL,'product','',NULL),(165,'Tandem Frida Negra 4A','tandem-frida-negra-4a','55a012ca2c86f','Base Curva Negra - 4 Puestos\nHomopolímero Alto Impacto Blanco, Naranja, Negro, Rojo y Verde Manzana','enabled',0,NULL,1436553930,1436553930,1,NULL,'product','',NULL),(166,'Tandem Op Base Curva 2A','tandem-op-base-curva-2a','55a0137679388','Base curva negra - 2 Puestos\nAsientos y Respaldos en Homopolímero de Alto Impacto rojo, azul, gris, negro, verde, amarillo y blanco.','enabled',0,NULL,1436554102,1436554102,1,NULL,'product','',NULL),(167,'Tandem Op Base Curva 3A','tandem-op-base-curva-3a','55a0139ed98a1','Base curva negra - 3 Puestos\nAsientos y Respaldos en Homopolímero de Alto Impacto rojo, azul, gris, negro, verde, amarillo y blanco.','enabled',0,NULL,1436554142,1436554142,1,NULL,'product','',NULL),(168,'Tandem Op Base Curva 4A','tandem-op-base-curva-4a','55a013ccebbaa','Base curva negra - 4 Puestos\nAsientos y Respaldos en Homopolímero de Alto Impacto rojo, azul, gris, negro, verde, amarillo y blanco.','enabled',0,NULL,1436554188,1436554188,1,NULL,'product','',NULL),(169,'Tandem Op Base Curva 5A','tandem-op-base-curva-5a','55a013fda7ade','Base curva negra - 5 Puestos\nAsientos y Respaldos en Homopolímero de Alto Impacto rojo, azul, gris, negro, verde, amarillo y blanco.','enabled',0,NULL,1436554237,1436554237,1,NULL,'product','',NULL),(170,'Tandem Op Fisso 2A','tandem-op-fisso-2a','55a015020036a','Base Fija negra - 2 Puestos\nAsientos y Respaldos en Homopolímero de Alto Impacto rojo, azul, gris, negro, verde, amarillo y blanco.','enabled',0,NULL,1436554497,1436554497,1,NULL,'product','',NULL),(171,'Tandem Op Fisso 3A','tandem-op-fisso-3a','55a0154c46465','Base Fija negra - 3 Puestos\nAsientos y Respaldos en Homopolímero de Alto Impacto rojo, azul, gris, negro, verde, amarillo y blanco.','enabled',0,NULL,1436554572,1436554817,1,NULL,'product','',NULL),(172,'Tandem Op Fisso 4A','tandem-op-fisso-4a','55a015d1d6860','Base Fija negra - 4 Puestos\nAsientos y Respaldos en Homopolímero de Alto Impacto rojo, azul, gris, negro, verde, amarillo y blanco.','enabled',0,NULL,1436554705,1436554833,1,NULL,'product','',NULL),(173,'Tandem Op Fisso 5A','tandem-op-fisso-5a','55a01614b7c06','Base Fija negra - 5 Puestos\nAsientos y Respaldos en Homopolímero de Alto Impacto rojo, azul, gris, negro, verde, amarillo y blanco.','enabled',0,NULL,1436554772,1436554854,1,NULL,'product','',NULL),(174,'Mesa Lupe ','mesa-lupe','55a016b480311','Mesa Lupe - 4 Patas Metálicas\nHomopolímero Alto Impacto Amarillo,  Aqua, Azul, Blanco, Chocolate, Gris, Naranja, Negro, Rojo y Verde ','enabled',0,NULL,1436554932,1436554932,1,NULL,'product','',NULL),(175,'Perchero Gala Negro o Gris Cromo','perchero-gala-negro-o-gris-cromo','55a01774b3bc1','Microtexturado con terminaciones en cromo y madera.','enabled',0,NULL,1436555049,1436555124,1,NULL,'product','',NULL),(176,'Perchero Gala Negro o Gris Pintado','perchero-gala-negro-o-gris-pintado','55a0175e26f14','Microtexturado con terminaciones en pintura y madera.','enabled',0,NULL,1436555102,1436555102,1,NULL,'product','',NULL),(177,'Apoya brazos 701','apoya-brazos-701','55a0182b1a445','Exclusivo para lineas AP-Prisma-Opera','enabled',0,NULL,1436555307,1436555747,1,NULL,'product','',NULL),(178,'Apoya brazos 670','apoya-brazos-670','55a019d6bdd07','Poliamida- inyectado','enabled',0,NULL,1436555734,1436555734,1,NULL,'product','',NULL),(179,'Apoya brazos 680','apoya-brazos-680','55a01a476dd95','Poliamida inyectado','enabled',0,NULL,1436555847,1436555945,1,NULL,'product','',NULL),(180,'Apoya brazos Golf P','apoya-brazos-golf-p','55a01a9ae1545','Poliamida inyectado','enabled',0,NULL,1436555930,1436555930,1,NULL,'product','',NULL),(181,'Apoya brazos 851','apoya-brazos-851','55a01afe3bd99','Poliamida inyectado - \nExclusivo para linea Fly','enabled',0,NULL,1436556030,1436556030,1,NULL,'product','',NULL),(182,'Apoya brazos 550','apoya-brazos-550','55a01b25861a2','Poliamida inyectado','enabled',0,NULL,1436556069,1436556069,1,NULL,'product','',NULL),(183,'Apoya brazos 405','apoya-brazos-405','55a01b48d91a4','Poliamida inyectado','enabled',0,NULL,1436556104,1436556104,1,NULL,'product','',NULL),(184,'Apoya brazos 337 Negro','apoya-brazos-337-negro','55a02e02243c7','Terminaciones plásticas negras/blancas a elección (Metalico)','enabled',0,NULL,1436560898,1436560912,1,NULL,'product','',NULL),(185,'Apoya brazos 337 Cromado','apoya-brazos-337-cromado','55a02e41bd5c2','Terminaciones plásticas negras/blancas a elección - Metalico ','enabled',0,NULL,1436560961,1436560961,1,NULL,'product','',NULL),(186,'Apoya brazos 338 Negro','apoya-brazos-338-negro','55a02ea230052','Terminaciones plasticas negras - Metalico','enabled',0,NULL,1436561058,1436561058,1,NULL,'product','',NULL),(187,'Apoya brazos 338 Cromado','apoya-brazos-338-cromado','55a02f0f50104','Terminaciones plásticas negras - Metalico','enabled',0,NULL,1436561167,1436561167,1,NULL,'product','',NULL),(188,'Apoya brazos 339 Negro','apoya-brazos-339-negro','55a02f0f8c845','Terminaciones plásticas negras / blancas a eleccion - Metalico','enabled',0,NULL,1436561167,1436561234,1,NULL,'product','',NULL),(189,'Apoya brazos 339 Cromado','apoya-brazos-339-cromado','55a02f8508e05','Terminaciones plásticas negras / blancas a eleccion - Metalico','enabled',0,NULL,1436561285,1436561285,1,NULL,'product','',NULL),(190,'Apoya brazos 340 Negro','apoya-brazos-340-negro','55a02fd07bcde','Terminacion Plasticas negras - Metalico','enabled',0,NULL,1436561360,1436561360,1,NULL,'product','',NULL),(191,'Apoya brazos 340 Cromado ','apoya-brazos-340-cromado','55a0306d13b7d','Terminación Plástica negras - Metalico','enabled',0,NULL,1436561517,1436561517,1,NULL,'product','',NULL),(192,'Apoya brazos Br 201 ','apoya-brazos-br-201','55a030b2a5219','Poliamida - inyectado ','enabled',0,NULL,1436561586,1436561586,1,NULL,'product','',NULL),(193,'Apoya brazos Br 01','apoya-brazos-br-01','55a03120bfb04','Poliamida - inyectado\nExclusivos para linea 300/301','enabled',0,NULL,1436561696,1436561696,1,NULL,'product','',NULL),(194,'Apoya brazos Br 4041Ethika','apoya-brazos-br-4041ethika','55a03169beb52','Exclusivos para linea Ethika','enabled',0,NULL,1436561769,1436561769,1,NULL,'product','',NULL),(195,'Apoya brazos Eliptico Cromado','apoya-brazos-eliptico-cromado','55a031da47d77','Exclusivos para lineas Trento - kouros 600 - Ethika - Edem\n','enabled',0,NULL,1436561882,1436561882,1,NULL,'product','',NULL),(196,'Apoya brazos Eliptico Negro','apoya-brazos-eliptico-negro','55a07d3294f72','Exclusivos para lineas Trento - kouros 600 - Ethika - Edem','enabled',0,NULL,1436581170,1436581170,1,NULL,'product','',NULL),(197,'Apoya brazos 401 regulable','apoya-brazos-401-regulable','55a07dba299c6','Poliamida- Regulable - inyectado negro ','enabled',0,NULL,1436581306,1436581306,1,NULL,'product','',NULL),(198,'Apoya brazos 400 regulable ','apoya-brazos-400-regulable','55a07df5c2d19','Poliamida - regulable - Inyectado ','enabled',0,NULL,1436581365,1436581365,1,NULL,'product','',NULL),(199,'Cesto Papelero inyectado','cesto-papelero-inyectado','55a080f9b92d9','Inyectado plástico - Color negro - Portantino','enabled',0,NULL,1436582137,1436582150,1,NULL,'product','',NULL),(200,'Adicional por cambio de base alma de acero','adicional-por-cambio-de-base-alma-de-acero','55a0816f06ad9','Para toda silla giratoria','enabled',0,NULL,1436582255,1436582402,1,NULL,'product','',NULL),(201,'Adicional por interno madera','adicional-por-interno-madera','55a081b6f2997','Exclusivos para linea AP tapizada','enabled',0,NULL,1436582326,1436582326,1,NULL,'product','',NULL),(202,'Adicional por cambio a base cromada P','adicional-por-cambio-a-base-cromada-p','55a081ec93246','Para toda silla giratoria (Portantino)','enabled',0,NULL,1436582380,1436912253,1,NULL,'product','',NULL),(203,'Adicional por sistema basculante Asyncro','adicional-por-sistema-basculante-asyncro','55a08241d839c','Para sillas operativas con contacto permanente','enabled',0,NULL,1436582465,1436582465,1,NULL,'product','',NULL),(204,'Adicional por basculante 007 - 5 posiciones','adicional-por-basculante-007-5-posiciones','55a0827faac75','Para sillones ejecutivos ','enabled',0,NULL,1436582527,1436582527,1,NULL,'product','',NULL),(205,'Silla Lisi fija','silla-lisi-fija','','Fija 4 patas - Interno madera (idem ap 40)\n','enabled',0,NULL,1436582798,1436582798,1,NULL,'product','',NULL),(206,'Silla Lisi c/brazos','silla-lisi-cbrazos','55a0845ebcdcc',' idem AP50 - Interno madera','enabled',0,NULL,1436583006,1436909712,1,NULL,'product','',NULL),(207,'Sillon Ikarus Alto','sillon-ikarus-alto','55a08562013c7','Giratorio - regulación de altura - estrella inyectada negra -Basculante','enabled',0,NULL,1436583266,1436583266,1,NULL,'product','',NULL),(208,'Sillon Ikarus Alto br/cromo','sillon-ikarus-alto-brcromo','55a085ff10049','Giratorio - Basculante - con brazos cromado - estrella negra\nRespaldo alto','enabled',0,NULL,1436583423,1436583423,1,NULL,'product','',NULL),(209,'Sillon Ikarus Alto br/negros','sillon-ikarus-alto-brnegros','55a0863d96f8c','Giratorio - Basculante - con brazos negros - estrella Cromada\nRespaldo alto','enabled',0,NULL,1436583485,1436583485,1,NULL,'product','',NULL),(210,'Sillon Ikarus Alto T/cromo','sillon-ikarus-alto-tcromo','55a086f438e6b','Giratorio - Basculante - con brazos cromado - estrella Cromada\nRespaldo alto','enabled',0,NULL,1436583541,1436583668,1,NULL,'product','',NULL),(211,'Sillon Berlin Alto ','sillon-berlin-alto','55a086dac60be','Giratorio - brazos y estrella cromada - basculante - Reg de altura\nRespaldo alto','enabled',0,NULL,1436583642,1436583701,1,NULL,'product','',NULL),(212,'Sillón Berlin medio','sillon-berlin-medio','55a08745d090f','Giratorio - brazos y estrella cromada - basculante - Reg de altura\nRespaldo Medio','enabled',0,NULL,1436583749,1436583749,1,NULL,'product','',NULL),(213,'Silla Monocasco certificada s/brazo ','silla-monocasco-certificada-sbrazo','55a0884c2187d','Giratoria - monocasco certificada - sin brazos - regulacion de altura\ntapizado en tela','enabled',0,NULL,1436584012,1436584012,1,NULL,'product','',NULL),(214,'Silla Monocasco certificada s/brazo Basculante','silla-monocasco-certificada-sbrazo-basculante','55a088e33e3e2','Giratoria - monocasco certificada - sin brazos - regulacion de altura\ntapizado en tela - Basculante ','enabled',0,NULL,1436584163,1436584163,1,NULL,'product','',NULL),(215,'Silla Monocasco certificada c/brazos ','silla-monocasco-certificada-cbrazos','55a0892acb650','Giratoria - monocasco certificada - con brazos - regulación de altura\ntapizado en tela','enabled',0,NULL,1436584234,1436584234,1,NULL,'product','',NULL),(216,'Silla Monocasco certificada c/brazos Basculante','silla-monocasco-certificada-cbrazos-basculante','55a08974ec5f3','Giratoria - monocasco certificada - con brazos - regulación de altura\ntapizado en tela - con basculante ','enabled',0,NULL,1436584308,1436584308,1,NULL,'product','',NULL),(217,'Sillón Belén Bajo','sillon-belen-bajo','55a089dbb483f','Giratorio - con brazos inyectados - estrella negra','enabled',0,NULL,1436584411,1436584411,1,NULL,'product','',NULL),(218,'Sillon Belen Alto ','sillon-belen-alto','55a08a129e5d7','Giratorio - con brazos inyectados - estrella negra - basculante ','enabled',0,NULL,1436584466,1436584466,1,NULL,'product','',NULL),(219,'Sillon Daiamont Bertoia','sillon-daiamont-bertoia','55a08a8106261','Estructura de Hierro cromo','enabled',0,NULL,1436584577,1436584577,1,NULL,'product','',NULL),(220,'Poltrona Miller E','poltrona-miller-e','55a08b05b479b','Giratorio - Basculante - Con posa pie - Casco de madera\nSimil cuero negro ','enabled',0,NULL,1436584709,1436584709,1,NULL,'product','',NULL),(221,'Poltrona Miller C','poltrona-miller-c','55a08b375f775','Giratorio - Basculante - Con posa pie - Casco de madera\nCUERO NATURAL','enabled',0,NULL,1436584759,1436584759,1,NULL,'product','',NULL),(222,'Sillon BKF sintetico Cromo','sillon-bkf-sintetico-cromo','55a08bb90225c','medidas: 0.85 x 0.75 x 0.87 - tapizado sintético \nEstructura cromada','enabled',0,NULL,1436584889,1436584972,1,NULL,'product','',NULL),(223,'Sillon BKF sintetico pintado','sillon-bkf-sintetico-pintado','55a08beee2fdc','medidas: 0.85 x 0.75 x 0.87 - tapizado sintético\nestructura pintado ','enabled',0,NULL,1436584942,1436584942,1,NULL,'product','',NULL),(224,'Sillon BKF cuero Cromo','sillon-bkf-cuero-cromo','55a08c50bb338','medidas: 0.85 x 0.75 x 0.87 - tapizado sintético\nCuero natural - Estructura Cromada','enabled',0,NULL,1436585040,1436585040,1,NULL,'product','',NULL),(225,'Sillon BKF cuero pintado ','sillon-bkf-cuero-pintado','55a08c79bc349','medidas: 0.85 x 0.75 x 0.87 - tapizado sintético\nCuero natural - Estructura pintura','enabled',0,NULL,1436585081,1436585081,1,NULL,'product','',NULL),(226,'Silla Lisi giratoria s/b','silla-lisi-giratoria-sb','55a406721150e','Giratoria - regulación de altura - sin brazos - interno de madera','enabled',0,NULL,1436812914,1436812914,1,NULL,'product','',NULL),(227,'Taburete Lisi alto 4 patas','taburete-lisi-alto-4-patas','55a406d304e14','Fija 4 patas - interno de madera - banqueta alta - ídem AP 40 alta','enabled',0,NULL,1436813011,1436813011,1,NULL,'product','',NULL),(228,'Sillon Swan tela ','sillon-swan-tela','55a407a8b3299','Medidas: 0.74 x 0.68 x 0.77 - Tapizado en tela - estrella cromada','enabled',0,NULL,1436813224,1436813224,1,NULL,'product','',NULL),(229,'Sillon Swan ecocuero ','sillon-swan-ecocuero','55a4080a71eee','Medidas: 0.74 x 0.68 x 0.77 - Ecocuero - Estrella cromada','enabled',0,NULL,1436813322,1436813322,1,NULL,'product','',NULL),(230,'Lc 4 Chaise Longue ','lc-4-chaise-longue','55a4085e80881','Cromado - símil cuero a elección - con regulaciones','enabled',0,NULL,1436813406,1436813406,1,NULL,'product','',NULL),(231,'Silla Tulip laqueada','silla-tulip-laqueada','55a408aa4f1a7','Giratoria - Laqueada - ','enabled',0,NULL,1436813482,1436813482,1,NULL,'product','',NULL),(232,'Mesa Eileen gray ','mesa-eileen-gray','55a408e47f84f','Mesa de diseño - cromoda - con vidrio','enabled',0,NULL,1436813540,1436813540,1,NULL,'product','',NULL),(233,'Silla Jacopsen laqueada','silla-jacopsen-laqueada','55a409231f833','Laqueada blanco o negro - Patas cromdas ','enabled',0,NULL,1436813603,1436813603,1,NULL,'product','',NULL),(234,'Silla Jacopsen Tapizada','silla-jacopsen-tapizada','55a4094eeb87f','Tapizado a eleccion en simil cueros - patas cromadas','enabled',0,NULL,1436813646,1436813646,1,NULL,'product','',NULL),(235,'Silla Brix laqueada','silla-brix-laqueada','55a4098b64558','Laqueada blanco o negro - estructura cromada','enabled',0,NULL,1436813707,1436813707,1,NULL,'product','',NULL),(236,'Silla Brix Tapizada','silla-brix-tapizada','55a409cb8c383','Tapizado en blanco o negro - estructura cromada','enabled',0,NULL,1436813771,1436813771,1,NULL,'product','',NULL),(237,'Taburete Brix laqueado ','taburete-brix-laqueado','55a40a1148e8c','Laqueado blanco o negro - estructura alta 4 patas cromadas','enabled',0,NULL,1436813841,1436813841,1,NULL,'product','',NULL),(238,'Taburete Jacobsen laqueado ','taburete-jacobsen-laqueado','55a40a32b541e','Laqueado blanco o negro - estructura alta 4 patas cromadas','enabled',0,NULL,1436813874,1436813874,1,NULL,'product','',NULL),(239,'Sillon Brno planchuela','sillon-brno-planchuela','55a40b618d198','Tapizado en tela o simil cuero - Estructura planchuela cromada - ','enabled',0,NULL,1436814177,1436814208,1,NULL,'product','',NULL),(240,'Sillon Brno giratoria','sillon-brno-giratoria','55a40bf0e14cb','Giratorio - estrella y brazos cromado - ruedas inyectadas - tapizado ','enabled',0,NULL,1436814320,1436814320,1,NULL,'product','',NULL),(241,'Taburete Berno ','taburete-berno','55a40c4159cf5','Banqueta alta - estructura planchuela cromada - tapizado a eleccion ','enabled',0,NULL,1436814401,1436814401,1,NULL,'product','',NULL),(242,'Sillon Brno tubular','sillon-brno-tubular','55a40c7d6c2af','Tapizado a elecion - estructura cromada en caño tubular- ','enabled',0,NULL,1436814461,1436814461,1,NULL,'product','',NULL),(243,'Sillon Barcelona eco','sillon-barcelona-eco','55a40cf473354','Medidas: 0.78 x 0.77 x 0.78 - Tapizado en simil cuero a eleccion - tapas planchuela cromada','enabled',0,NULL,1436814580,1436814580,1,NULL,'product','',NULL),(244,'Sillon Barcelona cuero','sillon-barcelona-cuero','55a40d223e137','Medidas: 0.78 x 0.77 x 0.78 - Tapizado en CUERO NATURAL - tapas planchuela cromada','enabled',0,NULL,1436814626,1436814626,1,NULL,'product','',NULL),(245,'Sillon Barcelona eco 2 cuerpos','sillon-barcelona-eco-2-cuerpos','55a40d80106d3','Medidas: 1.25 x 0.77 x 0.78 - Tapizado en simil cuero a eleccion - tapas planchuela cromada','enabled',0,NULL,1436814720,1436814720,1,NULL,'product','',NULL),(246,'Sillon Barcelona cuero 2 cuerpos','sillon-barcelona-cuero-2-cuerpos','55a40db76d7af','Medidas: 1.25 x 0.77 x 0.78 - Tapizado en CUERO NATURAL - tapas planchuela cromada','enabled',0,NULL,1436814775,1436814775,1,NULL,'product','',NULL),(247,'Posa Pie Ottomana Barcelona eco','posa-pie-ottomana-barcelona-eco','','Medidas: 0.62 x 0.60 x 0.44 - Tapizado en simil cuero a eleccion - tapas planchuela cromada - Posa pie conjunto con el sillon barcelona','enabled',0,NULL,1436814901,1436814901,1,NULL,'product','',NULL),(248,'Posa Pie Ottomana Barcelona cuero','posa-pie-ottomana-barcelona-cuero','55a40e5ed6e7d','Medidas: 0.62 x 0.60 x 0.44 - Tapizado en CUERO NATURAL - tapas planchuela cromada - Posa pie conjunto con el sillon barcelona','enabled',0,NULL,1436814942,1436814942,1,NULL,'product','',NULL),(249,'Sillon banco Mies','sillon-banco-mies','55a40ed12701d','Tapizado en ecocuero - tapas cromada - con almohadón  ','enabled',0,NULL,1436815057,1436815057,1,NULL,'product','',NULL),(250,'Sillon banco Mies cuero ','sillon-banco-mies-cuero','55a40f3717ef9','Tapizado en CUERO NATURAL - patas cromadas - con almohadón ','enabled',0,NULL,1436815159,1436815159,1,NULL,'product','',NULL),(251,'Sillon cama Mies eco','sillon-cama-mies-eco','55a40f8231486','Cama sillón - tapizado en ecocuero - patas cromadas','enabled',0,NULL,1436815234,1436815234,1,NULL,'product','',NULL),(252,'Sillon cama Mies cuero ','sillon-cama-mies-cuero','55a40fac3dc97','Cama sillón - tapizado en CUERO NATURAL - patas cromadas','enabled',0,NULL,1436815276,1436815276,1,NULL,'product','',NULL),(253,'Sillon Crom simple tubo','sillon-crom-simple-tubo','55a41018053ae','Estructura Caño cromado - tapizado a simil cuero - con brazos ','enabled',0,NULL,1436815384,1436815384,1,NULL,'product','',NULL),(254,'Sillon Crom doble tubo','sillon-crom-doble-tubo','55a4103a97d37','Estructura Caño cromado - tapizado a simil cuero - con brazos ','enabled',0,NULL,1436815418,1436815418,1,NULL,'product','',NULL),(255,'Sillon Crom doble planchuela','sillon-crom-doble-planchuela','55a410751141d','Estructura planchuela cromado - tapizado a simil cuero - con brazos ','enabled',0,NULL,1436815477,1436815477,1,NULL,'product','',NULL),(256,'Sillon Crom simple planchuela','sillon-crom-simple-planchuela','55a4109fd1576','Estructura planchuela cromado - tapizado a simil cuero - con brazos','enabled',0,NULL,1436815519,1436815519,1,NULL,'product','',NULL),(257,'Sillon Aluminum alto eco','sillon-aluminum-alto-eco','55a41123370d1','Giratorio - estructura de aluminio - tapizado en símil cuero - regulación de altura - basculante','enabled',0,NULL,1436815651,1436815651,1,NULL,'product','',NULL),(258,'Sillon Aluminum alto cuero','sillon-aluminum-alto-cuero','55a41144926c4','Giratorio - estructura de aluminio - tapizado en CUERO NATURAL - regulación de altura - basculante','enabled',0,NULL,1436815684,1436815684,1,NULL,'product','',NULL),(259,'Sillon Aluminum bajo eco','sillon-aluminum-bajo-eco','55a411b474929','Giratorio - estructura de aluminio - tapizado en símil cuero - regulación de altura - basculante','enabled',0,NULL,1436815796,1436815796,1,NULL,'product','',NULL),(260,'Tandem Aluminum 2A','tandem-aluminum-2a','55a4122e33550','Tandem 2 Puestos - estructura aluminio - símil cuero a eleccion','enabled',0,NULL,1436815918,1436815918,1,NULL,'product','',NULL),(261,'Tandem Aluminum 3A','tandem-aluminum-3a','55a4124f7052f','Tandem 3 Puestos - estructura aluminio - símil cuero a eleccion','enabled',0,NULL,1436815951,1436815951,1,NULL,'product','',NULL),(262,'Tandem Aluminum 4A','tandem-aluminum-4a','55a412857ad28','Tandem 4 Puestos - estructura aluminio - símil cuero a eleccion','enabled',0,NULL,1436816005,1436816005,1,NULL,'product','',NULL),(263,'Posa Pie Ottomana Aluminum eco','posa-pie-ottomana-aluminum-eco','55a412db42338','Tapizado en símil cuero - estructura aluminio - ','enabled',0,NULL,1436816091,1436816091,1,NULL,'product','',NULL),(264,'Apoya brazos aluminum ','apoya-brazos-aluminum','55a4131968381','Solo para tandem aluminum - estructura de aluminio','enabled',0,NULL,1436816153,1436816153,1,NULL,'product','',NULL),(265,'Sillon LC1 eco','sillon-lc1-eco','55a413e0ec1e3','Estructura cromada - simil cuero - Medidas: 0.60 x 0.64 x 0.65','enabled',0,NULL,1436816352,1436816352,1,NULL,'product','',NULL),(266,'Sillon LC1 cuero','sillon-lc1-cuero','55a4140cc43ed','Estructura cromada - CUERO NATURAL - Medidas: 0.60 x 0.64 x 0.65','enabled',0,NULL,1436816396,1436816396,1,NULL,'product','',NULL),(267,'Sillon Lc2 1 Cuerpo','sillon-lc2-1-cuerpo','55a414e305d81','Tapizado en simil cuero - estructura cromada - 1 cuerpo (0.75 x 0.70 x 0.67)','enabled',0,NULL,1436816611,1436816611,1,NULL,'product','',NULL),(268,'Sillon Lc2 2 Cuerpo','sillon-lc2-2-cuerpo','55a4150fe4d48','Tapizado en simil cuero - estructura cromada - 2 cuerpo (1.30 x 0.70 x 0.67)','enabled',0,NULL,1436816655,1436816655,1,NULL,'product','',NULL),(269,'Sillon Lc2 3 Cuerpo','sillon-lc2-3-cuerpo','55a41545bbc0a','Tapizado en simil cuero - estructura cromada - 3 cuerpo (1.80 x 0.70 x 0.67)','enabled',0,NULL,1436816709,1436816709,1,NULL,'product','',NULL),(270,'Sillon Lc3 1 Cuerpo','sillon-lc3-1-cuerpo','55a4158b568f2','Tapizado en simil cuero - estructura cromada - 1 cuerpo (0.97 x 0.70 x 0.63)','enabled',0,NULL,1436816779,1436816779,1,NULL,'product','',NULL),(271,'Sillon Lc3 2 Cuerpo','sillon-lc3-2-cuerpo','55a415c847012','Tapizado en simil cuero - estructura cromada - 2 cuerpo (1.69 x 0.70 x 0.63)','enabled',0,NULL,1436816840,1436816840,1,NULL,'product','',NULL),(272,'Sillon Lc3 3 Cuerpo','sillon-lc3-3-cuerpo','55a415f374749','Tapizado en simil cuero - estructura cromada - 3 cuerpo (2.38 x 0.70 x 0.63)','enabled',0,NULL,1436816883,1436816883,1,NULL,'product','',NULL),(273,'Sillon Paulin abierto ','sillon-paulin-abierto','55a416592f6b4','Tapizado a eleccion, ecocuero o tela - estructura cromada - ','enabled',0,NULL,1436816985,1436816985,1,NULL,'product','',NULL),(274,'Posa Pie Paulin ','posa-pie-paulin','55a416eb5fa2d','Estructura cromada - tapizado en simil cuero o tela','enabled',0,NULL,1436817131,1436817131,1,NULL,'product','',NULL),(275,'Sillon Egg Tela','sillon-egg-tela','55a417d282a6c','Medidas: 0.87 x 0.80 x 1.05 - base cromada (tapizado en tela)','enabled',0,NULL,1436817362,1436817362,1,NULL,'product','',NULL),(276,'Sillon Egg eco','sillon-egg-eco','55a4180cd82dc','Medidas: 0.87 x 0.80 x 1.05 - base cromada (tapizado en simil cuero)','enabled',0,NULL,1436817420,1436817420,1,NULL,'product','',NULL),(277,'Posa Pie Egg tela','posa-pie-egg-tela','55a418620e3d0','Posa pie con estructura cromada - tapizado en tela','enabled',0,NULL,1436817506,1436817506,1,NULL,'product','',NULL),(278,'Posa Pie Egg eco ','posa-pie-egg-eco','55a418a2c3133','Posa pie con estructura cromada - tapizado en eco ','enabled',0,NULL,1436817570,1436817570,1,NULL,'product','',NULL),(279,'Sillon Mediterraneo alto','sillon-mediterraneo-alto','55a41a21e2e23','SILLON ALTO NEUMÁTICO BASCULANTE CON BRAZOS (ESTRELLA Y BRAZOS INYECTADOS)\n','enabled',0,NULL,1436817953,1436818025,1,NULL,'product','',NULL),(280,'Sillon Mediterraneo mediano C/B','sillon-mediterraneo-mediano-cb','55a41a5993da9','SILLON MEDIANO NEUMÁTICO BASCULANTE CON BRAZOS (ESTRELLA Y BRAZOS INYECTADOS)\n','enabled',0,NULL,1436818009,1436818426,1,NULL,'product','',NULL),(281,'Sillon Mediterraneo mediano','sillon-mediterraneo-mediano-2','55a41afd3b9fa','SILLON MEDIANO NEUMÁTICO CON BRAZOS (ESTRELLA Y BRAZOS INYECTADOS)\n','enabled',0,NULL,1436818173,1436818248,1,NULL,'product','',NULL),(282,'Sillon Mediterraneo mediano Visitor','sillon-mediterraneo-mediano-visitor','55a41b3651e66','SILLON MEDIANO VISITOR(BASE TRINEO PINTADA NEGRO) CON BRAZOS INYECTADOS \n','enabled',0,NULL,1436818230,1436818230,1,NULL,'product','',NULL),(283,'Sillon Gaudi alto ','sillon-gaudi-alto','55a41b8ace1e9','SILLON ALTO NEUMÁTICO BASCULANTE CON BRAZOS (ESTRELLA Y BRAZOS INYECTADOS)','enabled',0,NULL,1436818314,1436818314,1,NULL,'product','',NULL),(284,'Sillon Gaudi Mediano C/B','sillon-gaudi-mediano-cb','55a41bc7725c2','SILLON MEDIANO NEUMÁTICO BASCULANTE CON BRAZOS (ESTRELLA Y BRAZOS INYECTADOS)','enabled',0,NULL,1436818375,1436818449,1,NULL,'product','',NULL),(285,'Sillon Gaudi Mediano','sillon-gaudi-mediano','55a41c6668583','SILLON MEDIANO NEUMÁTICO CON BRAZOS (ESTRELLA Y BRAZOS INYECTADOS)','enabled',0,NULL,1436818534,1436818534,1,NULL,'product','',NULL),(286,'Sillon Gaudi Visitor','sillon-gaudi-visitor','55a41cb63f4ff','SILLON MEDIANO VISITOR(BASE TRINEO PINTADA NEGRO) CON BRAZOS INYECTADOS ','enabled',0,NULL,1436818614,1436818628,1,NULL,'product','',NULL),(287,'Sillon Bruselas alto','sillon-bruselas-alto','55a41d2f491f3','SILLON ALTO NEUMÁTICO BASCULANTE CON BRAZOS (ESTRELLA Y BRAZOS INYECTADOS)','enabled',0,NULL,1436818735,1436818735,1,NULL,'product','',NULL),(288,'Sillon Bruselas Mediano C/B','sillon-bruselas-mediano-cb','55a41d6a9d69c','SILLON MEDIANO NEUMÁTICO BASCULANTE CON BRAZOS (ESTRELLA Y BRAZOS INYECTADOS)','enabled',0,NULL,1436818794,1436818835,1,NULL,'product','',NULL),(289,'Sillon Bruselas Mediano ','sillon-bruselas-mediano','55a41ddc40528','SILLON MEDIANO NEUMÁTICO CON BRAZOS (ESTRELLA Y BRAZOS INYECTADOS)','enabled',0,NULL,1436818908,1436818908,1,NULL,'product','',NULL),(290,'Sillon Bruselas Mediano Visitor','sillon-bruselas-mediano-visitor','55a41e17d4fa3','SILLON MEDIANO VISITOR(BASE TRINEO PINTADA NEGRO) CON BRAZOS INYECTADOS','enabled',0,NULL,1436818967,1436818967,1,NULL,'product','',NULL),(291,'Sillón Milano Alto Cromado','sillon-milano-alto-cromado','55a42d67270b8','SILLON ALTO NEUM., BASC.  AVANZADO, CON BRAZOS METÁLICOS Cromada, ESTRELLA Cromada\n','enabled',-1,NULL,1436822887,1437603521,1,NULL,'product','',NULL),(292,'Sillon Milano Mediano C/B','sillon-milano-mediano-cb','55a42db5d6b5e','SILLON MEDIANO NEUM., BASC. AVANZADO CON BRAZOS METALICOS PINTADOS, ESTRELLA INYECTADA\n','enabled',0,NULL,1436822965,1436822965,1,NULL,'product','',NULL),(293,'Sillon Milano Mediano','sillon-milano-mediano','55a42de834e6d','SILLON MEDIANO NEUMATICO CON BRAZOS METALICOS PINTADOS, ESTRELLA INYECTADA\n','enabled',0,NULL,1436823016,1436823016,1,NULL,'product','',NULL),(294,'Sillon Milano Mediano Visitor','sillon-milano-mediano-visitor','55a42e3b7de83','SILLON MEDIANO VISITOR(BASE TRINEO PINTADA) CON BRAZOS METALICOS PINTADOS\n','enabled',0,NULL,1436823099,1436823099,1,NULL,'product','',NULL),(296,'Sillon Toledo Alto','sillon-toledo-alto','55a4309694c36','SILLON ALTO NEUMÁTICO BASCULANTE CON BRAZOS INYETADOS Y ESTELLA PLASTICA\n','enabled',0,NULL,1436823702,1436823702,1,NULL,'product','',NULL),(297,'Sillon Toledo mediano C/B','sillon-toledo-mediano-cb','55a430f1f19d1','SILLON MEDIANO NEUMÁTICO BASCULANTE CON BRAZOS INYETADOS Y ESTELLA PLASTICA','enabled',0,NULL,1436823793,1436823793,1,NULL,'product','',NULL),(298,'Sillon Toledo mediano ','sillon-toledo-mediano','55a4310c22d96','SILLÓN MEDIANO NEUMÁTICO CON BRAZOS INYECTADOS Y ESTRELLA PLASTICA\n','enabled',0,NULL,1436823820,1436823892,1,NULL,'product','',NULL),(299,'Sillon Toledo mediano Visitor','sillon-toledo-mediano-visitor','55a431dda52aa','SILLON MEDIANO VISITOR (BASE TRINEO PINTADA) CON BRAZOS INYECTADOS\n','enabled',0,NULL,1436824029,1436824029,1,NULL,'product','',NULL),(300,'Sillon Fellini Alto ','sillon-fellini-alto','55a43251886bd','SILLON ALTO NEUM., BASC. AVANZADO CON BRAZOS INYECTADOS, ESTRELLA PLASTICA\n','enabled',0,NULL,1436824145,1436824145,1,NULL,'product','',NULL),(301,'Sillon Fellini Mediano C/B','sillon-fellini-mediano-cb','55a4344780f36','SILLON MEDIANO NEUM., BASC. AVANZADO CON BRAZOS INYECTADOS, ESTRELLA PLASTICA\n','enabled',0,NULL,1436824647,1436824879,1,NULL,'product','',NULL),(302,'Sillon Fellini Mediano ','sillon-fellini-mediano','55a434d96dd65','SILLON MEDIANO NEUMÁTICO CON BRAZOS INYECTADO, ESTRELLA PLASTICA\n','enabled',0,NULL,1436824793,1436824900,1,NULL,'product','',NULL),(303,'Sillon Fellini Mediano Visitor','sillon-fellini-mediano-visitor','55a4359f396b3','SILLON MEDIANO VISITOR(BASE TRINEO PINTADA) CON BRAZOS\n','enabled',0,NULL,1436824991,1436824991,1,NULL,'product','',NULL),(304,'Adicional Fellini base y estrella cromada','adicional-fellini-base-y-estrella-cromada','55a4360773901','RECARGO POR ESTRELLA Y BRAZOS CROMADOS SOLO PARA EL SILLON FELLINI ','enabled',0,NULL,1436825095,1436825095,1,NULL,'product','',NULL),(305,'Silla Rudy 223 R/bajo','silla-rudy-223-rbajo','55a5542bdff45','RUDY 223 R / ALEX 223R – Respaldo Bajo, gas y contacto permanente \n','enabled',0,NULL,1436898347,1436898347,1,NULL,'product','',NULL),(306,'Silla Rudy 323 R/Alto','silla-rudy-323-ralto','55a55471a28b8','RUDY 323 R / ALEX 323R-  Respaldo Alto, gas y contacto permanente\n','enabled',0,NULL,1436898417,1436898417,1,NULL,'product','',NULL),(307,'Silla Rudy 200 base visitor','silla-rudy-200-base-visitor','55a554fc43bdb','Estructura de caño pintado, respaldo bajo, asiento y respaldo tapizado ','enabled',-1,NULL,1436898556,1436898556,1,NULL,'product','',NULL),(308,'Silla Ken 123','silla-ken-123','55a555458a693','KEN 123 -  Respaldo chico, gas y ovalina\n','enabled',0,NULL,1436898629,1436898629,1,NULL,'product','',NULL),(309,'Silla Ken 123 R','silla-ken-123-r','55a5559574509','KEN 123R –  Respaldo chico, gas y contacto permanente\n','enabled',0,NULL,1436898709,1436898709,1,NULL,'product','',NULL),(310,'Silla PC 123','silla-pc-123','55a555c847a2a','PC 123 – Respaldo chico, gas y ovalina \n','enabled',0,NULL,1436898760,1436898760,1,NULL,'product','',NULL),(311,'Silla PC 123 R','silla-pc-123-r','55a555f69fce9','PC 123R – Respaldo chico, gas y  contacto permanente \n','enabled',0,NULL,1436898806,1436898806,1,NULL,'product','',NULL),(312,'Silla Biro 223 R','silla-biro-223-r','55a556380c2c4','BIRO 223R – Respaldo Bajo, gas y contacto permanente\n','enabled',0,NULL,1436898872,1436898872,1,NULL,'product','',NULL),(313,'Silla Biro 323 R','silla-biro-323-r','55a55689d8cbf','BIRO 323R  – Respaldo Alta, gas y contacto permanente\n','enabled',0,NULL,1436898953,1436898953,1,NULL,'product','',NULL),(314,'Silla Duck 323 R','silla-duck-323-r','55a556e331dcd','DUCK 323 R – Respaldo Alto, gas y contacto permanente\n','enabled',0,NULL,1436899043,1436899043,1,NULL,'product','',NULL),(315,'Silla Bug 223R','silla-bug-223r','55a55b9b6ca0b','BUG 223R Respaldo Bajo, gas y contacto permanente','enabled',0,NULL,1436900251,1436900251,1,NULL,'product','',NULL),(316,'Silla Bug 323 R','silla-bug-323-r','55a55be6de95c','BUG Respaldo Alto, gas y contacto permanente\n','enabled',0,NULL,1436900326,1436900326,1,NULL,'product','',NULL),(317,'Silla Star 223 R','silla-star-223-r','55a55c1793a2e','STAR Respaldo Bajo, gas y contacto permanente\n','enabled',0,NULL,1436900375,1436900375,1,NULL,'product','',NULL),(318,'Silla Star 323 R','silla-star-323-r','55a55c517debe','STAR Respaldo Alto, gas y contacto permanente\n','enabled',0,NULL,1436900433,1436900433,1,NULL,'product','',NULL),(319,'Silla Bill 223 R','silla-bill-223-r','55a55c853911e','BILL Respaldo Bajo, gas y contacto permanente\n','enabled',0,NULL,1436900485,1436900485,1,NULL,'product','',NULL),(320,'Silla Bill 323 R','silla-bill-323-r','55a55cb6c913e','BILL Respaldo Alto, gas y contacto permanente\n','enabled',0,NULL,1436900534,1436900534,1,NULL,'product','',NULL),(321,'Silla Freda 223 R','silla-freda-223-r','55a55d102c18d','FREDA  223R – Respaldo Bajo, gas y contacto permanente\n','enabled',0,NULL,1436900624,1436900624,1,NULL,'product','',NULL),(322,'Silla Freda 323 R','silla-freda-323-r','55a55d4459260','FREDA 323R  – Respaldo Alto, gas y contacto permanente\n','enabled',0,NULL,1436900676,1436900676,1,NULL,'product','',NULL),(323,'Silla Freda S','silla-freda-s','55a55d69aac95','FREDA S - Respaldo Alto, gas y Syncron\n','enabled',0,NULL,1436900713,1436900713,1,NULL,'product','',NULL),(324,'Silla Godiva 223 R','silla-godiva-223-r','55a55de1bc50d','GODIVA 223R - Respaldo Bajo, gas y contacto permanente \n','enabled',0,NULL,1436900833,1436900833,1,NULL,'product','',NULL),(325,'Silla Godiva 323 R','silla-godiva-323-r','55a55e1a71ca5','GODIVA 323R - Respaldo Alto, gas y contacto permanente ','enabled',0,NULL,1436900890,1436900890,1,NULL,'product','',NULL),(326,'Silla Godiva 223 U','silla-godiva-223-u','55a55eb4dcf7b','GODIVA 223U - Respaldo Bajo, gas y contacto permanente c/Up Down\n','enabled',0,NULL,1436901044,1436901044,1,NULL,'product','',NULL),(327,'Silla Godiva 323 U','silla-godiva-323-u','55a55effdfc0e','GODIVA 323U - Respaldo Alto, gas y contacto permamente c/Up Down\n','enabled',0,NULL,1436901119,1436901119,1,NULL,'product','',NULL),(328,'Silla Godiva 200 RVP','silla-godiva-200-rvp','55a55f5e7d5d1','GODIVA 200RVP - Respaldo Bajo, cont. permanente, visitor (caño) pintado\n','enabled',0,NULL,1436901214,1436901214,1,NULL,'product','',NULL),(329,'Silla Godiva 200 RVC','silla-godiva-200-rvc','55a55f9192e2a','GODIVA 200RVC- Respaldo Bajo, cont. permanente, visitor (caño) cromado\n','enabled',0,NULL,1436901265,1436901265,1,NULL,'product','',NULL),(330,'Silla Godiva 300 RVP','silla-godiva-300-rvp','55a55fc95dd00','GODIVA 300RVP- Respaldo Alto, cont. permanente, visitor (caño) pintado\n','enabled',0,NULL,1436901321,1436901321,1,NULL,'product','',NULL),(331,'Silla Godiva 300 RVC','silla-godiva-300-rvc','55a5607bc6b32','GODIVA 300RVC- Respaldo Alto, cont. permanente, visitor (caño) cromado\n','enabled',0,NULL,1436901499,1436901499,1,NULL,'product','',NULL),(332,'Silla Flash 223 Flexor','silla-flash-223-flexor','55a569d8ed2cb','FLASH - Respaldo de red Medio, con mecanismo flexor\n','enabled',0,NULL,1436903896,1436903896,1,NULL,'product','',NULL),(333,'Silla Flash 223 Syncron','silla-flash-223-syncron','55a56a0cc08de','FLASH - Respaldo de red Medio, con mecanismo Syncron\n','enabled',0,NULL,1436903948,1436903948,1,NULL,'product','',NULL),(334,'Silla Flash visitor Negra','silla-flash-visitor-negra','55a5741c5fca9','FLASH - Respaldo de red Medio, con base visitor negra\n','enabled',0,NULL,1436906524,1436906524,1,NULL,'product','',NULL),(335,'Escritorio sin faldon 160x80x75','escritorio-sin-faldon-160x80x75','55a57432d0f0f','','',0,NULL,1436906546,1436906546,1,NULL,'product','8.4.CN.ES.01',NULL),(336,'Escritorio sin faldon 180x80x75','escritorio-sin-faldon-180x80x75','55a57433059d7','','',0,NULL,1436906547,1436906547,1,NULL,'product','8.4.CN.ES.02',NULL),(337,'Escritorio sin faldon 200x80x75','escritorio-sin-faldon-200x80x75','55a5743324379','','',0,NULL,1436906547,1436906547,1,NULL,'product','8.4.CN.ES.03',NULL),(338,'Faldon para Escritorio 160 110x18x30','faldon-para-escritorio-160-110x18x30','55a5743344e68','','',0,NULL,1436906547,1436906547,1,NULL,'product','8.4.CN.FA.01',NULL),(339,'Faldon para Escritorio 180 130x18x30','faldon-para-escritorio-180-130x18x30','55a574336381a','','',0,NULL,1436906547,1436906547,1,NULL,'product','8.4.CN.FA.02',NULL),(340,'Faldon para Escritorio 200 150x18x30','faldon-para-escritorio-200-150x18x30','55a57433842c1','','',0,NULL,1436906547,1436906547,1,NULL,'product','8.4.CN.FA.03',NULL),(341,'Extension c/2 Columnas Der 100x55x75','extension-c2-columnas-der-100x55x75','55a57433aae70','','',0,NULL,1436906547,1436906547,1,NULL,'product','8.4.CN.EX.01D',NULL),(342,'Extension c/2 Columnas Izq 100x55x75','extension-c2-columnas-izq-100x55x75','55a57433cb8fb','','',0,NULL,1436906547,1436906547,1,NULL,'product','8.4.CN.EX.01Z',NULL),(343,'Extension c/Caj Ped 3 Caj+Top Der 100x55x75','extension-ccaj-ped-3-cajtop-der-100x55x75','55a57433ee6b1','','',0,NULL,1436906547,1436906547,1,NULL,'product','8.4.CN.EX.02D',NULL),(344,'Extension c/Caj Ped 3 Caj+Top Izq 100x55x75','extension-ccaj-ped-3-cajtop-izq-100x55x75','55a574341ad5f','','',0,NULL,1436906548,1436906548,1,NULL,'product','8.4.CN.EX.02Z',NULL),(345,'Extension  c/Caj Ped 1 Caj+Arch+Top Der 100x55x75','extension-ccaj-ped-1-cajarchtop-der-100x55x75','55a574343f9d4','','',0,NULL,1436906548,1436906548,1,NULL,'product','8.4.CN.EX.03D',NULL),(346,'Extension c/Caj Ped 1 Caj+Arch+Top Izq 100x55x75','extension-ccaj-ped-1-cajarchtop-izq-100x55x75','55a5743460314','','',0,NULL,1436906548,1436906548,1,NULL,'product','8.4.CN.EX.03Z',NULL),(347,'Extension de Vidrio Recta c/Columnas 100x55x75','extension-de-vidrio-recta-ccolumnas-100x55x75','55a5743480d95','','',0,NULL,1436906548,1436906548,1,NULL,'product','8.4.CN.EX.04',NULL),(348,'Extension de Vidrio Recta c/3 Cajones 100x55x75','extension-de-vidrio-recta-c3-cajones-100x55x75','55a57434a1849','','',0,NULL,1436906548,1436906548,1,NULL,'product','8.4.CN.EX.05',NULL),(349,'Extension de Vidrio Recta c/Cajonera 1 Caj+Arch 100x55x75','extension-de-vidrio-recta-ccajonera-1-cajarch-100x55x75','55a57434c4327','','',0,NULL,1436906548,1436906548,1,NULL,'product','8.4.CN.EX.06',NULL),(350,'Tapa pasacable c/piston ALUMINO 30x13cm','tapa-pasacable-cpiston-alumino-30x13cm','55a57434df230','','',0,NULL,1436906548,1437001750,1,NULL,'product','8.1.CO.AC.09',NULL),(351,'Cajonera rodante 3 caj  45x46x62','cajonera-rodante-3-caj-45x46x62','55a5743507900','','',0,NULL,1436906549,1436906549,1,NULL,'product','8.4.CN.CJ.01',NULL),(352,'Cajonera rodante 1 caj+arch CON FONDO 45x46x62','cajonera-rodante-1-cajarch-con-fondo-45x46x62','55a5743528497','','',0,NULL,1436906549,1436906549,1,NULL,'product','8.4.CN.CJ.02',NULL),(393,'Silla Flash visitor Cromada','silla-flash-visitor-cromada','55a5744dc7de4','FLASH - Respaldo de red Medio, con base visitor cromada\n','enabled',0,NULL,1436906573,1436908157,1,NULL,'product','',NULL),(394,'Silla Flash 323 flexor','silla-flash-323-flexor','55a57494ea64a','FLASH - Respaldo de red Alto, con mecanismo flexor\n','enabled',0,NULL,1436906644,1436908136,1,NULL,'product','',NULL),(395,'Silla Flexor 323 Syncron','silla-flexor-323-syncron','55a574d9d054e','FLASH - Respaldo de red Alto, con mecanismo Syncron\n','enabled',0,NULL,1436906713,1436908076,1,NULL,'product','',NULL),(396,'Silla Reflex Flexor','silla-reflex-flexor','55a57640cd589','REFLEX - Respaldo de red Estandar, con mecanismo flexor\n','enabled',0,NULL,1436906995,1436908053,1,NULL,'product','',NULL),(397,'Silla Reflex Syncron','silla-reflex-syncron','55a57701e8ab1','REFLEX - Respaldo de red Estandar, con mecanismo Syncron\n','enabled',0,NULL,1436907265,1436908034,1,NULL,'product','',NULL),(398,'Silla Reflex vistor negro','silla-reflex-vistor-negro','55a5773f11e88','REFLEX - Respaldo de red Estandar, con base visitor negra\n','enabled',0,NULL,1436907327,1436908270,1,NULL,'product','',NULL),(399,'Silla Reflex visitor Cromada','silla-reflex-visitor-cromada','55a577817c236','REFLEX - Respaldo de red Estandar, con base visitor cromada\n','enabled',0,NULL,1436907393,1436908001,1,NULL,'product','',NULL),(400,'Silla Passion Net c/p','silla-passion-net-cp','55a57b586327c','PASSION-NET - Respaldo de red, con contacto permanente\n','enabled',0,NULL,1436908376,1436908376,1,NULL,'product','',NULL),(401,'Silla Passion Net Syncron','silla-passion-net-syncron','55a57b93b81a6','PASSION-NET - Respaldo de red, con mecanismo Syncron\n','enabled',0,NULL,1436908435,1436908435,1,NULL,'product','',NULL),(402,'Silla Passion Net Visitor negra','silla-passion-net-visitor-negra','55a57bc4ee978','PASSION-NET - Respaldo de red, con base visitor negra\n','enabled',0,NULL,1436908484,1436908484,1,NULL,'product','',NULL),(403,'Silla Passion Net Visitor Cromada','silla-passion-net-visitor-cromada','55a57c0b9be2e','PASSION-NET - Respaldo de red, con base visitor cromada\n','enabled',0,NULL,1436908555,1436908555,1,NULL,'product','',NULL),(404,'Adicional cabezal Passion Net ','adicional-cabezal-passion-net','55a57c7a7df7f','Solo para la silla Passion Net, tapizado ','enabled',0,NULL,1436908666,1436908666,1,NULL,'product','',NULL),(405,'Silla Greta 4P Pintada','silla-greta-4p-pintada','55a57d8c5256e',' Silla Fija 4 patas pintada, respaldo plástico blanco o negro - asiento tapizado \n','enabled',0,NULL,1436908940,1436908940,1,NULL,'product','',NULL),(406,'Silla Greta 4P Cromada','silla-greta-4p-cromada','55a57dd2e73a6',' Silla Fija 4 patas cromada, respaldo plástico blanco o negro - asiento tapizado ','enabled',0,NULL,1436909010,1436909010,1,NULL,'product','',NULL),(407,'Silla Greta GN','silla-greta-gn','55a57e822264e','GNGR Silla regulación neumática, sin brazos, estrella inyectada\n','enabled',0,NULL,1436909186,1436909186,1,NULL,'product','',NULL),(408,'Silla Greta GN Flexor','silla-greta-gn-flexor','55a57f1127020','GNFGR Silla regulación neumática con flexor, estrella inyectada, sin brazos \n\n','enabled',0,NULL,1436909329,1436909329,1,NULL,'product','',NULL),(409,'Taburete Greta Pintada','taburete-greta-pintada','55a58174b45c0','Banqueta alta, estructura pintada, respaldo inyectado blanco o negro, asiento tapizado ','enabled',0,NULL,1436909940,1436909940,1,NULL,'product','',NULL),(410,'Taburete Greta Cromado','taburete-greta-cromado','55a581cf6cca3','Banqueta alta, estructura cromado , respaldo inyectado blanco o negro, asiento tapizado ','enabled',0,NULL,1436910031,1436910031,1,NULL,'product','',NULL),(411,'Silla Greta Visitor pintada','silla-greta-visitor-pintada','55a5824663f24','VPGR Silla base visitor pintada, base trineo\n','enabled',0,NULL,1436910150,1436910150,1,NULL,'product','',NULL),(412,'Silla Greta Visitor Cromada','silla-greta-visitor-cromada','55a587a94a9f4','VCGR Silla base visitor cromada; base trineo \n','enabled',0,NULL,1436911529,1436911529,1,NULL,'product','',NULL),(413,'Adicional por cambio a base cromada A','adicional-por-cambio-a-base-cromada-a','55a589827cf5b','Para todo silla giratoria de (alubase)','enabled',0,NULL,1436912002,1436912002,1,NULL,'product','',NULL),(414,'Silla Venecia Gir Flexor','silla-venecia-gir-flexor','55a58b313e26a','VENECIA Reg. Altura Neumática - Mec. Flexor, estrella inyectada\nEsta linea se tapiza con espuma inyectada de alta densidad.','enabled',0,NULL,1436912433,1436967459,1,NULL,'product','',NULL),(415,'Silla Venecia Gir Flexor C','silla-venecia-gir-flexor-c','55a58b6902802','VENECIA Reg. Altura Neumática - Mec. Flexor - Estrella Cromada \nEsta linea se tapiza con espuma inyectada de alta densidad.','enabled',0,NULL,1436912489,1436967425,1,NULL,'product','',NULL),(454,'Silla Venecia Visitor pintada','silla-venecia-visitor-pintada','55a661eb7ff76','VENECIA Visitor Base Pintada - Respaldo Fijo\nEsta linea se tapiza con espuma inyectada de alta densidad.\n','enabled',0,NULL,1436967403,1436967403,1,NULL,'product','',NULL),(455,'Silla Venecia Visitor cromada','silla-venecia-visitor-cromada','55a6626c8f454','VENECIA Visitor Base Cromada - Respaldo Fijo\nEsta linea se tapiza con espuma inyectada de alta densidad.','enabled',0,NULL,1436967532,1436967532,1,NULL,'product','',NULL),(456,'Apoya brazos Golf A','apoya-brazos-golf-a','55a662f92274b','Inyectado plástico (juego)','enabled',0,NULL,1436967673,1436967673,1,NULL,'product','',NULL),(457,'Apoya brazos Polo','apoya-brazos-polo','55a663592d0f6','Inyectado plastico. (juego)','enabled',0,NULL,1436967769,1436967769,1,NULL,'product','',NULL),(458,'Apoya brazos Alfa Pintado','apoya-brazos-alfa-pintado','55a663ad5cf11','Metálico pintado negro con terminación inyectada','enabled',0,NULL,1436967853,1436967853,1,NULL,'product','',NULL),(459,'Apoya brazos Alfa Cromo','apoya-brazos-alfa-cromo','55a66834b36f8','Metálico cromado, con terminaciones en plástico inyectado','enabled',0,NULL,1436969012,1436971915,1,NULL,'product','',NULL),(460,'Apoya brazos Biro','apoya-brazos-biro','55a673d8c6e97','Inyectado plástico (juego)','enabled',0,NULL,1436971992,1436971992,1,NULL,'product','',NULL),(461,'Apoya brazos Godi regulable','apoya-brazos-godi-regulable','55a6743ddb22f','Metálico cromado, regulable con terminación inyectada','enabled',0,NULL,1436972093,1436972093,1,NULL,'product','',NULL),(462,'Apoya brazos greta Pintado','apoya-brazos-greta-pintado','55a675252337b','Metálico pintado con terminación inyectada plástica.','enabled',0,NULL,1436972325,1436972325,1,NULL,'product','',NULL),(463,'Apoya brazos greta cromados','apoya-brazos-greta-cromados','55a675a3d8014','Metálicos cromado, con terminación inyectadas','enabled',0,NULL,1436972451,1436972469,1,NULL,'product','',NULL),(464,'Silla Isósceles fija 4p','silla-isosceles-fija-4p','55a678ebef05f','Estructura metálica pintada, fija 4 patas, asiento y respaldo tapizado (ídem AP 40)','enabled',0,NULL,1436973291,1436992424,1,NULL,'product','',NULL),(465,'Silla Isósceles fija 4p C/b','silla-isosceles-fija-4p-cb','55a6793c56ccf','Estructura metálica pintada con brazos , fija 4 patas, asiento y respaldo tapizado (ídem AP 50)','enabled',0,NULL,1436973372,1436992459,1,NULL,'product','',NULL),(500,'Silla Isosceles giratoria s/b','silla-isosceles-giratoria-sb','55a6c38476425','Giratoria, regulación de altura, sin brazos','enabled',0,NULL,1436992388,1436995828,1,NULL,'product','',NULL),(501,'Silla Novaiso fija 4 patas','silla-novaiso-fija-4-patas','55a6c4883bb5c','Estructura metálica pintada, asiento y respaldo inyectado (colores varios)','enabled',0,NULL,1436992648,1436995857,1,NULL,'product','',NULL),(502,'Silla Novaiso giratoria','silla-novaiso-giratoria','55a6c4d61bba3','Giratoria, regulación de altura, sin brazos, asiento y respaldo inyectado (colores varios)','enabled',0,NULL,1436992726,1436995883,1,NULL,'product','',NULL),(503,'Silla Libera fija 4 patas N','silla-libera-fija-4-patas-n','55a6c57da7f7c','Estructura pintada negra, asiento y respaldo inyectado (colores varios) fija 4 patas.','enabled',0,NULL,1436992893,1436995905,1,NULL,'product','',NULL),(504,'Silla Libera fija 4 patas G','silla-libera-fija-4-patas-g','55a6c5a5577ff','Estructura pintada Gris, asiento y respaldo inyectado (colores varios) fija 4 patas.','enabled',0,NULL,1436992933,1436995956,1,NULL,'product','',NULL),(505,'Silla Libera base trineo pintada','silla-libera-base-trineo-pintada','55a6c61ba1543','Estructura de hierro pintado, asiento y respaldo inyectado (colores varios) ','enabled',0,NULL,1436993051,1436995941,1,NULL,'product','',NULL),(506,'Silla Libera base trineo cromo','silla-libera-base-trineo-cromo','55a6c648c1761','Estructura de hierro cromada, asiento y respaldo inyectado (colores varios) ','enabled',0,NULL,1436993096,1436995970,1,NULL,'product','',NULL),(507,'Silla Libera Giratoria N','silla-libera-giratoria-n','55a6c6ccf1fd8','Giratoria, sin brazos, estrella inyectada negra, asiento y respaldo inyectado (varios colores) regulación de altura','enabled',0,NULL,1436993228,1436995926,1,NULL,'product','',NULL),(508,'Silla Libera Giratoria G','silla-libera-giratoria-g','55a6c6ffa6294','Giratoria, sin brazos, estrella inyectada gris, asiento y respaldo inyectado (varios colores) regulación de altura','enabled',0,NULL,1436993279,1436995795,1,NULL,'product','',NULL),(509,'Adicional Libera Asiento tapizado','adicional-libera-asiento-tapizado','55a6cf4d8c374','Adicional solo para silla libera (solo el asiento tapizado) respaldo inyectado','enabled',0,NULL,1436995405,1436995405,1,NULL,'product','',NULL),(510,'Adicional Libera Asiento y Respaldo tapizado','adicional-libera-asiento-y-respaldo-tapizado','55a6cf896b89d','Adicional solo para silla libera asiento y respaldo tapizado ','enabled',0,NULL,1436995465,1436995465,1,NULL,'product','',NULL),(511,'Apoya brazos Iso N','apoya-brazos-iso-n','55a6cfe21abe3','Para silla isoceles, fijas o giratorias (juego) color negro inyectado ','enabled',0,NULL,1436995554,1436995794,1,NULL,'product','',NULL),(512,'Apoya brazos Novaiso N','apoya-brazos-novaiso-n','55a6d00d917a6','Para silla novaiso, fijas o giratorias (juego) color negro inyectado ','enabled',0,NULL,1436995597,1436995772,1,NULL,'product','',NULL),(513,'Apoya brazos Libera N','apoya-brazos-libera-n','55a6d03031ab3','Para silla Libera, fijas o giratorias (juego) color negro inyectado ','enabled',0,NULL,1436995632,1436995758,1,NULL,'product','',NULL),(514,'Apoya brazos Iso G','apoya-brazos-iso-g','55a6d1131dd05','Para silla isoceles, fijas o giratorias (juego) color gris inyectado ','enabled',0,NULL,1436995859,1436995859,1,NULL,'product','',NULL),(515,'Apoya brazos Novaiso G','apoya-brazos-novaiso-g','55a6d132c6011','Para silla isoceles, fijas o giratorias (juego) color gris inyectado ','enabled',0,NULL,1436995890,1436995890,1,NULL,'product','',NULL),(516,'Apoya brazos Libera G','apoya-brazos-libera-g','55a6d17c41fdf','Para silla isoceles, fijas o giratorias (juego) color gris inyectado ','enabled',0,NULL,1436995964,1436995964,1,NULL,'product','',NULL),(517,'Adicional Kit pupitre','adicional-kit-pupitre','55a6d1fe421ae','kit pupitre para sillas Novaiso- isoceles - libera\n','enabled',0,NULL,1436996094,1436996094,1,NULL,'product','',NULL),(518,'Adicional porta útiles ','adicional-porta-utiles','55a6d249a114c','Porta útiles, para sillas novaiso, isoceles, libera ','enabled',0,NULL,1436996169,1436996169,1,NULL,'product','',NULL),(770,'Silla 870/850 Fija 4 patas ','silla-870850-fija-4-patas','55a8008d0cebf','Fija 4 patas, estructura pintada, sin brazos, asiento y respaldo tapizado ','enabled',0,NULL,1437073549,1437073549,1,NULL,'product','',NULL),(771,'Perchero FC 3 ganchos dobles','perchero-fc-3-ganchos-dobles','55a805b7223ed','Metalico pintado, con 3 ganchos dobles ','enabled',-164,NULL,1437074871,1437426460,1,NULL,'product','',NULL),(901,'Armario metálico de 1.80 x 0.90 x 0.45 c/estantes ','armario-metalico-de-180-x-090-x-045-cestantes','55acf5f99a5ba','Armario metálico de 1.80 x 0.90 x 0.45 c/puertas batientes\ncon 3 estantes regulables  ','enabled',-100,NULL,1437398521,1437398521,1,NULL,'product','',NULL),(902,'Armario metálico de 1.80 x 0.90 x 0.45 24 casilleros','armario-metalico-de-180-x-090-x-045-24-casilleros','55acf64dc1c1f','Armario metalico de 1.80 x 0.90 x 0.45 con puertas batiente \ncon 24 casilleros ','enabled',0,NULL,1437398605,1437398605,1,NULL,'product','',NULL),(903,'Armario metálico de 1.80 x 0.90 x 0.45 12 casilleros','armario-metalico-de-180-x-090-x-045-12-casilleros','55acf6f5d13fc','Armario metalico de 1.80 x 0.90 x 0.45 con puertas batiente \ncon 12 casilleros ','enabled',0,NULL,1437398773,1437398773,1,NULL,'product','',NULL),(904,'Adicional estante metálico de armario ','adicional-estante-metalico-de-armario','55acfb44dd2d8','Estante para armario metálico de 1.80 x 0.90 x 0.45\nEstante para armario metálico de 1.80 x 0.50 x 0.45\n','enabled',-16,NULL,1437399876,1437399876,1,NULL,'product','',NULL),(905,'Adicional Tesoro metálico ','adicional-tesoro-metalico','55acfba66979b','Tesoro metálico para armario con estante y cofre con cerradura\nTesoro metálico para biblioteca con estante y cofre con cerradura','enabled',0,NULL,1437399974,1437399974,1,NULL,'product','',NULL),(906,'Armario metálico de 1.80 x 0.50 x 0.45 c/estantes ','armario-metalico-de-180-x-050-x-045-cestantes','55acfc90595fe','Armario metálico de 1.80 x 0.50 x 0.45 con 3 estante\ncon 1 puerta batiente y cerradura','enabled',-7,NULL,1437400208,1437400208,1,NULL,'product','',NULL),(920,'Biblioteca metálica de 1.80 x 1.50 x 0.45 c/estante ','biblioteca-metalica-de-180-x-150-x-045-cestante','55ad413878c3c','Biblioteca de 1.80 x 1.50 x 0.45 con 6 estantes \nPuertas corredizas y cerradura','enabled',-21,NULL,1437417784,1437417784,1,NULL,'product','',NULL),(921,'Adicional estante metálico de biblioteca','adicional-estante-metalico-de-biblioteca','55ad41cd495b4','Estantes metálico para biblioteca ','enabled',0,NULL,1437417933,1437417933,1,NULL,'product','',NULL),(922,'Guardarropa metálico de 4 puertas cortas 1.85 x 0.53 x 0.52 ','guardarropa-metalico-de-4-puertas-cortas-185-x-053-x-052','','Guardarropa de 4 puertas cortas con patas sanitarias, puerta de 0.22 x 0.83 con dispositivo porta candado ','enabled',-36,NULL,1437418084,1437418084,1,NULL,'product','',NULL),(923,'Guardarropa metálico de 6 puertas cortas 1.85 x 0.78 x 0.52 ','guardarropa-metalico-de-6-puertas-cortas-185-x-078-x-052','55ad429e5e77d','Guardarropa de 6 puertas cortas con patas sanitarias, puerta de 0.22 x 0.83 con dispositivo porta candado ','enabled',-10,NULL,1437418142,1437418142,1,NULL,'product','',NULL),(924,'Guardarropa metálico de 8 puertas cortas 1.85 x 1.03 x 0.52 ','guardarropa-metalico-de-8-puertas-cortas-185-x-103-x-052','55ad42de8279c','Guardarropa de 8 puertas cortas con patas sanitarias, puerta de 0.22 x 0.83 con dispositivo porta candado ','enabled',-2,NULL,1437418206,1437418206,1,NULL,'product','',NULL),(925,'Guardarropa metálico de 10 puertas cortas 1.85 x 1.28 x 0.52 ','guardarropa-metalico-de-10-puertas-cortas-185-x-128-x-052','55ad431d460cb','Guardarropa de 10 puertas cortas con patas sanitarias, puerta de 0.22 x 0.83 con dispositivo porta candado ','enabled',0,NULL,1437418269,1437418269,1,NULL,'product','',NULL),(926,'Guardarropa metálico de 12 puertas cortas 1.85 x 1.54 x 0.52 ','guardarropa-metalico-de-12-puertas-cortas-185-x-154-x-052','55ad43533ad9e','Guardarropa de 12 puertas cortas con patas sanitarias, puerta de 0.22 x 0.83 con dispositivo porta candado ','enabled',-22,NULL,1437418323,1437418323,1,NULL,'product','',NULL),(927,'Adicional por cerradura para guardarropa o guarda bolsos','adicional-por-cerradura-para-guardarropa-o-guarda-bolsos','55ad43b7f310b','El precio es por puerta que tenga el guardarropa o guarda bolsos','enabled',-60,NULL,1437418423,1437422774,1,NULL,'product','',NULL),(928,'Guardarropa metálico de 2 puertas larga 1.85 x 0.53 x 0.52 ','guardarropa-metalico-de-2-puertas-larga-185-x-053-x-052','55ad44a5143cd','Guardarropa de 2 puertas larga con patas sanitarias, puerta de 0.22 x 1.66 con dispositivo porta candado ','enabled',0,NULL,1437418661,1437418661,1,NULL,'product','',NULL),(929,'Guardarropa metálico de 3 puertas larga 1.85 x 0.78 x 0.52 ','guardarropa-metalico-de-3-puertas-larga-185-x-078-x-052','55ad44f297d89','Guardarropa de 3 puertas larga con patas sanitarias, puerta de 0.22 x 1.66 con dispositivo porta candado ','enabled',0,NULL,1437418738,1437418738,1,NULL,'product','',NULL),(930,'Guardarropa metálico de 4 puertas larga 1.85 x 1.03 x 0.52 ','guardarropa-metalico-de-4-puertas-larga-185-x-103-x-052','55ad452911aab','Guardarropa de 4 puertas larga con patas sanitarias, puerta de 0.22 x 1.66 con dispositivo porta candado ','enabled',0,NULL,1437418793,1437418793,1,NULL,'product','',NULL),(931,'Guardarropa metálico de 5 puertas larga 1.85 x 1.28 x 0.52 ','guardarropa-metalico-de-5-puertas-larga-185-x-128-x-052','55ad45e56e011','Guardarropa de 5 puertas larga con patas sanitarias, puerta de 0.22 x 1.66 con dispositivo porta candado ','enabled',0,NULL,1437418981,1437418981,1,NULL,'product','',NULL),(932,'Guardarropa metálico de 6 puertas larga 1.85 x 1.54 x 0.52 ','guardarropa-metalico-de-6-puertas-larga-185-x-154-x-052','55ad461e668d6','Guardarropa de 6 puertas larga con patas sanitarias, puerta de 0.22 x 1.66 con dispositivo porta candado ','enabled',0,NULL,1437419038,1437419038,1,NULL,'product','',NULL),(933,'adicional por embalaje ','adicional-por-embalaje','55ad4a262f740','','enabled',-57,NULL,1437420070,1437420070,1,NULL,'product','',NULL),(934,'Archivo metálico de 4 cajones de 1.34 x 0.46 x 0.60 ','archivo-metalico-de-4-cajones-de-134-x-046-x-060','55ad4abb871b1','Con guías comunes 4 rulemanes por cajón ','enabled',-31,NULL,1437420219,1437420360,1,NULL,'product','',NULL),(935,'Archivo de 4 cajones de 1.34 x 0.46 x 0.70 telescopicas ','archivo-de-4-cajones-de-134-x-046-x-070-telescopicas','55ad4b2fe1ff7','8 rulemanes por cajón, con guías telescópicas  ','enabled',-63,NULL,1437420335,1437420629,1,NULL,'product','',NULL),(936,'Guarda bolsos metalico 8 puertas 1.85 x 0.53 x 0.52  ','guarda-bolsos-metalico-8-puertas-185-x-053-x-052','55ad5553d39af','Guarda bolsos de 8 puertas chicas 0.41 x 0.22 con dispositivo porta candado \nopción cerradura recargo ','enabled',-8,NULL,1437422502,1437422931,1,NULL,'product','',NULL),(937,'Guarda bolsos metálico 12 puertas 1.85 x 0.78 x 0.52  ','guarda-bolsos-metalico-12-puertas-185-x-078-x-052','55ad53cf97285','Guarda bolsos de 12 puertas chicas 0.41 x 0.22 con dispositivo porta candado \nopción cerradura recargo ','enabled',-7,NULL,1437422543,1437422810,1,NULL,'product','',NULL),(938,'Guarda bolsos metálico 16 puertas 1.85 x 1.03 x 0.52  ','guarda-bolsos-metalico-16-puertas-185-x-103-x-052','55ad53ff93893','Guarda bolsos de 16 puertas chicas 0.41 x 0.22 con dispositivo porta candado \nopción cerradura recargo ','enabled',0,NULL,1437422591,1437422591,1,NULL,'product','',NULL),(939,'Guarda bolsos metálico 20 puertas 1.85 x 1.28 x 0.52  ','guarda-bolsos-metalico-20-puertas-185-x-128-x-052','55ad542d80561','Guarda bolsos de 20 puertas chicas 0.41 x 0.22 con dispositivo porta candado \nopción cerradura recargo ','enabled',-11,NULL,1437422637,1437422659,1,NULL,'product','',NULL),(940,'Guarda bolsos metálico 24 puertas 1.85 x 1.54 x 0.52  ','guarda-bolsos-metalico-24-puertas-185-x-154-x-052','55ad546dabe14','Guarda bolsos de 8 puertas chicas 0.41 x 0.22 con dispositivo porta candado \nopción cerradura recargo ','enabled',0,NULL,1437422701,1437422701,1,NULL,'product','',NULL),(944,'Adicional flete','adicional-flete','55afbb28511b7','Clientes que abonan flete','enabled',-8,NULL,1437580072,1437580072,1,NULL,'product','',NULL);
/*!40000 ALTER TABLE `product` ENABLE KEYS */;
UNLOCK TABLES;

--
-- Table structure for table `product_discount`
--

DROP TABLE IF EXISTS `product_discount`;
/*!40101 SET @saved_cs_client     = @@character_set_client */;
/*!40101 SET character_set_client = utf8 */;
CREATE TABLE `product_discount` (
  `product_discount_id` int(11) NOT NULL AUTO_INCREMENT,
  `qty` float DEFAULT NULL,
  `date` date DEFAULT NULL,
  `time` time DEFAULT NULL,
  `timestamp` int(11) DEFAULT NULL,
  `exp_date` date DEFAULT NULL,
  `exp_time` time DEFAULT NULL,
  `exp_timestamp` int(11) DEFAULT NULL,
  `description` varchar(255) DEFAULT NULL,
  `product_id` int(11) NOT NULL,
  `discount_event_id` int(11) DEFAULT NULL,
  `status` enum('enabled','disabled','soldout') DEFAULT NULL,
  `limit` float DEFAULT NULL,
  PRIMARY KEY (`product_discount_id`),
  KEY `fk_product_discount_product1_idx` (`product_id`),
  KEY `fk_product_discount_discount_event1_idx` (`discount_event_id`),
  CONSTRAINT `fk_product_discount_discount_event1` FOREIGN KEY (`discount_event_id`) REFERENCES `discount_event` (`discount_event_id`) ON DELETE NO ACTION ON UPDATE NO ACTION,
  CONSTRAINT `fk_product_discount_product1` FOREIGN KEY (`product_id`) REFERENCES `product` (`product_id`) ON DELETE NO ACTION ON UPDATE NO ACTION
) ENGINE=InnoDB DEFAULT CHARSET=utf8;
/*!40101 SET character_set_client = @saved_cs_client */;

--
-- Dumping data for table `product_discount`
--

LOCK TABLES `product_discount` WRITE;
/*!40000 ALTER TABLE `product_discount` DISABLE KEYS */;
/*!40000 ALTER TABLE `product_discount` ENABLE KEYS */;
UNLOCK TABLES;

--
-- Table structure for table `product_has_category`
--

DROP TABLE IF EXISTS `product_has_category`;
/*!40101 SET @saved_cs_client     = @@character_set_client */;
/*!40101 SET character_set_client = utf8 */;
CREATE TABLE `product_has_category` (
  `product_id` int(11) NOT NULL,
  `category_id` int(11) NOT NULL,
  `order` int(11) DEFAULT NULL,
  PRIMARY KEY (`product_id`,`category_id`),
  KEY `fk_product_has_category_category1_idx` (`category_id`),
  KEY `fk_product_has_category_product_idx` (`product_id`),
  CONSTRAINT `fk_product_has_category_category1` FOREIGN KEY (`category_id`) REFERENCES `category` (`category_id`) ON DELETE NO ACTION ON UPDATE NO ACTION,
  CONSTRAINT `fk_product_has_category_product` FOREIGN KEY (`product_id`) REFERENCES `product` (`product_id`) ON DELETE NO ACTION ON UPDATE NO ACTION
) ENGINE=InnoDB DEFAULT CHARSET=utf8;
/*!40101 SET character_set_client = @saved_cs_client */;

--
-- Dumping data for table `product_has_category`
--

LOCK TABLES `product_has_category` WRITE;
/*!40000 ALTER TABLE `product_has_category` DISABLE KEYS */;
INSERT INTO `product_has_category` VALUES (1,1,0),(1,12,0),(2,1,0),(2,12,0),(3,1,0),(3,12,0),(5,1,0),(5,12,0),(6,1,0),(6,12,0),(7,1,0),(7,2,0),(8,1,0),(8,2,0),(9,1,0),(9,2,0),(10,1,0),(10,2,0),(11,1,0),(11,2,0),(12,1,0),(12,2,0),(13,1,0),(13,2,0),(14,1,0),(14,2,0),(15,1,0),(15,2,0),(16,1,0),(16,2,0),(17,1,0),(17,2,0),(18,1,0),(18,2,0),(19,1,0),(19,2,0),(20,1,0),(20,2,0),(21,1,0),(21,2,0),(22,1,0),(22,2,0),(23,1,0),(23,2,0),(24,1,0),(24,2,0),(25,1,0),(25,2,0),(26,1,0),(26,2,0),(27,1,0),(27,2,0),(28,1,0),(28,2,0),(29,1,0),(29,2,0),(30,1,0),(30,2,0),(31,1,0),(31,2,0),(32,1,0),(32,2,0),(33,1,0),(33,2,0),(34,1,0),(34,2,0),(35,1,0),(35,2,0),(36,1,0),(36,2,0),(37,1,0),(37,2,0),(38,1,0),(38,2,0),(39,1,0),(39,2,0),(40,1,0),(40,2,0),(41,1,0),(41,2,0),(42,1,0),(42,2,0),(43,1,0),(43,2,0),(44,1,0),(44,2,0),(45,1,0),(45,2,0),(46,1,0),(46,2,0),(47,1,0),(47,2,0),(48,1,0),(48,2,0),(49,1,0),(49,2,0),(50,1,0),(50,2,0),(51,1,0),(51,2,0),(52,1,0),(52,2,0),(53,1,0),(53,2,0),(54,1,0),(54,2,0),(55,1,0),(55,2,0),(56,1,0),(56,2,0),(57,1,0),(57,2,0),(58,1,0),(58,2,0),(59,1,0),(59,2,0),(60,1,0),(60,2,0),(61,1,0),(61,2,0),(62,1,0),(62,2,0),(63,1,0),(63,2,0),(64,1,0),(64,2,0),(65,1,0),(65,2,0),(66,1,0),(66,2,0),(67,1,0),(67,2,0),(68,1,0),(68,2,0),(69,1,0),(69,2,0),(70,1,0),(70,2,0),(71,1,0),(71,2,0),(72,1,0),(72,2,0),(73,1,0),(73,2,0),(74,1,0),(74,2,0),(75,1,0),(75,2,0),(76,1,0),(76,2,0),(77,1,0),(77,2,0),(78,1,0),(78,2,0),(79,1,0),(79,2,0),(80,1,0),(80,2,0),(81,1,0),(81,2,0),(82,1,0),(82,2,0),(83,1,0),(83,2,0),(84,1,0),(84,2,0),(85,1,0),(85,2,0),(86,1,0),(86,2,0),(87,1,0),(87,2,0),(88,1,0),(88,2,0),(89,1,0),(89,2,0),(90,1,0),(90,2,0),(91,1,0),(91,2,0),(92,1,0),(92,2,0),(93,1,0),(93,2,0),(94,1,0),(94,2,0),(95,1,0),(95,2,0),(96,1,0),(96,2,0),(97,1,0),(97,2,0),(98,1,0),(98,2,0),(99,1,0),(99,2,0),(100,1,0),(100,2,0),(101,1,0),(101,2,0),(102,1,0),(102,2,0),(103,1,0),(103,2,0),(104,1,0),(104,2,0),(105,1,0),(105,2,0),(106,1,0),(106,2,0),(107,1,0),(107,2,0),(108,1,0),(108,2,0),(109,1,0),(109,2,0),(110,1,0),(110,2,0),(111,1,0),(111,2,0),(112,1,0),(112,2,0),(113,1,0),(113,2,0),(114,1,0),(114,2,0),(115,1,0),(115,2,0),(116,1,0),(116,2,0),(117,1,0),(117,2,0),(118,1,0),(118,2,0),(119,1,0),(119,2,0),(120,1,0),(120,2,0),(121,1,0),(121,2,0),(122,1,0),(122,2,0),(123,1,0),(123,2,0),(124,1,0),(124,2,0),(125,1,0),(125,2,0),(126,1,0),(126,2,0),(127,1,0),(127,2,0),(128,1,0),(128,2,0),(129,1,0),(129,2,0),(130,1,0),(130,2,0),(131,1,0),(131,2,0),(132,1,0),(132,2,0),(133,1,0),(133,2,0),(134,1,0),(134,2,0),(135,1,0),(135,2,0),(136,1,0),(136,2,0),(137,1,0),(137,2,0),(138,1,0),(138,2,0),(139,1,0),(139,2,0),(140,1,0),(140,2,0),(141,1,0),(141,2,0),(142,1,0),(142,2,0),(143,1,0),(143,2,0),(144,1,0),(144,2,0),(145,1,0),(145,2,0),(146,1,0),(146,2,0),(147,1,0),(147,2,0),(148,1,0),(148,2,0),(149,1,0),(149,2,0),(150,1,0),(150,2,0),(151,1,0),(151,2,0),(152,1,0),(152,2,0),(153,1,0),(153,2,0),(154,1,0),(154,2,0),(155,1,0),(155,2,0),(156,1,0),(156,2,0),(157,1,0),(157,2,0),(158,1,0),(158,2,0),(159,1,0),(159,2,0),(160,1,0),(160,2,0),(161,1,0),(161,2,0),(162,1,0),(162,2,0),(163,1,0),(163,2,0),(164,1,0),(164,2,0),(165,1,0),(165,2,0),(166,1,0),(166,2,0),(167,1,0),(167,2,0),(168,1,0),(168,2,0),(169,1,0),(169,2,0),(170,1,0),(170,2,0),(171,1,0),(171,2,0),(172,1,0),(172,2,0),(173,1,0),(173,2,0),(174,1,0),(174,2,0),(175,1,0),(175,2,0),(176,1,0),(176,2,0),(177,1,0),(177,12,0),(178,1,0),(178,12,0),(179,1,0),(179,12,0),(180,1,0),(180,12,0),(181,1,0),(181,12,0),(182,1,0),(182,12,0),(183,1,0),(183,12,0),(184,1,0),(184,12,0),(185,1,0),(185,12,0),(186,1,0),(186,12,0),(187,1,0),(187,12,0),(188,1,0),(188,12,0),(189,1,0),(189,12,0),(190,1,0),(190,12,0),(191,1,0),(191,12,0),(192,1,0),(192,12,0),(193,1,0),(193,12,0),(194,1,0),(194,12,0),(195,1,0),(195,12,0),(196,1,0),(196,12,0),(197,1,0),(197,12,0),(198,1,0),(198,12,0),(199,1,0),(199,12,0),(200,1,0),(200,12,0),(201,1,0),(201,12,0),(202,1,0),(202,12,0),(203,1,0),(203,12,0),(204,1,0),(204,12,0),(205,8,0),(205,9,0),(206,8,0),(206,9,0),(207,8,0),(207,9,0),(208,8,0),(208,9,0),(209,8,0),(209,9,0),(210,8,0),(210,9,0),(211,8,0),(211,9,0),(212,8,0),(212,9,0),(213,8,0),(213,9,0),(214,8,0),(214,9,0),(215,8,0),(215,9,0),(216,8,0),(216,9,0),(217,8,0),(217,9,0),(218,8,0),(218,9,0),(219,8,0),(219,9,0),(220,8,0),(220,9,0),(221,8,0),(221,9,0),(222,8,0),(222,9,0),(223,8,0),(223,9,0),(224,8,0),(224,9,0),(225,8,0),(225,9,0),(226,8,0),(226,9,0),(227,8,0),(227,9,0),(228,8,0),(228,9,0),(229,8,0),(229,9,0),(230,8,0),(230,9,0),(231,8,0),(231,9,0),(232,8,0),(232,9,0),(233,8,0),(233,9,0),(234,8,0),(234,9,0),(235,8,0),(235,9,0),(236,8,0),(236,9,0),(237,8,0),(237,9,0),(238,8,0),(238,9,0),(239,8,0),(239,9,0),(240,8,0),(240,9,0),(241,8,0),(241,9,0),(242,8,0),(242,9,0),(243,8,0),(243,9,0),(244,8,0),(244,9,0),(245,8,0),(245,9,0),(246,8,0),(246,9,0),(247,8,0),(247,9,0),(248,8,0),(248,9,0),(249,8,0),(249,9,0),(250,8,0),(250,9,0),(251,8,0),(251,9,0),(252,8,0),(252,9,0),(253,8,0),(253,9,0),(254,8,0),(254,9,0),(255,8,0),(255,9,0),(256,8,0),(256,9,0),(257,8,0),(257,9,0),(258,8,0),(258,9,0),(259,8,0),(259,9,0),(260,8,0),(260,9,0),(261,8,0),(261,9,0),(263,8,0),(263,9,0),(264,8,0),(264,9,0),(265,8,0),(265,9,0),(266,8,0),(266,9,0),(267,8,0),(267,9,0),(268,8,0),(268,9,0),(269,8,0),(269,9,0),(270,8,0),(270,9,0),(271,8,0),(271,9,0),(272,8,0),(272,9,0),(273,8,0),(273,9,0),(274,8,0),(274,9,0),(275,8,0),(275,9,0),(276,8,0),(276,9,0),(277,8,0),(277,9,0),(278,8,0),(278,9,0),(279,6,0),(279,7,0),(280,6,0),(280,7,0),(281,6,0),(281,7,0),(282,6,0),(282,7,0),(283,6,0),(283,7,0),(284,6,0),(284,7,0),(285,6,0),(285,7,0),(286,6,0),(286,7,0),(287,6,0),(287,7,0),(288,6,0),(288,7,0),(289,6,0),(289,7,0),(290,6,0),(290,7,0),(291,6,0),(291,7,0),(292,6,0),(292,7,0),(293,6,0),(293,7,0),(294,6,0),(294,7,0),(296,6,0),(296,7,0),(297,6,0),(297,7,0),(298,6,0),(298,7,0),(299,6,0),(299,7,0),(300,6,0),(300,7,0),(301,6,0),(301,7,0),(302,6,0),(302,7,0),(303,6,0),(303,7,0),(304,6,0),(304,7,0),(305,6,0),(305,7,0),(306,6,0),(306,7,0),(307,6,0),(307,7,0),(308,6,0),(308,7,0),(309,6,0),(309,7,0),(310,6,0),(310,7,0),(311,6,0),(311,7,0),(312,6,0),(312,7,0),(313,6,0),(313,7,0),(314,6,0),(314,7,0),(315,6,0),(315,7,0),(316,6,0),(316,7,0),(317,6,0),(317,7,0),(318,6,0),(318,7,0),(319,6,0),(319,7,0),(320,6,0),(320,7,0),(321,6,0),(321,7,0),(322,6,0),(322,7,0),(323,6,0),(323,7,0),(324,6,0),(324,7,0),(325,6,0),(325,7,0),(326,6,0),(326,7,0),(327,6,0),(327,7,0),(328,6,0),(328,7,0),(329,6,0),(329,7,0),(330,6,0),(330,7,0),(331,6,0),(331,7,0),(332,6,0),(332,7,0),(333,6,0),(333,7,0),(334,6,0),(334,7,0),(393,6,0),(393,7,0),(394,6,0),(394,7,0),(395,6,0),(395,7,0),(396,6,0),(396,7,0),(397,6,0),(397,7,0),(398,6,0),(398,7,0),(399,6,0),(399,7,0),(400,6,0),(400,7,0),(401,6,0),(401,7,0),(402,6,0),(402,7,0),(403,6,0),(403,7,0),(404,6,0),(404,7,0),(405,6,0),(405,7,0),(406,6,0),(406,7,0),(407,6,0),(407,7,0),(408,6,0),(408,7,0),(409,6,0),(409,7,0),(410,6,0),(410,7,0),(411,6,0),(411,7,0),(412,6,0),(412,7,0),(413,6,0),(413,7,0),(414,6,0),(414,7,0),(415,6,0),(415,7,0),(454,6,0),(454,7,0),(455,6,0),(455,7,0),(456,6,0),(456,7,0),(457,6,0),(457,7,0),(458,6,0),(458,7,0),(459,6,0),(459,7,0),(460,6,0),(460,7,0),(461,6,0),(461,7,0),(462,6,0),(462,7,0),(463,6,0),(463,7,0),(464,6,0),(464,7,0),(465,6,0),(465,7,0),(500,6,0),(500,7,0),(501,6,0),(501,7,0),(502,6,0),(502,7,0),(503,6,0),(503,7,0),(504,6,0),(504,7,0),(505,6,0),(505,7,0),(506,6,0),(506,7,0),(507,6,0),(507,7,0),(508,6,0),(508,7,0),(509,6,0),(509,7,0),(510,6,0),(510,7,0),(511,6,0),(511,7,0),(512,6,0),(512,7,0),(513,6,0),(513,7,0),(514,6,0),(514,7,0),(515,6,0),(515,7,0),(516,6,0),(516,7,0),(517,6,0),(517,7,0),(518,6,0),(518,7,0),(770,6,0),(770,7,0),(771,10,0),(771,11,0),(901,10,0),(901,11,0),(902,10,0),(902,11,0),(903,10,0),(903,11,0),(904,10,0),(904,11,0),(905,10,0),(905,11,0),(906,10,0),(906,11,0),(920,10,0),(920,11,0),(921,10,0),(921,11,0),(922,10,0),(922,11,0),(923,10,0),(923,11,0),(924,10,0),(924,11,0),(925,10,0),(925,11,0),(926,10,0),(926,11,0),(927,10,0),(927,11,0),(928,10,0),(928,11,0),(929,10,0),(929,11,0),(930,10,0),(930,11,0),(931,10,0),(931,11,0),(932,10,0),(932,11,0),(933,10,0),(933,11,0),(934,10,0),(934,11,0),(935,10,0),(935,11,0),(936,10,0),(936,11,0),(937,10,0),(937,11,0),(938,10,0),(938,11,0),(939,10,0),(939,11,0),(940,10,0),(940,11,0),(944,10,0),(944,11,0);
/*!40000 ALTER TABLE `product_has_category` ENABLE KEYS */;
UNLOCK TABLES;

--
-- Table structure for table `product_has_plan_feature`
--

DROP TABLE IF EXISTS `product_has_plan_feature`;
/*!40101 SET @saved_cs_client     = @@character_set_client */;
/*!40101 SET character_set_client = utf8 */;
CREATE TABLE `product_has_plan_feature` (
  `product_id` int(11) NOT NULL,
  `plan_feature_id` int(11) NOT NULL,
  PRIMARY KEY (`product_id`,`plan_feature_id`),
  KEY `fk_product_has_plan_feature_plan_feature_idx` (`plan_feature_id`),
  KEY `fk_product_has_plan_feature_product_idx` (`product_id`),
  CONSTRAINT `fk_product_has_plan_feature_1` FOREIGN KEY (`product_id`) REFERENCES `product` (`product_id`) ON DELETE NO ACTION ON UPDATE NO ACTION,
  CONSTRAINT `fk_product_has_plan_feature_2` FOREIGN KEY (`plan_feature_id`) REFERENCES `plan_feature` (`plan_feature_id`) ON DELETE NO ACTION ON UPDATE NO ACTION
) ENGINE=InnoDB DEFAULT CHARSET=utf8;
/*!40101 SET character_set_client = @saved_cs_client */;

--
-- Dumping data for table `product_has_plan_feature`
--

LOCK TABLES `product_has_plan_feature` WRITE;
/*!40000 ALTER TABLE `product_has_plan_feature` DISABLE KEYS */;
/*!40000 ALTER TABLE `product_has_plan_feature` ENABLE KEYS */;
UNLOCK TABLES;

--
-- Table structure for table `product_has_tax_rate`
--

DROP TABLE IF EXISTS `product_has_tax_rate`;
/*!40101 SET @saved_cs_client     = @@character_set_client */;
/*!40101 SET character_set_client = utf8 */;
CREATE TABLE `product_has_tax_rate` (
  `product_id` int(11) NOT NULL,
  `tax_rate_id` int(11) NOT NULL,
  PRIMARY KEY (`product_id`,`tax_rate_id`),
  KEY `fk_product_has_tax_rate_tax_rate1_idx` (`tax_rate_id`),
  KEY `fk_product_has_tax_rate_product1_idx` (`product_id`),
  CONSTRAINT `fk_product_has_tax_rate_product1` FOREIGN KEY (`product_id`) REFERENCES `product` (`product_id`) ON DELETE NO ACTION ON UPDATE NO ACTION,
  CONSTRAINT `fk_product_has_tax_rate_tax_rate1` FOREIGN KEY (`tax_rate_id`) REFERENCES `tax_rate` (`tax_rate_id`) ON DELETE NO ACTION ON UPDATE NO ACTION
) ENGINE=InnoDB DEFAULT CHARSET=utf8;
/*!40101 SET character_set_client = @saved_cs_client */;

--
-- Dumping data for table `product_has_tax_rate`
--

LOCK TABLES `product_has_tax_rate` WRITE;
/*!40000 ALTER TABLE `product_has_tax_rate` DISABLE KEYS */;
INSERT INTO `product_has_tax_rate` VALUES (1,1),(2,1),(3,1),(5,1),(6,1),(7,1),(8,1),(9,1),(10,1),(11,1),(12,1),(13,1),(14,1),(15,1),(16,1),(17,1),(18,1),(19,1),(20,1),(21,1),(22,1),(23,1),(24,1),(25,1),(26,1),(27,1),(28,1),(29,1),(30,1),(31,1),(32,1),(35,1),(36,1),(37,1),(38,1),(39,1),(40,1),(41,1),(42,1),(43,1),(44,1),(45,1),(46,1),(47,1),(48,1),(49,1),(50,1),(51,1),(52,1),(53,1),(54,1),(55,1),(56,1),(57,1),(58,1),(59,1),(60,1),(61,1),(62,1),(63,1),(64,1),(65,1),(67,1),(68,1),(69,1),(70,1),(71,1),(72,1),(73,1),(74,1),(75,1),(76,1),(77,1),(78,1),(79,1),(80,1),(81,1),(82,1),(83,1),(84,1),(85,1),(86,1),(87,1),(88,1),(89,1),(90,1),(91,1),(92,1),(93,1),(94,1),(95,1),(96,1),(97,1),(98,1),(99,1),(100,1),(101,1),(102,1),(103,1),(104,1),(105,1),(106,1),(107,1),(108,1),(109,1),(110,1),(111,1),(112,1),(113,1),(114,1),(115,1),(116,1),(117,1),(118,1),(119,1),(120,1),(121,1),(122,1),(123,1),(124,1),(125,1),(126,1),(127,1),(128,1),(129,1),(130,1),(131,1),(132,1),(133,1),(134,1),(135,1),(136,1),(137,1),(138,1),(139,1),(140,1),(142,1),(143,1),(144,1),(145,1),(146,1),(147,1),(148,1),(149,1),(150,1),(151,1),(152,1),(153,1),(154,1),(155,1),(156,1),(157,1),(158,1),(159,1),(160,1),(161,1),(162,1),(163,1),(164,1),(165,1),(166,1),(167,1),(168,1),(169,1),(170,1),(171,1),(172,1),(173,1),(174,1),(175,1),(176,1),(177,1),(178,1),(179,1),(180,1),(181,1),(182,1),(183,1),(184,1),(185,1),(186,1),(187,1),(188,1),(189,1),(190,1),(191,1),(192,1),(193,1),(194,1),(195,1),(196,1),(197,1),(198,1),(199,1),(200,1),(201,1),(202,1),(203,1),(204,1),(205,1),(206,1),(207,1),(208,1),(209,1),(210,1),(211,1),(212,1),(213,1),(214,1),(215,1),(216,1),(217,1),(218,1),(219,1),(220,1),(221,1),(222,1),(223,1),(224,1),(225,1),(226,1),(227,1),(228,1),(229,1),(230,1),(231,1),(232,1),(233,1),(235,1),(236,1),(237,1),(238,1),(239,1),(240,1),(241,1),(242,1),(243,1),(244,1),(245,1),(246,1),(247,1),(248,1),(249,1),(250,1),(251,1),(252,1),(253,1),(254,1),(255,1),(256,1),(257,1),(258,1),(259,1),(260,1),(261,1),(262,1),(263,1),(264,1),(265,1),(266,1),(267,1),(268,1),(269,1),(270,1),(271,1),(272,1),(273,1),(274,1),(275,1),(276,1),(277,1),(278,1),(279,1),(280,1),(281,1),(282,1),(283,1),(284,1),(285,1),(286,1),(287,1),(288,1),(289,1),(290,1),(291,1),(292,1),(293,1),(294,1),(296,1),(297,1),(298,1),(299,1),(300,1),(301,1),(302,1),(303,1),(304,1),(305,1),(306,1),(307,1),(308,1),(309,1),(310,1),(311,1),(312,1),(313,1),(314,1),(315,1),(316,1),(317,1),(318,1),(319,1),(320,1),(321,1),(322,1),(323,1),(324,1),(325,1),(326,1),(327,1),(328,1),(329,1),(330,1),(331,1),(332,1),(333,1),(335,1),(336,1),(337,1),(338,1),(339,1),(340,1),(341,1),(342,1),(343,1),(344,1),(345,1),(346,1),(347,1),(348,1),(349,1),(350,1),(351,1),(352,1),(393,1),(394,1),(395,1),(396,1),(397,1),(398,1),(399,1),(400,1),(401,1),(402,1),(403,1),(404,1),(405,1),(406,1),(407,1),(408,1),(409,1),(410,1),(411,1),(412,1),(413,1),(414,1),(415,1),(454,1),(455,1),(456,1),(457,1),(458,1),(459,1),(460,1),(461,1),(462,1),(463,1),(464,1),(465,1),(500,1),(501,1),(502,1),(503,1),(504,1),(505,1),(506,1),(507,1),(508,1),(509,1),(510,1),(511,1),(512,1),(513,1),(514,1),(515,1),(516,1),(517,1),(518,1),(770,1),(771,1),(901,1),(902,1),(903,1),(904,1),(905,1),(906,1),(920,1),(921,1),(922,1),(923,1),(924,1),(925,1),(926,1),(927,1),(928,1),(929,1),(930,1),(931,1),(932,1),(933,1),(934,1),(935,1),(936,1),(937,1),(938,1),(939,1),(940,1),(944,1);
/*!40000 ALTER TABLE `product_has_tax_rate` ENABLE KEYS */;
UNLOCK TABLES;

--
-- Table structure for table `product_price`
--

DROP TABLE IF EXISTS `product_price`;
/*!40101 SET @saved_cs_client     = @@character_set_client */;
/*!40101 SET character_set_client = utf8 */;
CREATE TABLE `product_price` (
  `product_price_id` int(11) NOT NULL AUTO_INCREMENT,
  `net_price` double DEFAULT NULL,
  `taxes` double DEFAULT NULL,
  `date` date DEFAULT NULL,
  `time` time DEFAULT NULL,
  `timestamp` int(11) DEFAULT NULL,
  `exp_timestamp` int(11) DEFAULT NULL,
  `exp_date` date DEFAULT NULL,
  `exp_time` time DEFAULT NULL,
  `update_timestamp` int(11) DEFAULT NULL,
  `status` enum('updated','outdated') DEFAULT 'updated',
  `product_id` int(11) NOT NULL,
  `purchase_price` double DEFAULT NULL,
  PRIMARY KEY (`product_price_id`),
  KEY `fk_product_price_product1_idx` (`product_id`),
  CONSTRAINT `fk_product_price_product1` FOREIGN KEY (`product_id`) REFERENCES `product` (`product_id`) ON DELETE NO ACTION ON UPDATE NO ACTION
) ENGINE=InnoDB AUTO_INCREMENT=1608 DEFAULT CHARSET=utf8;
/*!40101 SET character_set_client = @saved_cs_client */;

--
-- Dumping data for table `product_price`
--

LOCK TABLES `product_price` WRITE;
/*!40000 ALTER TABLE `product_price` DISABLE KEYS */;
INSERT INTO `product_price` VALUES (3,1008.264,211.73544,'2015-07-07','18:47:00',1436294875,1436227200,'2015-07-07','00:00:00',0,'updated',3,0),(5,870.247,0,'2015-07-07','18:52:00',1436295172,1436227200,'2015-07-07','00:00:00',0,'updated',5,0),(6,870.247,182.75187,'2015-07-07','18:53:00',1436295195,1436227200,'2015-07-07','00:00:00',0,'updated',5,0),(7,905.785,190.21485,'2015-07-07','18:54:00',1436295283,1436227200,'2015-07-07','00:00:00',0,'updated',6,0),(8,3733,783.93,'2015-07-07','20:40:00',1436301612,1436227200,'2015-07-07','00:00:00',0,'updated',7,0),(9,3673,771.33,'2015-07-07','20:41:00',1436301718,1436227200,'2015-07-07','00:00:00',0,'updated',8,0),(10,3532,741.72,'2015-07-07','20:43:00',1436301792,1436227200,'2015-07-07','00:00:00',0,'updated',9,0),(11,3472,729.12,'2015-07-07','20:44:00',1436301876,1436227200,'2015-07-07','00:00:00',0,'updated',10,0),(12,4040,848.4,'2015-07-07','20:46:00',1436301963,1436227200,'2015-07-07','00:00:00',0,'updated',11,0),(13,2368,497.28,'2015-07-07','20:47:00',1436302068,1436227200,'2015-07-07','00:00:00',0,'updated',12,0),(14,3254,683.34,'2015-07-07','20:52:00',1436302376,1436227200,'2015-07-07','00:00:00',0,'updated',13,0),(15,3166,664.86,'2015-07-07','20:54:00',1436302449,1436227200,'2015-07-07','00:00:00',0,'updated',14,0),(16,2727,572.67,'2015-07-07','20:59:00',1436302753,1436227200,'2015-07-07','00:00:00',0,'updated',15,0),(17,2558,537.18,'2015-07-07','21:00:00',1436302856,1436227200,'2015-07-07','00:00:00',0,'updated',16,0),(18,2446,513.66,'2015-07-07','21:01:00',1436302910,1436227200,'2015-07-07','00:00:00',0,'updated',17,0),(19,2150,451.5,'2015-07-07','21:03:00',1436303013,-1,'0000-00-00','00:00:00',0,'updated',18,0),(20,2150,451.5,'2015-07-07','21:03:00',1436303031,1436227200,'2015-07-07','00:00:00',0,'updated',18,0),(21,2939,617.19,'2015-07-07','21:08:00',1436303339,1436227200,'2015-07-07','00:00:00',0,'updated',19,0),(22,2777,583.17,'2015-07-07','21:10:00',1436303411,1436227200,'2015-07-07','00:00:00',0,'updated',20,0),(23,3134,658.14,'2015-07-07','21:11:00',1436303508,1436227200,'2015-07-07','00:00:00',0,'updated',21,0),(24,2591,544.11,'2015-07-07','21:13:00',1436303588,1436227200,'2015-07-07','00:00:00',0,'updated',22,0),(25,1990,417.9,'2015-07-07','21:15:00',1436303705,-1,'0000-00-00','00:00:00',0,'updated',23,0),(26,2480,520.8,'2015-07-07','21:16:00',1436303788,-1,'0000-00-00','00:00:00',0,'updated',24,0),(27,2378,499.38,'2015-07-07','21:17:00',1436303843,-1,'0000-00-00','00:00:00',0,'updated',25,0),(28,2100,441,'2015-07-07','21:20:00',1436304026,1436227200,'2015-07-07','00:00:00',0,'updated',26,0),(29,2293,481.53,'2015-07-07','21:22:00',1436304154,-1,'0000-00-00','00:00:00',0,'updated',27,0),(30,2244,471.24,'2015-07-07','21:44:00',1436305485,-1,'0000-00-00','00:00:00',0,'updated',28,0),(31,1969,413.49,'2015-07-07','21:45:00',1436305552,-1,'0000-00-00','00:00:00',0,'updated',29,0),(32,2442,512.82,'2015-07-07','21:47:00',1436305664,-1,'0000-00-00','00:00:00',0,'updated',30,0),(33,2272,477.12,'2015-07-07','21:49:00',1436305758,-1,'0000-00-00','00:00:00',0,'updated',31,0),(34,2813,590.73,'2015-07-07','21:50:00',1436305848,-1,'0000-00-00','00:00:00',0,'updated',32,0),(35,2270,0,'2015-07-07','21:56:00',1436306200,-1,'0000-00-00','00:00:00',0,'updated',33,0),(36,2270,0,'2015-07-07','21:56:00',1436306200,-1,'0000-00-00','00:00:00',0,'updated',34,0),(37,1990,417.9,'2015-07-07','21:58:00',1436306321,-1,'0000-00-00','00:00:00',0,'updated',35,0),(38,2319,486.99,'2015-07-07','22:00:00',1436306451,-1,'0000-00-00','00:00:00',0,'updated',36,0),(39,2278,478.38,'2015-07-07','22:02:00',1436306568,-1,'0000-00-00','00:00:00',0,'updated',37,0),(40,2290,480.9,'2015-07-07','22:05:00',1436306745,-1,'0000-00-00','00:00:00',0,'updated',38,0),(41,3088,648.48,'2015-07-07','22:08:00',1436306899,-1,'0000-00-00','00:00:00',0,'updated',39,0),(42,2129,447.09,'2015-07-07','22:11:00',1436307093,-1,'0000-00-00','00:00:00',0,'updated',40,0),(43,2601,546.21,'2015-07-07','22:13:00',1436307219,-1,'0000-00-00','00:00:00',0,'updated',41,0),(44,2552,535.92,'2015-07-07','22:15:00',1436307319,-1,'0000-00-00','00:00:00',0,'updated',42,0),(45,2880,604.8,'2015-07-07','22:17:00',1436307461,-1,'0000-00-00','00:00:00',0,'updated',43,0),(46,3292,691.32,'2015-07-08','11:55:00',1436356517,-1,'0000-00-00','00:00:00',0,'updated',44,0),(47,425,89.25,'2015-07-08','11:57:00',1436356646,-1,'0000-00-00','00:00:00',0,'updated',45,0),(48,3292,691.32,'2015-07-08','12:04:00',1436357075,-1,'0000-00-00','00:00:00',0,'updated',44,0),(49,1629,342.09,'2015-07-08','12:09:00',1436357385,-1,'0000-00-00','00:00:00',0,'updated',46,0),(50,1525,320.25,'2015-07-08','12:12:00',1436357540,-1,'0000-00-00','00:00:00',0,'updated',47,0),(51,1862,391.02,'2015-07-08','12:14:00',1436357673,-1,'0000-00-00','00:00:00',0,'updated',48,0),(52,2236,469.56,'2015-07-08','12:16:00',1436357779,-1,'0000-00-00','00:00:00',0,'updated',49,0),(53,2181,458.01,'2015-07-08','12:17:00',1436357833,-1,'0000-00-00','00:00:00',0,'updated',50,0),(54,1717,360.57,'2015-07-08','12:18:00',1436357917,-1,'0000-00-00','00:00:00',0,'updated',51,0),(55,1668,350.28,'2015-07-08','12:19:00',1436357995,-1,'0000-00-00','00:00:00',0,'updated',52,0),(56,1618,339.78,'2015-07-08','12:22:00',1436358156,-1,'0000-00-00','00:00:00',0,'updated',53,0),(57,1569,329.49,'2015-07-08','13:04:00',1436360676,-1,'0000-00-00','00:00:00',0,'updated',54,0),(58,2208,463.68,'2015-07-08','13:09:00',1436360969,-1,'0000-00-00','00:00:00',0,'updated',55,0),(59,1742,365.82,'2015-07-08','15:39:00',1436369986,-1,'0000-00-00','00:00:00',0,'updated',56,0),(60,1603,336.63,'2015-07-08','15:41:00',1436370096,-1,'0000-00-00','00:00:00',0,'updated',57,0),(61,1764,370.44,'2015-07-08','15:55:00',1436370949,-1,'0000-00-00','00:00:00',0,'updated',58,0),(62,1298,272.58,'2015-07-08','15:58:00',1436371115,-1,'0000-00-00','00:00:00',0,'updated',59,0),(63,1270,266.7,'2015-07-08','17:54:00',1436378090,-1,'0000-00-00','00:00:00',0,'updated',60,0),(64,1231,258.51,'2015-07-08','19:11:00',1436382676,-1,'0000-00-00','00:00:00',0,'updated',61,0),(65,1201,252.21,'2015-07-08','19:12:00',1436382765,-1,'0000-00-00','00:00:00',0,'updated',62,0),(66,1155,242.55,'2015-07-08','19:21:00',1436383315,-1,'0000-00-00','00:00:00',0,'updated',63,0),(67,1092,229.32,'2015-07-08','19:24:00',1436383454,-1,'0000-00-00','00:00:00',0,'updated',64,0),(69,1884,395.64,'2015-07-08','21:30:00',1436391050,-1,'0000-00-00','00:00:00',0,'updated',65,0),(70,1782,0,'2015-07-08','21:33:00',1436391183,-1,'0000-00-00','00:00:00',0,'updated',66,0),(71,1643,345.03,'2015-07-08','22:14:00',1436393692,-1,'0000-00-00','00:00:00',0,'updated',67,0),(72,845,177.45,'2015-07-08','22:17:00',1436393838,-1,'0000-00-00','00:00:00',0,'updated',68,0),(73,1217,255.57,'2015-07-08','22:19:00',1436393946,-1,'0000-00-00','00:00:00',0,'updated',69,0),(74,1291,271.11,'2015-07-08','22:20:00',1436394042,-1,'0000-00-00','00:00:00',0,'updated',70,0),(75,1190,249.9,'2015-07-08','22:21:00',1436394111,-1,'0000-00-00','00:00:00',0,'updated',71,0),(76,582,122.22,'2015-07-08','22:23:00',1436394225,-1,'0000-00-00','00:00:00',0,'updated',72,0),(77,792,166.32,'2015-07-08','22:24:00',1436394289,-1,'0000-00-00','00:00:00',0,'updated',73,0),(78,1409,295.89,'2015-07-10','12:12:00',1436530363,-1,'0000-00-00','00:00:00',0,'updated',74,0),(79,0,0,'2015-07-10','12:15:00',1436530532,-1,'0000-00-00','00:00:00',0,'updated',75,0),(80,1392,292.32,'2015-07-10','12:15:00',1436530551,-1,'0000-00-00','00:00:00',0,'updated',75,0),(81,1294,271.74,'2015-07-10','12:19:00',1436530744,-1,'0000-00-00','00:00:00',0,'updated',76,0),(82,1278,268.38,'2015-07-10','12:21:00',1436530867,-1,'0000-00-00','00:00:00',0,'updated',77,0),(83,1200,252,'2015-07-10','13:26:00',1436534778,-1,'0000-00-00','00:00:00',0,'updated',78,0),(84,1200,252,'2015-07-10','13:27:00',1436534867,-1,'0000-00-00','00:00:00',0,'updated',79,0),(85,1182,248.22,'2015-07-10','13:28:00',1436534937,-1,'0000-00-00','00:00:00',0,'updated',80,0),(86,1086,228.06,'2015-07-10','13:38:00',1436535519,-1,'0000-00-00','00:00:00',0,'updated',81,0),(87,1086,228.06,'2015-07-10','14:05:00',1436537131,-1,'0000-00-00','00:00:00',0,'updated',82,0),(88,1068,224.28,'2015-07-10','14:07:00',1436537268,-1,'0000-00-00','00:00:00',0,'updated',83,0),(89,1005,211.05,'2015-07-10','14:09:00',1436537343,-1,'0000-00-00','00:00:00',0,'updated',84,0),(90,1039,218.19,'2015-07-10','14:21:00',1436538077,-1,'0000-00-00','00:00:00',0,'updated',85,0),(91,976,204.96,'2015-07-10','14:24:00',1436538266,-1,'0000-00-00','00:00:00',0,'updated',86,0),(92,1171,245.91,'2015-07-10','14:26:00',1436538403,-1,'0000-00-00','00:00:00',0,'updated',87,0),(93,1057,221.97,'2015-07-10','14:29:00',1436538560,-1,'0000-00-00','00:00:00',0,'updated',88,0),(94,993,208.53,'2015-07-10','14:31:00',1436538718,-1,'0000-00-00','00:00:00',0,'updated',89,0),(95,1374,288.54,'2015-07-10','14:33:00',1436538816,-1,'0000-00-00','00:00:00',0,'updated',90,0),(96,899,188.79,'2015-07-10','14:38:00',1436539101,-1,'0000-00-00','00:00:00',0,'updated',91,0),(97,1003,210.63,'2015-07-10','14:51:00',1436539874,-1,'0000-00-00','00:00:00',0,'updated',92,0),(98,715,150.15,'2015-07-10','14:52:00',1436539963,-1,'0000-00-00','00:00:00',0,'updated',93,0),(99,866,181.86,'2015-07-10','14:56:00',1436540205,-1,'0000-00-00','00:00:00',0,'updated',94,0),(100,866,181.86,'2015-07-10','14:57:00',1436540232,-1,'0000-00-00','00:00:00',0,'updated',94,0),(101,0,0,'2015-07-10','14:58:00',1436540295,-1,'0000-00-00','00:00:00',0,'updated',95,0),(102,578,0,'2015-07-10','14:58:00',1436540307,-1,'0000-00-00','00:00:00',0,'updated',95,0),(103,578,121.38,'2015-07-10','14:58:00',1436540336,-1,'0000-00-00','00:00:00',0,'updated',95,0),(104,899,188.79,'2015-07-10','15:18:00',1436541518,-1,'0000-00-00','00:00:00',0,'updated',96,0),(105,618,129.78,'2015-07-10','15:19:00',1436541596,-1,'0000-00-00','00:00:00',0,'updated',97,0),(106,898,188.58,'2015-07-10','15:28:00',1436542102,-1,'0000-00-00','00:00:00',0,'updated',98,0),(107,551,115.71,'2015-07-10','15:29:00',1436542194,-1,'0000-00-00','00:00:00',0,'updated',99,0),(108,752,157.92,'2015-07-10','15:30:00',1436542252,-1,'0000-00-00','00:00:00',0,'updated',100,0),(109,528,110.88,'2015-07-10','15:33:00',1436542382,-1,'0000-00-00','00:00:00',0,'updated',101,0),(110,528,110.88,'2015-07-10','15:33:00',1436542437,-1,'0000-00-00','00:00:00',0,'updated',102,0),(111,827,173.67,'2015-07-10','15:35:00',1436542532,-1,'0000-00-00','00:00:00',0,'updated',103,0),(112,478,100.38,'2015-07-10','15:36:00',1436542580,-1,'0000-00-00','00:00:00',0,'updated',104,0),(113,455,95.55,'2015-07-10','15:37:00',1436542626,-1,'0000-00-00','00:00:00',0,'updated',105,0),(114,1147,240.87,'2015-07-10','15:38:00',1436542704,-1,'0000-00-00','00:00:00',0,'updated',106,0),(115,2035,427.35,'2015-07-10','15:39:00',1436542752,-1,'0000-00-00','00:00:00',0,'updated',107,0),(116,919,192.99,'2015-07-10','15:40:00',1436542812,-1,'0000-00-00','00:00:00',0,'updated',108,0),(117,732,153.72,'2015-07-10','15:41:00',1436542881,-1,'0000-00-00','00:00:00',0,'updated',109,0),(118,1836,385.56,'2015-07-10','15:42:00',1436542948,-1,'0000-00-00','00:00:00',0,'updated',110,0),(119,919,192.99,'2015-07-10','15:43:00',1436543032,-1,'0000-00-00','00:00:00',0,'updated',111,0),(120,732,0,'2015-07-10','15:44:00',1436543080,-1,'0000-00-00','00:00:00',0,'updated',112,0),(121,732,153.72,'2015-07-10','15:44:00',1436543091,-1,'0000-00-00','00:00:00',0,'updated',112,0),(122,1836,385.56,'2015-07-10','15:46:00',1436543184,-1,'0000-00-00','00:00:00',0,'updated',113,0),(123,527,110.67,'2015-07-10','15:47:00',1436543260,-1,'0000-00-00','00:00:00',0,'updated',114,0),(124,955,200.55,'2015-07-10','15:48:00',1436543333,-1,'0000-00-00','00:00:00',0,'updated',115,0),(125,1584,332.64,'2015-07-10','15:49:00',1436543397,-1,'0000-00-00','00:00:00',0,'updated',116,0),(126,719,150.99,'2015-07-10','15:51:00',1436543500,-1,'0000-00-00','00:00:00',0,'updated',117,0),(127,831,174.51,'2015-07-10','15:52:00',1436543566,-1,'0000-00-00','00:00:00',0,'updated',118,0),(128,1059,222.39,'2015-07-10','15:53:00',1436543627,-1,'0000-00-00','00:00:00',0,'updated',119,0),(129,876,183.96,'2015-07-10','15:56:00',1436543771,-1,'0000-00-00','00:00:00',0,'updated',120,0),(130,1609,337.89,'2015-07-10','15:57:00',1436543854,-1,'0000-00-00','00:00:00',0,'updated',121,0),(131,805,169.05,'2015-07-10','16:00:00',1436544023,-1,'0000-00-00','00:00:00',0,'updated',122,0),(132,635,133.35,'2015-07-10','16:01:00',1436544074,-1,'0000-00-00','00:00:00',0,'updated',123,0),(133,715,150.15,'2015-07-10','16:02:00',1436544130,-1,'0000-00-00','00:00:00',0,'updated',124,0),(134,366,76.86,'2015-07-10','17:58:00',1436551119,-1,'0000-00-00','00:00:00',0,'updated',125,0),(135,567,119.07,'2015-07-10','17:59:00',1436551192,-1,'0000-00-00','00:00:00',0,'updated',126,0),(136,343,72.03,'2015-07-10','18:01:00',1436551260,-1,'0000-00-00','00:00:00',0,'updated',127,0),(137,376,78.96,'2015-07-10','18:01:00',1436551319,-1,'0000-00-00','00:00:00',0,'updated',128,0),(138,4395,922.95,'2015-07-10','18:03:00',1436551408,-1,'0000-00-00','00:00:00',0,'updated',129,0),(139,6128,1286.88,'2015-07-10','18:03:00',1436551436,-1,'0000-00-00','00:00:00',0,'updated',130,0),(140,7738,1624.98,'2015-07-10','18:04:00',1436551472,-1,'0000-00-00','00:00:00',0,'updated',131,0),(141,2209,463.89,'2015-07-10','18:06:00',1436551608,-1,'0000-00-00','00:00:00',0,'updated',132,0),(142,2913,611.73,'2015-07-10','18:07:00',1436551651,-1,'0000-00-00','00:00:00',0,'updated',133,0),(143,4029,846.09,'2015-07-10','18:08:00',1436551698,-1,'0000-00-00','00:00:00',0,'updated',134,0),(144,4670,980.7,'2015-07-10','18:09:00',1436551760,-1,'0000-00-00','00:00:00',0,'updated',135,0),(145,1748,367.08,'2015-07-10','18:10:00',1436551856,-1,'0000-00-00','00:00:00',0,'updated',136,0),(146,2337,490.77,'2015-07-10','18:11:00',1436551903,-1,'0000-00-00','00:00:00',0,'updated',137,0),(147,3222,676.62,'2015-07-10','18:12:00',1436551946,-1,'0000-00-00','00:00:00',0,'updated',138,0),(148,3749,787.29,'2015-07-10','18:13:00',1436552020,-1,'0000-00-00','00:00:00',0,'updated',139,0),(149,1768,371.28,'2015-07-10','18:15:00',1436552120,-1,'0000-00-00','00:00:00',0,'updated',140,0),(150,2367,0,'2015-07-10','18:16:00',1436552204,-1,'0000-00-00','00:00:00',0,'updated',141,0),(151,3263,685.23,'2015-07-10','18:17:00',1436552259,-1,'0000-00-00','00:00:00',0,'updated',142,0),(152,3799,797.79,'2015-07-10','18:18:00',1436552294,-1,'0000-00-00','00:00:00',0,'updated',143,0),(153,1292,271.32,'2015-07-10','18:20:00',1436552423,-1,'0000-00-00','00:00:00',0,'updated',144,0),(154,1790,375.9,'2015-07-10','18:21:00',1436552518,-1,'0000-00-00','00:00:00',0,'updated',145,0),(155,1790,375.9,'2015-07-10','18:23:00',1436552590,-1,'0000-00-00','00:00:00',0,'updated',146,0),(156,2410,506.1,'2015-07-10','18:23:00',1436552631,-1,'0000-00-00','00:00:00',0,'updated',146,0),(157,2847,597.87,'2015-07-10','18:24:00',1436552676,-1,'0000-00-00','00:00:00',0,'updated',147,0),(158,3064,643.44,'2015-07-10','18:26:00',1436552800,-1,'0000-00-00','00:00:00',0,'updated',148,0),(159,4158,873.18,'2015-07-10','18:27:00',1436552858,-1,'0000-00-00','00:00:00',0,'updated',149,0),(160,5703,1197.63,'2015-07-10','18:28:00',1436552929,-1,'0000-00-00','00:00:00',0,'updated',150,0),(161,6801,1428.21,'2015-07-10','18:29:00',1436552981,-1,'0000-00-00','00:00:00',0,'updated',151,0),(162,2000,420,'2015-07-10','18:31:00',1436553099,-1,'0000-00-00','00:00:00',0,'updated',152,0),(163,2599,545.79,'2015-07-10','18:32:00',1436553147,-1,'0000-00-00','00:00:00',0,'updated',153,0),(164,3611,758.31,'2015-07-10','18:33:00',1436553203,-1,'0000-00-00','00:00:00',0,'updated',154,0),(165,4147,870.87,'2015-07-10','18:34:00',1436553241,-1,'0000-00-00','00:00:00',0,'updated',155,0),(166,1767,371.07,'2015-07-10','18:35:00',1436553323,-1,'0000-00-00','00:00:00',0,'updated',156,0),(167,2366,496.86,'2015-07-10','18:35:00',1436553355,-1,'0000-00-00','00:00:00',0,'updated',157,0),(168,3260,684.6,'2015-07-10','18:37:00',1436553425,-1,'0000-00-00','00:00:00',0,'updated',158,0),(169,3797,797.37,'2015-07-10','18:37:00',1436553479,-1,'0000-00-00','00:00:00',0,'updated',159,0),(170,2250,472.5,'2015-07-10','18:39:00',1436553560,-1,'0000-00-00','00:00:00',0,'updated',160,0),(171,2250,472.5,'2015-07-10','18:41:00',1436553675,-1,'0000-00-00','00:00:00',0,'updated',161,0),(172,4103,861.63,'2015-07-10','18:42:00',1436553723,-1,'0000-00-00','00:00:00',0,'updated',162,0),(173,1742,365.82,'2015-07-10','18:43:00',1436553787,-1,'0000-00-00','00:00:00',0,'updated',163,0),(174,2324,488.04,'2015-07-10','18:44:00',1436553850,-1,'0000-00-00','00:00:00',0,'updated',164,0),(175,3206,673.26,'2015-07-10','18:45:00',1436553930,-1,'0000-00-00','00:00:00',0,'updated',165,0),(176,1377,289.17,'2015-07-10','18:48:00',1436554102,-1,'0000-00-00','00:00:00',0,'updated',166,0),(177,1780,373.8,'2015-07-10','18:49:00',1436554143,-1,'0000-00-00','00:00:00',0,'updated',167,0),(178,2480,520.8,'2015-07-10','18:49:00',1436554189,-1,'0000-00-00','00:00:00',0,'updated',168,0),(179,2888,606.48,'2015-07-10','18:50:00',1436554237,-1,'0000-00-00','00:00:00',0,'updated',169,0),(180,905,190.05,'2015-07-10','18:54:00',1436554498,-1,'0000-00-00','00:00:00',0,'updated',170,0),(181,1209,253.89,'2015-07-10','18:56:00',1436554572,-1,'0000-00-00','00:00:00',0,'updated',171,0),(182,1636,343.56,'2015-07-10','18:58:00',1436554706,-1,'0000-00-00','00:00:00',0,'updated',172,0),(183,1945,408.45,'2015-07-10','18:59:00',1436554772,-1,'0000-00-00','00:00:00',0,'updated',173,0),(184,723,151.83,'2015-07-10','19:02:00',1436554932,-1,'0000-00-00','00:00:00',0,'updated',174,0),(185,740,155.4,'2015-07-10','19:04:00',1436555049,-1,'0000-00-00','00:00:00',0,'updated',175,0),(186,545,114.45,'2015-07-10','19:05:00',1436555102,-1,'0000-00-00','00:00:00',0,'updated',176,0),(187,182,38.22,'2015-07-10','19:08:00',1436555307,-1,'0000-00-00','00:00:00',0,'updated',177,0),(188,128,26.88,'2015-07-10','19:15:00',1436555734,-1,'0000-00-00','00:00:00',0,'updated',178,0),(189,128,26.88,'2015-07-10','19:17:00',1436555847,-1,'0000-00-00','00:00:00',0,'updated',179,0),(190,108,22.68,'2015-07-10','19:18:00',1436555931,-1,'0000-00-00','00:00:00',0,'updated',180,0),(191,142,29.82,'2015-07-10','19:20:00',1436556030,-1,'0000-00-00','00:00:00',0,'updated',181,0),(192,128,26.88,'2015-07-10','19:21:00',1436556069,-1,'0000-00-00','00:00:00',0,'updated',182,0),(193,149,31.29,'2015-07-10','19:21:00',1436556105,-1,'0000-00-00','00:00:00',0,'updated',183,0),(194,224,47.04,'2015-07-10','20:41:00',1436560898,-1,'0000-00-00','00:00:00',0,'updated',184,0),(195,401,84.21,'2015-07-10','20:42:00',1436560961,-1,'0000-00-00','00:00:00',0,'updated',185,0),(196,214,44.94,'2015-07-10','20:44:00',1436561058,-1,'0000-00-00','00:00:00',0,'updated',186,0),(197,384,80.64,'2015-07-10','20:46:00',1436561167,-1,'0000-00-00','00:00:00',0,'updated',187,0),(198,384,80.64,'2015-07-10','20:46:00',1436561167,-1,'0000-00-00','00:00:00',0,'updated',188,0),(199,267,56.07,'2015-07-10','20:47:00',1436561234,-1,'0000-00-00','00:00:00',0,'updated',188,0),(200,436,91.56,'2015-07-10','20:48:00',1436561285,-1,'0000-00-00','00:00:00',0,'updated',189,0),(201,228,47.88,'2015-07-10','20:49:00',1436561360,-1,'0000-00-00','00:00:00',0,'updated',190,0),(202,407,85.47,'2015-07-10','20:51:00',1436561517,-1,'0000-00-00','00:00:00',0,'updated',191,0),(203,306,64.26,'2015-07-10','20:53:00',1436561586,-1,'0000-00-00','00:00:00',0,'updated',192,0),(204,301,63.21,'2015-07-10','20:54:00',1436561696,-1,'0000-00-00','00:00:00',0,'updated',193,0),(205,183,38.43,'2015-07-10','20:56:00',1436561769,-1,'0000-00-00','00:00:00',0,'updated',194,0),(206,521,109.41,'2015-07-10','20:58:00',1436561882,-1,'0000-00-00','00:00:00',0,'updated',195,0),(207,296,62.16,'2015-07-11','02:19:00',1436581170,-1,'0000-00-00','00:00:00',0,'updated',196,0),(208,799,167.79,'2015-07-11','02:21:00',1436581306,-1,'0000-00-00','00:00:00',0,'updated',197,0),(209,440,92.4,'2015-07-11','02:22:00',1436581365,-1,'0000-00-00','00:00:00',0,'updated',198,0),(210,14,2.94,'2015-07-11','02:25:00',1436581531,1436572800,'2015-07-11','00:00:00',0,'updated',6,0),(211,58,12.18,'2015-07-11','02:26:00',1436581606,1436572800,'2015-07-11','00:00:00',0,'updated',5,0),(212,294,61.74,'2015-07-11','02:31:00',1436581868,1436572800,'2015-07-11','00:00:00',0,'updated',3,0),(213,216,45.36,'2015-07-11','02:32:00',1436581953,-1,'0000-00-00','00:00:00',0,'updated',2,0),(214,333,69.93,'2015-07-11','02:33:00',1436582027,-1,'0000-00-00','00:00:00',0,'updated',1,0),(215,83,0,'2015-07-11','02:35:00',1436582137,-1,'0000-00-00','00:00:00',0,'updated',199,0),(216,83,17.43,'2015-07-11','02:35:00',1436582150,-1,'0000-00-00','00:00:00',0,'updated',199,0),(217,147,30.87,'2015-07-11','02:37:00',1436582255,-1,'0000-00-00','00:00:00',0,'updated',200,0),(218,67,14.07,'2015-07-11','02:38:00',1436582327,-1,'0000-00-00','00:00:00',0,'updated',201,0),(219,511,107.31,'2015-07-11','02:39:00',1436582380,-1,'0000-00-00','00:00:00',0,'updated',202,0),(220,329,69.09,'2015-07-11','02:41:00',1436582466,-1,'0000-00-00','00:00:00',0,'updated',203,0),(221,699,146.79,'2015-07-11','02:42:00',1436582527,-1,'0000-00-00','00:00:00',0,'updated',204,0),(222,518,108.78,'2015-07-11','02:46:00',1436582798,-1,'0000-00-00','00:00:00',0,'updated',205,0),(223,533,111.93,'2015-07-11','02:50:00',1436583006,-1,'0000-00-00','00:00:00',0,'updated',206,0),(224,2214,464.94,'2015-07-11','02:54:00',1436583266,-1,'0000-00-00','00:00:00',0,'updated',207,0),(225,2441,512.61,'2015-07-11','02:57:00',1436583423,-1,'0000-00-00','00:00:00',0,'updated',208,0),(226,2520,529.2,'2015-07-11','02:58:00',1436583485,-1,'0000-00-00','00:00:00',0,'updated',209,0),(227,2735,574.35,'2015-07-11','02:59:00',1436583541,-1,'0000-00-00','00:00:00',0,'updated',210,0),(228,4340,911.4,'2015-07-11','03:00:00',1436583642,-1,'0000-00-00','00:00:00',0,'updated',211,0),(229,4280,898.8,'2015-07-11','03:02:00',1436583750,-1,'0000-00-00','00:00:00',0,'updated',212,0),(230,2284,479.64,'2015-07-11','03:06:00',1436584012,-1,'0000-00-00','00:00:00',0,'updated',213,0),(231,2397,503.37,'2015-07-11','03:09:00',1436584163,-1,'0000-00-00','00:00:00',0,'updated',214,0),(232,2575,540.75,'2015-07-11','03:10:00',1436584235,-1,'0000-00-00','00:00:00',0,'updated',215,0),(233,2755,578.55,'2015-07-11','03:11:00',1436584309,-1,'0000-00-00','00:00:00',0,'updated',216,0),(234,1855,389.55,'2015-07-11','03:13:00',1436584411,-1,'0000-00-00','00:00:00',0,'updated',217,0),(235,1953,410.13,'2015-07-11','03:14:00',1436584466,-1,'0000-00-00','00:00:00',0,'updated',218,0),(236,3580,751.8,'2015-07-11','03:16:00',1436584577,-1,'0000-00-00','00:00:00',0,'updated',219,0),(237,16000,3360,'2015-07-11','03:18:00',1436584709,-1,'0000-00-00','00:00:00',0,'updated',220,0),(238,19000,3990,'2015-07-11','03:19:00',1436584759,-1,'0000-00-00','00:00:00',0,'updated',221,0),(239,1798,377.58,'2015-07-11','03:21:00',1436584889,-1,'0000-00-00','00:00:00',0,'updated',222,0),(240,1508,316.68,'2015-07-11','03:22:00',1436584943,-1,'0000-00-00','00:00:00',0,'updated',223,0),(241,2277,478.17,'2015-07-11','03:24:00',1436585040,-1,'0000-00-00','00:00:00',0,'updated',224,0),(242,1980,415.8,'2015-07-11','03:24:00',1436585081,-1,'0000-00-00','00:00:00',0,'updated',225,0),(243,533,111.93,'2015-07-13','18:40:00',1436812814,-1,'0000-00-00','00:00:00',0,'updated',206,0),(244,750,157.5,'2015-07-13','18:41:00',1436812914,-1,'0000-00-00','00:00:00',0,'updated',226,0),(245,565,118.65,'2015-07-13','18:43:00',1436813011,-1,'0000-00-00','00:00:00',0,'updated',227,0),(246,7262,1525.02,'2015-07-13','18:47:00',1436813224,-1,'0000-00-00','00:00:00',0,'updated',228,0),(247,7458,1566.18,'2015-07-13','18:48:00',1436813322,-1,'0000-00-00','00:00:00',0,'updated',229,0),(248,15119,3174.99,'2015-07-13','18:50:00',1436813406,-1,'0000-00-00','00:00:00',0,'updated',230,0),(249,5433,1140.93,'2015-07-13','18:51:00',1436813482,-1,'0000-00-00','00:00:00',0,'updated',231,0),(250,4200,882,'2015-07-13','18:52:00',1436813540,-1,'0000-00-00','00:00:00',0,'updated',232,0),(251,1102,231.42,'2015-07-13','18:53:00',1436813603,-1,'0000-00-00','00:00:00',0,'updated',233,0),(252,1102,0,'2015-07-13','18:54:00',1436813647,-1,'0000-00-00','00:00:00',0,'updated',234,0),(253,1102,231.42,'2015-07-13','18:55:00',1436813707,-1,'0000-00-00','00:00:00',0,'updated',235,0),(254,1102,231.42,'2015-07-13','18:56:00',1436813771,-1,'0000-00-00','00:00:00',0,'updated',236,0),(255,1266,265.86,'2015-07-13','18:57:00',1436813841,-1,'0000-00-00','00:00:00',0,'updated',237,0),(256,1266,265.86,'2015-07-13','18:57:00',1436813874,-1,'0000-00-00','00:00:00',0,'updated',238,0),(257,2151,451.71,'2015-07-13','19:02:00',1436814177,-1,'0000-00-00','00:00:00',0,'updated',239,0),(258,2171,455.91,'2015-07-13','19:05:00',1436814321,-1,'0000-00-00','00:00:00',0,'updated',240,0),(259,2583,542.43,'2015-07-13','19:06:00',1436814401,-1,'0000-00-00','00:00:00',0,'updated',241,0),(260,1970,413.7,'2015-07-13','19:07:00',1436814461,-1,'0000-00-00','00:00:00',0,'updated',242,0),(261,6508,1366.68,'2015-07-13','19:09:00',1436814580,-1,'0000-00-00','00:00:00',0,'updated',243,0),(262,9650,2026.5,'2015-07-13','19:10:00',1436814626,-1,'0000-00-00','00:00:00',0,'updated',244,0),(263,8925,1874.25,'2015-07-13','19:12:00',1436814720,-1,'0000-00-00','00:00:00',0,'updated',245,0),(264,13320,2797.2,'2015-07-13','19:12:00',1436814775,-1,'0000-00-00','00:00:00',0,'updated',246,0),(265,4522,949.62,'2015-07-13','19:15:00',1436814902,-1,'0000-00-00','00:00:00',0,'updated',247,0),(266,5966,1252.86,'2015-07-13','19:15:00',1436814943,-1,'0000-00-00','00:00:00',0,'updated',248,0),(267,7536,1582.56,'2015-07-13','19:17:00',1436815057,-1,'0000-00-00','00:00:00',0,'updated',249,0),(268,9420,1978.2,'2015-07-13','19:19:00',1436815159,-1,'0000-00-00','00:00:00',0,'updated',250,0),(269,10676,2241.96,'2015-07-13','19:20:00',1436815234,-1,'0000-00-00','00:00:00',0,'updated',251,0),(270,12600,2646,'2015-07-13','19:21:00',1436815276,-1,'0000-00-00','00:00:00',0,'updated',252,0),(271,2088,438.48,'2015-07-13','19:23:00',1436815384,-1,'0000-00-00','00:00:00',0,'updated',253,0),(272,2560,537.6,'2015-07-13','19:23:00',1436815418,-1,'0000-00-00','00:00:00',0,'updated',254,0),(273,2950,619.5,'2015-07-13','19:24:00',1436815477,-1,'0000-00-00','00:00:00',0,'updated',255,0),(274,2335,490.35,'2015-07-13','19:25:00',1436815520,-1,'0000-00-00','00:00:00',0,'updated',256,0),(275,6193,1300.53,'2015-07-13','19:27:00',1436815651,-1,'0000-00-00','00:00:00',0,'updated',257,0),(276,9300,1953,'2015-07-13','19:28:00',1436815684,-1,'0000-00-00','00:00:00',0,'updated',258,0),(277,6006,1261.26,'2015-07-13','19:29:00',1436815796,-1,'0000-00-00','00:00:00',0,'updated',259,0),(278,10370,2177.7,'2015-07-13','19:31:00',1436815918,-1,'0000-00-00','00:00:00',0,'updated',260,0),(279,12293,2581.53,'2015-07-13','19:32:00',1436815951,-1,'0000-00-00','00:00:00',0,'updated',261,0),(280,17623.25,3700.8825,'2015-07-13','19:33:00',1436816005,-1,'0000-00-00','00:00:00',0,'updated',262,0),(281,3093,649.53,'2015-07-13','19:34:00',1436816091,-1,'0000-00-00','00:00:00',0,'updated',263,0),(282,456,95.76,'2015-07-13','19:35:00',1436816153,-1,'0000-00-00','00:00:00',0,'updated',264,0),(283,4648,976.08,'2015-07-13','19:39:00',1436816353,-1,'0000-00-00','00:00:00',0,'updated',265,0),(284,5259,1104.39,'2015-07-13','19:39:00',1436816396,-1,'0000-00-00','00:00:00',0,'updated',266,0),(285,6068,1274.28,'2015-07-13','19:43:00',1436816611,-1,'0000-00-00','00:00:00',0,'updated',267,0),(286,8326,1748.46,'2015-07-13','19:44:00',1436816656,-1,'0000-00-00','00:00:00',0,'updated',268,0),(287,11700,2457,'2015-07-13','19:45:00',1436816709,-1,'0000-00-00','00:00:00',0,'updated',269,0),(288,6615,1389.15,'2015-07-13','19:46:00',1436816779,-1,'0000-00-00','00:00:00',0,'updated',270,0),(289,9470,1988.7,'2015-07-13','19:47:00',1436816840,-1,'0000-00-00','00:00:00',0,'updated',271,0),(290,12600,2646,'2015-07-13','19:48:00',1436816883,-1,'0000-00-00','00:00:00',0,'updated',272,0),(291,2221,466.41,'2015-07-13','19:49:00',1436816985,-1,'0000-00-00','00:00:00',0,'updated',273,0),(292,1181,248.01,'2015-07-13','19:52:00',1436817131,-1,'0000-00-00','00:00:00',0,'updated',274,0),(293,11304,2373.84,'2015-07-13','19:56:00',1436817362,-1,'0000-00-00','00:00:00',0,'updated',275,0),(294,11680,2452.8,'2015-07-13','19:57:00',1436817421,-1,'0000-00-00','00:00:00',0,'updated',276,0),(295,4514,947.94,'2015-07-13','19:58:00',1436817506,-1,'0000-00-00','00:00:00',0,'updated',277,0),(296,4710,989.1,'2015-07-13','19:59:00',1436817570,-1,'0000-00-00','00:00:00',0,'updated',278,0),(297,2265,475.65,'2015-07-13','20:05:00',1436817954,-1,'0000-00-00','00:00:00',0,'updated',279,0),(298,2038,427.98,'2015-07-13','20:06:00',1436818009,-1,'0000-00-00','00:00:00',0,'updated',280,0),(299,1886,396.06,'2015-07-13','20:09:00',1436818173,-1,'0000-00-00','00:00:00',0,'updated',281,0),(300,1718,360.78,'2015-07-13','20:10:00',1436818230,-1,'0000-00-00','00:00:00',0,'updated',282,0),(301,2400,504,'2015-07-13','20:11:00',1436818315,-1,'0000-00-00','00:00:00',0,'updated',283,0),(302,2160,453.6,'2015-07-13','20:12:00',1436818375,-1,'0000-00-00','00:00:00',0,'updated',284,0),(303,2005,421.05,'2015-07-13','20:15:00',1436818534,-1,'0000-00-00','00:00:00',0,'updated',285,0),(304,1832,384.72,'2015-07-13','20:16:00',1436818614,-1,'0000-00-00','00:00:00',0,'updated',286,0),(305,1832,384.72,'2015-07-13','20:17:00',1436818629,-1,'0000-00-00','00:00:00',0,'updated',286,0),(306,1936,406.56,'2015-07-13','20:18:00',1436818735,-1,'0000-00-00','00:00:00',0,'updated',287,0),(307,1755,368.55,'2015-07-13','20:19:00',1436818794,-1,'0000-00-00','00:00:00',0,'updated',288,0),(308,1598,335.58,'2015-07-13','20:21:00',1436818908,-1,'0000-00-00','00:00:00',0,'updated',289,0),(309,1419,297.99,'2015-07-13','20:22:00',1436818968,-1,'0000-00-00','00:00:00',0,'updated',290,0),(310,2893,607.53,'2015-07-13','21:28:00',1436822887,-1,'0000-00-00','00:00:00',0,'updated',291,0),(311,2658,558.18,'2015-07-13','21:29:00',1436822966,-1,'0000-00-00','00:00:00',0,'updated',292,0),(312,2460,516.6,'2015-07-13','21:30:00',1436823016,-1,'0000-00-00','00:00:00',0,'updated',293,0),(313,2282,479.22,'2015-07-13','21:31:00',1436823099,-1,'0000-00-00','00:00:00',0,'updated',294,0),(315,2338,490.98,'2015-07-13','21:41:00',1436823702,-1,'0000-00-00','00:00:00',0,'updated',296,0),(316,2096,440.16,'2015-07-13','21:43:00',1436823794,-1,'0000-00-00','00:00:00',0,'updated',297,0),(317,0,0,'2015-07-13','21:43:00',1436823820,-1,'0000-00-00','00:00:00',0,'updated',298,0),(318,1944,408.24,'2015-07-13','21:44:00',1436823881,-1,'0000-00-00','00:00:00',0,'updated',298,0),(319,1774,372.54,'2015-07-13','21:47:00',1436824029,-1,'0000-00-00','00:00:00',0,'updated',299,0),(320,2787,585.27,'2015-07-13','21:49:00',1436824145,-1,'0000-00-00','00:00:00',0,'updated',300,0),(321,2096,440.16,'2015-07-13','21:57:00',1436824647,-1,'0000-00-00','00:00:00',0,'updated',301,0),(322,1944,408.24,'2015-07-13','21:59:00',1436824793,-1,'0000-00-00','00:00:00',0,'updated',302,0),(323,2557,536.97,'2015-07-13','22:01:00',1436824879,-1,'0000-00-00','00:00:00',0,'updated',301,0),(324,2356,494.76,'2015-07-13','22:01:00',1436824900,-1,'0000-00-00','00:00:00',0,'updated',302,0),(325,2197,461.37,'2015-07-13','22:03:00',1436824991,-1,'0000-00-00','00:00:00',0,'updated',303,0),(326,408.76,85.8396,'2015-07-13','22:04:00',1436825095,-1,'0000-00-00','00:00:00',0,'updated',304,0),(327,885,185.85,'2015-07-14','18:25:00',1436898348,-1,'0000-00-00','00:00:00',0,'updated',305,0),(328,914,191.94,'2015-07-14','18:26:00',1436898417,-1,'0000-00-00','00:00:00',0,'updated',306,0),(329,742,155.82,'2015-07-14','18:29:00',1436898556,-1,'0000-00-00','00:00:00',0,'updated',307,0),(330,747,156.87,'2015-07-14','18:30:00',1436898629,-1,'0000-00-00','00:00:00',0,'updated',308,0),(331,820,172.2,'2015-07-14','18:31:00',1436898709,-1,'0000-00-00','00:00:00',0,'updated',309,0),(332,765,160.65,'2015-07-14','18:32:00',1436898760,-1,'0000-00-00','00:00:00',0,'updated',310,0),(333,842,176.82,'2015-07-14','18:33:00',1436898806,-1,'0000-00-00','00:00:00',0,'updated',311,0),(334,920,193.2,'2015-07-14','18:34:00',1436898872,-1,'0000-00-00','00:00:00',0,'updated',312,0),(335,963,202.23,'2015-07-14','18:35:00',1436898954,-1,'0000-00-00','00:00:00',0,'updated',313,0),(336,1092,229.32,'2015-07-14','18:37:00',1436899043,-1,'0000-00-00','00:00:00',0,'updated',314,0),(337,1044,219.24,'2015-07-14','18:57:00',1436900251,-1,'0000-00-00','00:00:00',0,'updated',315,0),(338,1079,226.59,'2015-07-14','18:58:00',1436900327,-1,'0000-00-00','00:00:00',0,'updated',316,0),(339,1044,219.24,'2015-07-14','18:59:00',1436900375,-1,'0000-00-00','00:00:00',0,'updated',317,0),(340,1079,226.59,'2015-07-14','19:00:00',1436900433,-1,'0000-00-00','00:00:00',0,'updated',318,0),(341,1044,219.24,'2015-07-14','19:01:00',1436900485,-1,'0000-00-00','00:00:00',0,'updated',319,0),(342,1079,226.59,'2015-07-14','19:02:00',1436900534,-1,'0000-00-00','00:00:00',0,'updated',320,0),(343,1048,220.08,'2015-07-14','19:03:00',1436900624,-1,'0000-00-00','00:00:00',0,'updated',321,0),(344,1086,228.06,'2015-07-14','19:04:00',1436900676,-1,'0000-00-00','00:00:00',0,'updated',322,0),(345,1620,340.2,'2015-07-14','19:05:00',1436900713,-1,'0000-00-00','00:00:00',0,'updated',323,0),(346,1056,221.76,'2015-07-14','19:07:00',1436900833,-1,'0000-00-00','00:00:00',0,'updated',324,0),(347,1090,228.9,'2015-07-14','19:08:00',1436900890,-1,'0000-00-00','00:00:00',0,'updated',325,0),(348,1137,238.77,'2015-07-14','19:10:00',1436901045,-1,'0000-00-00','00:00:00',0,'updated',326,0),(349,1181,248.01,'2015-07-14','19:12:00',1436901120,-1,'0000-00-00','00:00:00',0,'updated',327,0),(350,983,206.43,'2015-07-14','19:13:00',1436901214,-1,'0000-00-00','00:00:00',0,'updated',328,0),(351,1362,286.02,'2015-07-14','19:14:00',1436901265,-1,'0000-00-00','00:00:00',0,'updated',329,0),(352,996,209.16,'2015-07-14','19:15:00',1436901321,-1,'0000-00-00','00:00:00',0,'updated',330,0),(353,1395,292.95,'2015-07-14','19:18:00',1436901499,-1,'0000-00-00','00:00:00',0,'updated',331,0),(354,1039,218.19,'2015-07-14','19:58:00',1436903897,-1,'0000-00-00','00:00:00',0,'updated',332,0),(355,1658,348.18,'2015-07-14','19:59:00',1436903948,-1,'0000-00-00','00:00:00',0,'updated',333,0),(356,815,0,'2015-07-14','20:42:00',1436906524,-1,'0000-00-00','00:00:00',0,'updated',334,0),(357,3542.98,744.0258,'2015-07-14','20:42:00',1436906546,-1,'0000-00-00','00:00:00',0,'updated',335,0),(358,3736.36,784.6356,'2015-07-14','20:42:00',1436906547,-1,'0000-00-00','00:00:00',0,'updated',336,0),(359,3927.27,824.7267,'2015-07-14','20:42:00',1436906547,-1,'0000-00-00','00:00:00',0,'updated',337,0),(360,200,42,'2015-07-14','20:42:00',1436906547,-1,'0000-00-00','00:00:00',0,'updated',338,0),(361,229.75,48.2475,'2015-07-14','20:42:00',1436906547,-1,'0000-00-00','00:00:00',0,'updated',339,0),(362,261.16,54.8436,'2015-07-14','20:42:00',1436906547,-1,'0000-00-00','00:00:00',0,'updated',340,0),(363,1722.31,361.6851,'2015-07-14','20:42:00',1436906547,-1,'0000-00-00','00:00:00',0,'updated',341,0),(364,1722.31,361.6851,'2015-07-14','20:42:00',1436906547,-1,'0000-00-00','00:00:00',0,'updated',342,0),(365,2651.24,556.7604,'2015-07-14','20:42:00',1436906548,-1,'0000-00-00','00:00:00',0,'updated',343,0),(366,2651.24,556.7604,'2015-07-14','20:42:00',1436906548,-1,'0000-00-00','00:00:00',0,'updated',344,0),(367,2845.45,597.5445,'2015-07-14','20:42:00',1436906548,-1,'0000-00-00','00:00:00',0,'updated',345,0),(368,2845.45,597.5445,'2015-07-14','20:42:00',1436906548,-1,'0000-00-00','00:00:00',0,'updated',346,0),(369,5302.48,1113.5208,'2015-07-14','20:42:00',1436906548,-1,'0000-00-00','00:00:00',0,'updated',347,0),(370,6231.4,1308.594,'2015-07-14','20:42:00',1436906548,-1,'0000-00-00','00:00:00',0,'updated',348,0),(371,6425.62,1349.3802,'2015-07-14','20:42:00',1436906548,-1,'0000-00-00','00:00:00',0,'updated',349,0),(372,401.65,84.3465,'2015-07-14','20:42:00',1436906548,-1,'0000-00-00','00:00:00',0,'updated',350,0),(373,1677.69,352.3149,'2015-07-14','20:42:00',1436906549,-1,'0000-00-00','00:00:00',0,'updated',351,0),(374,1970.25,413.7525,'2015-07-14','20:42:00',1436906549,-1,'0000-00-00','00:00:00',0,'updated',352,0),(415,1177,247.17,'2015-07-14','20:42:00',1436906573,-1,'0000-00-00','00:00:00',0,'updated',393,0),(416,1133,237.93,'2015-07-14','20:44:00',1436906645,-1,'0000-00-00','00:00:00',0,'updated',394,0),(417,1752,367.92,'2015-07-14','20:45:00',1436906714,-1,'0000-00-00','00:00:00',0,'updated',395,0),(418,1186,249.06,'2015-07-14','20:49:00',1436906996,-1,'0000-00-00','00:00:00',0,'updated',396,0),(419,1811,380.31,'2015-07-14','20:54:00',1436907266,-1,'0000-00-00','00:00:00',0,'updated',397,0),(420,962,202.02,'2015-07-14','20:55:00',1436907327,-1,'0000-00-00','00:00:00',0,'updated',398,0),(421,1325,278.25,'2015-07-14','20:56:00',1436907393,-1,'0000-00-00','00:00:00',0,'updated',399,0),(422,1075,225.75,'2015-07-14','21:12:00',1436908376,-1,'0000-00-00','00:00:00',0,'updated',400,0),(423,1601,336.21,'2015-07-14','21:13:00',1436908435,-1,'0000-00-00','00:00:00',0,'updated',401,0),(424,928,194.88,'2015-07-14','21:14:00',1436908485,-1,'0000-00-00','00:00:00',0,'updated',402,0),(425,1226,257.46,'2015-07-14','21:15:00',1436908555,-1,'0000-00-00','00:00:00',0,'updated',403,0),(426,188,39.48,'2015-07-14','21:17:00',1436908666,-1,'0000-00-00','00:00:00',0,'updated',404,0),(427,433,90.93,'2015-07-14','21:22:00',1436908940,-1,'0000-00-00','00:00:00',0,'updated',405,0),(428,686,144.06,'2015-07-14','21:23:00',1436909011,-1,'0000-00-00','00:00:00',0,'updated',406,0),(429,683,143.43,'2015-07-14','21:26:00',1436909186,-1,'0000-00-00','00:00:00',0,'updated',407,0),(430,760,159.6,'2015-07-14','21:28:00',1436909329,-1,'0000-00-00','00:00:00',0,'updated',408,0),(431,533,111.93,'2015-07-14','21:35:00',1436909713,-1,'0000-00-00','00:00:00',0,'updated',206,0),(432,591,124.11,'2015-07-14','21:39:00',1436909940,-1,'0000-00-00','00:00:00',0,'updated',409,0),(433,904,189.84,'2015-07-14','21:40:00',1436910031,-1,'0000-00-00','00:00:00',0,'updated',410,0),(434,657,137.97,'2015-07-14','21:42:00',1436910150,-1,'0000-00-00','00:00:00',0,'updated',411,0),(435,893,187.53,'2015-07-14','22:05:00',1436911529,-1,'0000-00-00','00:00:00',0,'updated',412,0),(436,413,86.73,'2015-07-14','22:13:00',1436912002,-1,'0000-00-00','00:00:00',0,'updated',413,0),(437,1202,252.42,'2015-07-14','22:20:00',1436912433,-1,'0000-00-00','00:00:00',0,'updated',414,0),(438,1496,314.16,'2015-07-14','22:21:00',1436912489,-1,'0000-00-00','00:00:00',0,'updated',415,0),(477,1046,219.66,'2015-07-15','13:36:00',1436967403,-1,'0000-00-00','00:00:00',0,'updated',454,0),(478,1496,314.16,'2015-07-15','13:37:00',1436967425,-1,'0000-00-00','00:00:00',0,'updated',415,0),(479,1381,290.01,'2015-07-15','13:38:00',1436967532,-1,'0000-00-00','00:00:00',0,'updated',455,0),(480,95,19.95,'2015-07-15','13:41:00',1436967673,-1,'0000-00-00','00:00:00',0,'updated',456,0),(481,106,22.26,'2015-07-15','13:42:00',1436967769,-1,'0000-00-00','00:00:00',0,'updated',457,0),(482,153,32.13,'2015-07-15','13:44:00',1436967853,-1,'0000-00-00','00:00:00',0,'updated',458,0),(483,297,62.37,'2015-07-15','14:03:00',1436969012,-1,'0000-00-00','00:00:00',0,'updated',459,0),(484,108,22.68,'2015-07-15','14:53:00',1436971993,-1,'0000-00-00','00:00:00',0,'updated',460,0),(485,366,76.86,'2015-07-15','14:54:00',1436972094,-1,'0000-00-00','00:00:00',0,'updated',461,0),(486,169,35.49,'2015-07-15','14:58:00',1436972325,-1,'0000-00-00','00:00:00',0,'updated',462,0),(487,306,64.26,'2015-07-15','15:00:00',1436972452,-1,'0000-00-00','00:00:00',0,'updated',463,0),(488,480,100.8,'2015-07-15','15:14:00',1436973292,-1,'0000-00-00','00:00:00',0,'updated',464,0),(489,506,106.26,'2015-07-15','15:16:00',1436973372,-1,'0000-00-00','00:00:00',0,'updated',465,0),(503,401.65,84.3465,'2015-07-15','20:32:00',1436992345,-1,'0000-00-00','00:00:00',0,'updated',350,0),(539,686,144.06,'2015-07-15','20:33:00',1436992388,-1,'0000-00-00','00:00:00',0,'updated',500,0),(540,441,92.61,'2015-07-15','20:33:00',1436992424,-1,'0000-00-00','00:00:00',0,'updated',464,0),(541,467,98.07,'2015-07-15','20:34:00',1436992459,-1,'0000-00-00','00:00:00',0,'updated',465,0),(542,713,149.73,'2015-07-15','20:36:00',1436992568,-1,'0000-00-00','00:00:00',0,'updated',500,0),(543,276,57.96,'2015-07-15','20:37:00',1436992648,-1,'0000-00-00','00:00:00',0,'updated',501,0),(544,510,107.1,'2015-07-15','20:38:00',1436992726,-1,'0000-00-00','00:00:00',0,'updated',502,0),(545,284,59.64,'2015-07-15','20:41:00',1436992893,-1,'0000-00-00','00:00:00',0,'updated',503,0),(546,341,71.61,'2015-07-15','20:42:00',1436992933,-1,'0000-00-00','00:00:00',0,'updated',504,0),(547,403,84.63,'2015-07-15','20:44:00',1436993051,-1,'0000-00-00','00:00:00',0,'updated',505,0),(548,709,148.89,'2015-07-15','20:44:00',1436993096,-1,'0000-00-00','00:00:00',0,'updated',506,0),(549,542,113.82,'2015-07-15','20:47:00',1436993229,-1,'0000-00-00','00:00:00',0,'updated',507,0),(550,647,135.87,'2015-07-15','20:47:00',1436993279,-1,'0000-00-00','00:00:00',0,'updated',508,0),(551,141,29.61,'2015-07-15','21:23:00',1436995405,-1,'0000-00-00','00:00:00',0,'updated',509,0),(552,259,54.39,'2015-07-15','21:24:00',1436995465,-1,'0000-00-00','00:00:00',0,'updated',510,0),(553,86,18.06,'2015-07-15','21:25:00',1436995554,-1,'0000-00-00','00:00:00',0,'updated',511,0),(554,86,18.06,'2015-07-15','21:26:00',1436995597,-1,'0000-00-00','00:00:00',0,'updated',512,0),(555,86,18.06,'2015-07-15','21:27:00',1436995632,-1,'0000-00-00','00:00:00',0,'updated',513,0),(556,110,23.1,'2015-07-15','21:30:00',1436995859,-1,'0000-00-00','00:00:00',0,'updated',514,0),(557,110,23.1,'2015-07-15','21:31:00',1436995890,-1,'0000-00-00','00:00:00',0,'updated',515,0),(558,110,23.1,'2015-07-15','21:32:00',1436995964,-1,'0000-00-00','00:00:00',0,'updated',516,0),(559,173,36.33,'2015-07-15','21:34:00',1436996094,-1,'0000-00-00','00:00:00',0,'updated',517,0),(560,168,35.28,'2015-07-15','21:36:00',1436996169,-1,'0000-00-00','00:00:00',0,'updated',518,0),(859,401.65,84.3465,'2015-07-15','23:09:00',1437001750,-1,'0000-00-00','00:00:00',0,'updated',350,0),(865,541,113.61,'2015-07-16','19:05:00',1437073549,-1,'0000-00-00','00:00:00',0,'updated',770,0),(866,280,58.8,'2015-07-16','19:27:00',1437074871,-1,'0000-00-00','00:00:00',0,'updated',771,0),(1147,1943,408.03,'2015-07-20','13:22:00',1437398521,-1,'0000-00-00','00:00:00',0,'updated',901,0),(1148,3245,681.45,'2015-07-20','13:23:00',1437398605,-1,'0000-00-00','00:00:00',0,'updated',902,0),(1149,3035,637.35,'2015-07-20','13:26:00',1437398774,-1,'0000-00-00','00:00:00',0,'updated',903,0),(1150,130,27.3,'2015-07-20','13:44:00',1437399877,-1,'0000-00-00','00:00:00',0,'updated',904,0),(1151,420,88.2,'2015-07-20','13:46:00',1437399974,-1,'0000-00-00','00:00:00',0,'updated',905,0),(1152,1810,380.1,'2015-07-20','13:50:00',1437400208,-1,'0000-00-00','00:00:00',0,'updated',906,0),(1167,3095,649.95,'2015-07-20','18:43:00',1437417784,-1,'0000-00-00','00:00:00',0,'updated',920,0),(1168,130,27.3,'2015-07-20','18:45:00',1437417933,-1,'0000-00-00','00:00:00',0,'updated',921,0),(1169,1735,364.35,'2015-07-20','18:48:00',1437418084,-1,'0000-00-00','00:00:00',0,'updated',922,0),(1170,2397,503.37,'2015-07-20','18:49:00',1437418142,-1,'0000-00-00','00:00:00',0,'updated',923,0),(1171,2752,577.92,'2015-07-20','18:50:00',1437418206,-1,'0000-00-00','00:00:00',0,'updated',924,0),(1172,3445,723.45,'2015-07-20','18:51:00',1437418269,-1,'0000-00-00','00:00:00',0,'updated',925,0),(1173,4010,842.1,'2015-07-20','18:52:00',1437418323,-1,'0000-00-00','00:00:00',0,'updated',926,0),(1174,4010,842.1,'2015-07-20','18:53:00',1437418424,-1,'0000-00-00','00:00:00',0,'updated',927,0),(1175,120,25.2,'2015-07-20','18:53:00',1437418439,-1,'0000-00-00','00:00:00',0,'updated',927,0),(1176,1735,364.35,'2015-07-20','18:57:00',1437418661,-1,'0000-00-00','00:00:00',0,'updated',928,0),(1177,2397,503.37,'2015-07-20','18:58:00',1437418738,-1,'0000-00-00','00:00:00',0,'updated',929,0),(1178,2752,577.92,'2015-07-20','18:59:00',1437418793,-1,'0000-00-00','00:00:00',0,'updated',930,0),(1179,3445,723.45,'2015-07-20','19:03:00',1437418981,-1,'0000-00-00','00:00:00',0,'updated',931,0),(1180,4010,842.1,'2015-07-20','19:03:00',1437419038,-1,'0000-00-00','00:00:00',0,'updated',932,0),(1181,100,21,'2015-07-20','19:21:00',1437420070,-1,'0000-00-00','00:00:00',0,'updated',933,0),(1182,1986,417.06,'2015-07-20','19:23:00',1437420219,-1,'0000-00-00','00:00:00',0,'updated',934,0),(1183,2235,469.35,'2015-07-20','19:25:00',1437420336,-1,'0000-00-00','00:00:00',0,'updated',935,0),(1184,2653,557.13,'2015-07-20','20:01:00',1437422503,-1,'0000-00-00','00:00:00',0,'updated',936,0),(1185,3387,711.27,'2015-07-20','20:02:00',1437422543,-1,'0000-00-00','00:00:00',0,'updated',937,0),(1186,3996,839.16,'2015-07-20','20:03:00',1437422591,-1,'0000-00-00','00:00:00',0,'updated',938,0),(1187,4703,987.63,'2015-07-20','20:03:00',1437422637,-1,'0000-00-00','00:00:00',0,'updated',939,0),(1188,5161,1083.81,'2015-07-20','20:05:00',1437422701,-1,'0000-00-00','00:00:00',0,'updated',940,0),(1189,352.98,74.1258,'2015-07-20','20:11:00',1437423093,-1,'0000-00-00','00:00:00',0,'updated',1,0),(1190,228.96,48.0816,'2015-07-20','20:11:00',1437423093,-1,'0000-00-00','00:00:00',0,'updated',2,0),(1191,311.64,65.4444,'2015-07-20','20:11:00',1437423093,-1,'0000-00-00','00:00:00',0,'updated',3,0),(1192,61.48,12.9108,'2015-07-20','20:11:00',1437423093,-1,'0000-00-00','00:00:00',0,'updated',5,0),(1193,14.84,3.1164,'2015-07-20','20:11:00',1437423093,-1,'0000-00-00','00:00:00',0,'updated',6,0),(1194,3956.98,830.9658,'2015-07-20','20:11:00',1437423093,-1,'0000-00-00','00:00:00',0,'updated',7,0),(1195,3893.38,817.6098,'2015-07-20','20:11:00',1437423093,-1,'0000-00-00','00:00:00',0,'updated',8,0),(1196,3743.92,786.2232,'2015-07-20','20:11:00',1437423093,-1,'0000-00-00','00:00:00',0,'updated',9,0),(1197,3680.32,772.8672,'2015-07-20','20:11:00',1437423093,-1,'0000-00-00','00:00:00',0,'updated',10,0),(1198,4282.4,899.304,'2015-07-20','20:11:00',1437423093,-1,'0000-00-00','00:00:00',0,'updated',11,0),(1199,2510.08,527.1168,'2015-07-20','20:11:00',1437423093,-1,'0000-00-00','00:00:00',0,'updated',12,0),(1200,3449.24,724.3404,'2015-07-20','20:11:00',1437423093,-1,'0000-00-00','00:00:00',0,'updated',13,0),(1201,3355.96,704.7516,'2015-07-20','20:11:00',1437423093,-1,'0000-00-00','00:00:00',0,'updated',14,0),(1202,2890.62,607.0302,'2015-07-20','20:11:00',1437423094,-1,'0000-00-00','00:00:00',0,'updated',15,0),(1203,2711.48,569.4108,'2015-07-20','20:11:00',1437423094,-1,'0000-00-00','00:00:00',0,'updated',16,0),(1204,2592.76,544.4796,'2015-07-20','20:11:00',1437423094,-1,'0000-00-00','00:00:00',0,'updated',17,0),(1205,2279,478.59,'2015-07-20','20:11:00',1437423094,-1,'0000-00-00','00:00:00',0,'updated',18,0),(1206,3115.34,654.2214,'2015-07-20','20:11:00',1437423094,-1,'0000-00-00','00:00:00',0,'updated',19,0),(1207,2943.62,618.1602,'2015-07-20','20:11:00',1437423094,-1,'0000-00-00','00:00:00',0,'updated',20,0),(1208,3322.04,697.6284,'2015-07-20','20:11:00',1437423094,-1,'0000-00-00','00:00:00',0,'updated',21,0),(1209,2746.46,576.7566,'2015-07-20','20:11:00',1437423094,-1,'0000-00-00','00:00:00',0,'updated',22,0),(1210,2109.4,442.974,'2015-07-20','20:11:00',1437423094,-1,'0000-00-00','00:00:00',0,'updated',23,0),(1211,2628.8,552.048,'2015-07-20','20:11:00',1437423094,-1,'0000-00-00','00:00:00',0,'updated',24,0),(1212,2520.68,529.3428,'2015-07-20','20:11:00',1437423094,-1,'0000-00-00','00:00:00',0,'updated',25,0),(1213,2226,467.46,'2015-07-20','20:11:00',1437423094,-1,'0000-00-00','00:00:00',0,'updated',26,0),(1214,2430.58,510.4218,'2015-07-20','20:11:00',1437423094,-1,'0000-00-00','00:00:00',0,'updated',27,0),(1215,2378.64,499.5144,'2015-07-20','20:11:00',1437423094,-1,'0000-00-00','00:00:00',0,'updated',28,0),(1216,2087.14,438.2994,'2015-07-20','20:11:00',1437423094,-1,'0000-00-00','00:00:00',0,'updated',29,0),(1217,2588.52,543.5892,'2015-07-20','20:11:00',1437423094,-1,'0000-00-00','00:00:00',0,'updated',30,0),(1218,2408.32,505.7472,'2015-07-20','20:11:00',1437423094,-1,'0000-00-00','00:00:00',0,'updated',31,0),(1219,2981.78,626.1738,'2015-07-20','20:11:00',1437423094,-1,'0000-00-00','00:00:00',0,'updated',32,0),(1220,2406.2,0,'2015-07-20','20:11:00',1437423094,-1,'0000-00-00','00:00:00',0,'updated',33,0),(1221,2406.2,0,'2015-07-20','20:11:00',1437423094,-1,'0000-00-00','00:00:00',0,'updated',34,0),(1222,2109.4,442.974,'2015-07-20','20:11:00',1437423094,-1,'0000-00-00','00:00:00',0,'updated',35,0),(1223,2458.14,516.2094,'2015-07-20','20:11:00',1437423094,-1,'0000-00-00','00:00:00',0,'updated',36,0),(1224,2414.68,507.0828,'2015-07-20','20:11:00',1437423094,-1,'0000-00-00','00:00:00',0,'updated',37,0),(1225,2427.4,509.754,'2015-07-20','20:11:00',1437423094,-1,'0000-00-00','00:00:00',0,'updated',38,0),(1226,3273.28,687.3888,'2015-07-20','20:11:00',1437423095,-1,'0000-00-00','00:00:00',0,'updated',39,0),(1227,2256.74,473.9154,'2015-07-20','20:11:00',1437423095,-1,'0000-00-00','00:00:00',0,'updated',40,0),(1228,2757.06,578.9826,'2015-07-20','20:11:00',1437423095,-1,'0000-00-00','00:00:00',0,'updated',41,0),(1229,2705.12,568.0752,'2015-07-20','20:11:00',1437423095,-1,'0000-00-00','00:00:00',0,'updated',42,0),(1230,3052.8,641.088,'2015-07-20','20:11:00',1437423095,-1,'0000-00-00','00:00:00',0,'updated',43,0),(1231,3489.52,732.7992,'2015-07-20','20:11:00',1437423095,-1,'0000-00-00','00:00:00',0,'updated',44,0),(1232,450.5,94.605,'2015-07-20','20:11:00',1437423095,-1,'0000-00-00','00:00:00',0,'updated',45,0),(1233,1726.74,362.6154,'2015-07-20','20:11:00',1437423095,-1,'0000-00-00','00:00:00',0,'updated',46,0),(1234,1616.5,339.465,'2015-07-20','20:11:00',1437423095,-1,'0000-00-00','00:00:00',0,'updated',47,0),(1235,1973.72,414.4812,'2015-07-20','20:11:00',1437423095,-1,'0000-00-00','00:00:00',0,'updated',48,0),(1236,2370.16,497.7336,'2015-07-20','20:11:00',1437423095,-1,'0000-00-00','00:00:00',0,'updated',49,0),(1237,2311.86,485.4906,'2015-07-20','20:11:00',1437423095,-1,'0000-00-00','00:00:00',0,'updated',50,0),(1238,1820.02,382.2042,'2015-07-20','20:11:00',1437423095,-1,'0000-00-00','00:00:00',0,'updated',51,0),(1239,1768.08,371.2968,'2015-07-20','20:11:00',1437423095,-1,'0000-00-00','00:00:00',0,'updated',52,0),(1240,1715.08,360.1668,'2015-07-20','20:11:00',1437423095,-1,'0000-00-00','00:00:00',0,'updated',53,0),(1241,1663.14,349.2594,'2015-07-20','20:11:00',1437423095,-1,'0000-00-00','00:00:00',0,'updated',54,0),(1242,2340.48,491.5008,'2015-07-20','20:11:00',1437423095,-1,'0000-00-00','00:00:00',0,'updated',55,0),(1243,1846.52,387.7692,'2015-07-20','20:11:00',1437423095,-1,'0000-00-00','00:00:00',0,'updated',56,0),(1244,1699.18,356.8278,'2015-07-20','20:11:00',1437423095,-1,'0000-00-00','00:00:00',0,'updated',57,0),(1245,1869.84,392.6664,'2015-07-20','20:11:00',1437423095,-1,'0000-00-00','00:00:00',0,'updated',58,0),(1246,1375.88,288.9348,'2015-07-20','20:11:00',1437423095,-1,'0000-00-00','00:00:00',0,'updated',59,0),(1247,1346.2,282.702,'2015-07-20','20:11:00',1437423096,-1,'0000-00-00','00:00:00',0,'updated',60,0),(1248,1304.86,274.0206,'2015-07-20','20:11:00',1437423096,-1,'0000-00-00','00:00:00',0,'updated',61,0),(1249,1273.06,267.3426,'2015-07-20','20:11:00',1437423096,-1,'0000-00-00','00:00:00',0,'updated',62,0),(1250,1224.3,257.103,'2015-07-20','20:11:00',1437423096,-1,'0000-00-00','00:00:00',0,'updated',63,0),(1251,1157.52,243.0792,'2015-07-20','20:11:00',1437423096,-1,'0000-00-00','00:00:00',0,'updated',64,0),(1252,1997.04,419.3784,'2015-07-20','20:11:00',1437423096,-1,'0000-00-00','00:00:00',0,'updated',65,0),(1253,1888.92,0,'2015-07-20','20:11:00',1437423096,-1,'0000-00-00','00:00:00',0,'updated',66,0),(1254,1741.58,365.7318,'2015-07-20','20:11:00',1437423096,-1,'0000-00-00','00:00:00',0,'updated',67,0),(1255,895.7,188.097,'2015-07-20','20:11:00',1437423096,-1,'0000-00-00','00:00:00',0,'updated',68,0),(1256,1290.02,270.9042,'2015-07-20','20:11:00',1437423096,-1,'0000-00-00','00:00:00',0,'updated',69,0),(1257,1368.46,287.3766,'2015-07-20','20:11:00',1437423096,-1,'0000-00-00','00:00:00',0,'updated',70,0),(1258,1261.4,264.894,'2015-07-20','20:11:00',1437423096,-1,'0000-00-00','00:00:00',0,'updated',71,0),(1259,616.92,129.5532,'2015-07-20','20:11:00',1437423096,-1,'0000-00-00','00:00:00',0,'updated',72,0),(1260,839.52,176.2992,'2015-07-20','20:11:00',1437423096,-1,'0000-00-00','00:00:00',0,'updated',73,0),(1261,1493.54,313.6434,'2015-07-20','20:11:00',1437423096,-1,'0000-00-00','00:00:00',0,'updated',74,0),(1262,1475.52,309.8592,'2015-07-20','20:11:00',1437423096,-1,'0000-00-00','00:00:00',0,'updated',75,0),(1263,1371.64,288.0444,'2015-07-20','20:11:00',1437423096,-1,'0000-00-00','00:00:00',0,'updated',76,0),(1264,1354.68,284.4828,'2015-07-20','20:11:00',1437423096,-1,'0000-00-00','00:00:00',0,'updated',77,0),(1265,1272,267.12,'2015-07-20','20:11:00',1437423096,-1,'0000-00-00','00:00:00',0,'updated',78,0),(1266,1272,267.12,'2015-07-20','20:11:00',1437423096,-1,'0000-00-00','00:00:00',0,'updated',79,0),(1267,1252.92,263.1132,'2015-07-20','20:11:00',1437423096,-1,'0000-00-00','00:00:00',0,'updated',80,0),(1268,1151.16,241.7436,'2015-07-20','20:11:00',1437423096,-1,'0000-00-00','00:00:00',0,'updated',81,0),(1269,1151.16,241.7436,'2015-07-20','20:11:00',1437423096,-1,'0000-00-00','00:00:00',0,'updated',82,0),(1270,1132.08,237.7368,'2015-07-20','20:11:00',1437423097,-1,'0000-00-00','00:00:00',0,'updated',83,0),(1271,1065.3,223.713,'2015-07-20','20:11:00',1437423097,-1,'0000-00-00','00:00:00',0,'updated',84,0),(1272,1101.34,231.2814,'2015-07-20','20:11:00',1437423097,-1,'0000-00-00','00:00:00',0,'updated',85,0),(1273,1034.56,217.2576,'2015-07-20','20:11:00',1437423097,-1,'0000-00-00','00:00:00',0,'updated',86,0),(1274,1241.26,260.6646,'2015-07-20','20:11:00',1437423097,-1,'0000-00-00','00:00:00',0,'updated',87,0),(1275,1120.42,235.2882,'2015-07-20','20:11:00',1437423097,-1,'0000-00-00','00:00:00',0,'updated',88,0),(1276,1052.58,221.0418,'2015-07-20','20:11:00',1437423097,-1,'0000-00-00','00:00:00',0,'updated',89,0),(1277,1456.44,305.8524,'2015-07-20','20:11:00',1437423097,-1,'0000-00-00','00:00:00',0,'updated',90,0),(1278,952.94,200.1174,'2015-07-20','20:11:00',1437423097,-1,'0000-00-00','00:00:00',0,'updated',91,0),(1279,1063.18,223.2678,'2015-07-20','20:11:00',1437423097,-1,'0000-00-00','00:00:00',0,'updated',92,0),(1280,757.9,159.159,'2015-07-20','20:11:00',1437423097,-1,'0000-00-00','00:00:00',0,'updated',93,0),(1281,917.96,192.7716,'2015-07-20','20:11:00',1437423097,-1,'0000-00-00','00:00:00',0,'updated',94,0),(1282,612.68,128.6628,'2015-07-20','20:11:00',1437423097,-1,'0000-00-00','00:00:00',0,'updated',95,0),(1283,952.94,200.1174,'2015-07-20','20:11:00',1437423097,-1,'0000-00-00','00:00:00',0,'updated',96,0),(1284,655.08,137.5668,'2015-07-20','20:11:00',1437423097,-1,'0000-00-00','00:00:00',0,'updated',97,0),(1285,951.88,199.8948,'2015-07-20','20:11:00',1437423097,-1,'0000-00-00','00:00:00',0,'updated',98,0),(1286,584.06,122.6526,'2015-07-20','20:11:00',1437423097,-1,'0000-00-00','00:00:00',0,'updated',99,0),(1287,797.12,167.3952,'2015-07-20','20:11:00',1437423097,-1,'0000-00-00','00:00:00',0,'updated',100,0),(1288,559.68,117.5328,'2015-07-20','20:11:00',1437423097,-1,'0000-00-00','00:00:00',0,'updated',101,0),(1289,559.68,117.5328,'2015-07-20','20:11:00',1437423097,-1,'0000-00-00','00:00:00',0,'updated',102,0),(1290,876.62,184.0902,'2015-07-20','20:11:00',1437423097,-1,'0000-00-00','00:00:00',0,'updated',103,0),(1291,506.68,106.4028,'2015-07-20','20:11:00',1437423097,-1,'0000-00-00','00:00:00',0,'updated',104,0),(1292,482.3,101.283,'2015-07-20','20:11:00',1437423098,-1,'0000-00-00','00:00:00',0,'updated',105,0),(1293,1215.82,255.3222,'2015-07-20','20:11:00',1437423098,-1,'0000-00-00','00:00:00',0,'updated',106,0),(1294,2157.1,452.991,'2015-07-20','20:11:00',1437423098,-1,'0000-00-00','00:00:00',0,'updated',107,0),(1295,974.14,204.5694,'2015-07-20','20:11:00',1437423098,-1,'0000-00-00','00:00:00',0,'updated',108,0),(1296,775.92,162.9432,'2015-07-20','20:11:00',1437423098,-1,'0000-00-00','00:00:00',0,'updated',109,0),(1297,1946.16,408.6936,'2015-07-20','20:11:00',1437423098,-1,'0000-00-00','00:00:00',0,'updated',110,0),(1298,974.14,204.5694,'2015-07-20','20:11:00',1437423098,-1,'0000-00-00','00:00:00',0,'updated',111,0),(1299,775.92,162.9432,'2015-07-20','20:11:00',1437423098,-1,'0000-00-00','00:00:00',0,'updated',112,0),(1300,1946.16,408.6936,'2015-07-20','20:11:00',1437423098,-1,'0000-00-00','00:00:00',0,'updated',113,0),(1301,558.62,117.3102,'2015-07-20','20:11:00',1437423098,-1,'0000-00-00','00:00:00',0,'updated',114,0),(1302,1012.3,212.583,'2015-07-20','20:11:00',1437423098,-1,'0000-00-00','00:00:00',0,'updated',115,0),(1303,1679.04,352.5984,'2015-07-20','20:11:00',1437423098,-1,'0000-00-00','00:00:00',0,'updated',116,0),(1304,762.14,160.0494,'2015-07-20','20:11:00',1437423098,-1,'0000-00-00','00:00:00',0,'updated',117,0),(1305,880.86,184.9806,'2015-07-20','20:11:00',1437423098,-1,'0000-00-00','00:00:00',0,'updated',118,0),(1306,1122.54,235.7334,'2015-07-20','20:11:00',1437423098,-1,'0000-00-00','00:00:00',0,'updated',119,0),(1307,928.56,194.9976,'2015-07-20','20:11:00',1437423098,-1,'0000-00-00','00:00:00',0,'updated',120,0),(1308,1705.54,358.1634,'2015-07-20','20:11:00',1437423098,-1,'0000-00-00','00:00:00',0,'updated',121,0),(1309,853.3,179.193,'2015-07-20','20:11:00',1437423098,-1,'0000-00-00','00:00:00',0,'updated',122,0),(1310,673.1,141.351,'2015-07-20','20:11:00',1437423098,-1,'0000-00-00','00:00:00',0,'updated',123,0),(1311,757.9,159.159,'2015-07-20','20:11:00',1437423098,-1,'0000-00-00','00:00:00',0,'updated',124,0),(1312,387.96,81.4716,'2015-07-20','20:11:00',1437423098,-1,'0000-00-00','00:00:00',0,'updated',125,0),(1313,601.02,126.2142,'2015-07-20','20:11:00',1437423098,-1,'0000-00-00','00:00:00',0,'updated',126,0),(1314,363.58,76.3518,'2015-07-20','20:11:00',1437423098,-1,'0000-00-00','00:00:00',0,'updated',127,0),(1315,398.56,83.6976,'2015-07-20','20:11:00',1437423099,-1,'0000-00-00','00:00:00',0,'updated',128,0),(1316,4658.7,978.327,'2015-07-20','20:11:00',1437423099,-1,'0000-00-00','00:00:00',0,'updated',129,0),(1317,6495.68,1364.0928,'2015-07-20','20:11:00',1437423099,-1,'0000-00-00','00:00:00',0,'updated',130,0),(1318,8202.28,1722.4788,'2015-07-20','20:11:00',1437423099,-1,'0000-00-00','00:00:00',0,'updated',131,0),(1319,2341.54,491.7234,'2015-07-20','20:11:00',1437423099,-1,'0000-00-00','00:00:00',0,'updated',132,0),(1320,3087.78,648.4338,'2015-07-20','20:11:00',1437423099,-1,'0000-00-00','00:00:00',0,'updated',133,0),(1321,4270.74,896.8554,'2015-07-20','20:11:00',1437423099,-1,'0000-00-00','00:00:00',0,'updated',134,0),(1322,4950.2,1039.542,'2015-07-20','20:11:00',1437423099,-1,'0000-00-00','00:00:00',0,'updated',135,0),(1323,1852.88,389.1048,'2015-07-20','20:11:00',1437423099,-1,'0000-00-00','00:00:00',0,'updated',136,0),(1324,2477.22,520.2162,'2015-07-20','20:11:00',1437423099,-1,'0000-00-00','00:00:00',0,'updated',137,0),(1325,3415.32,717.2172,'2015-07-20','20:11:00',1437423099,-1,'0000-00-00','00:00:00',0,'updated',138,0),(1326,3973.94,834.5274,'2015-07-20','20:11:00',1437423099,-1,'0000-00-00','00:00:00',0,'updated',139,0),(1327,1874.08,393.5568,'2015-07-20','20:11:00',1437423099,-1,'0000-00-00','00:00:00',0,'updated',140,0),(1328,2509.02,0,'2015-07-20','20:11:00',1437423099,-1,'0000-00-00','00:00:00',0,'updated',141,0),(1329,3458.78,726.3438,'2015-07-20','20:11:00',1437423099,-1,'0000-00-00','00:00:00',0,'updated',142,0),(1330,4026.94,845.6574,'2015-07-20','20:11:00',1437423099,-1,'0000-00-00','00:00:00',0,'updated',143,0),(1331,1369.52,287.5992,'2015-07-20','20:11:00',1437423099,-1,'0000-00-00','00:00:00',0,'updated',144,0),(1332,1897.4,398.454,'2015-07-20','20:11:00',1437423099,-1,'0000-00-00','00:00:00',0,'updated',145,0),(1333,2554.6,536.466,'2015-07-20','20:11:00',1437423099,-1,'0000-00-00','00:00:00',0,'updated',146,0),(1334,3017.82,633.7422,'2015-07-20','20:11:00',1437423099,-1,'0000-00-00','00:00:00',0,'updated',147,0),(1335,3247.84,682.0464,'2015-07-20','20:11:00',1437423099,-1,'0000-00-00','00:00:00',0,'updated',148,0),(1336,4407.48,925.5708,'2015-07-20','20:11:00',1437423099,-1,'0000-00-00','00:00:00',0,'updated',149,0),(1337,6045.18,1269.4878,'2015-07-20','20:11:00',1437423099,-1,'0000-00-00','00:00:00',0,'updated',150,0),(1338,7209.06,1513.9026,'2015-07-20','20:11:00',1437423100,-1,'0000-00-00','00:00:00',0,'updated',151,0),(1339,2120,445.2,'2015-07-20','20:11:00',1437423100,-1,'0000-00-00','00:00:00',0,'updated',152,0),(1340,2754.94,578.5374,'2015-07-20','20:11:00',1437423100,-1,'0000-00-00','00:00:00',0,'updated',153,0),(1341,3827.66,803.8086,'2015-07-20','20:11:00',1437423100,-1,'0000-00-00','00:00:00',0,'updated',154,0),(1342,4395.82,923.1222,'2015-07-20','20:11:00',1437423100,-1,'0000-00-00','00:00:00',0,'updated',155,0),(1343,1873.02,393.3342,'2015-07-20','20:11:00',1437423100,-1,'0000-00-00','00:00:00',0,'updated',156,0),(1344,2507.96,526.6716,'2015-07-20','20:11:00',1437423100,-1,'0000-00-00','00:00:00',0,'updated',157,0),(1345,3455.6,725.676,'2015-07-20','20:11:00',1437423100,-1,'0000-00-00','00:00:00',0,'updated',158,0),(1346,4024.82,845.2122,'2015-07-20','20:11:00',1437423100,-1,'0000-00-00','00:00:00',0,'updated',159,0),(1347,2385,500.85,'2015-07-20','20:11:00',1437423100,-1,'0000-00-00','00:00:00',0,'updated',160,0),(1348,2385,500.85,'2015-07-20','20:11:00',1437423100,-1,'0000-00-00','00:00:00',0,'updated',161,0),(1349,4349.18,913.3278,'2015-07-20','20:11:00',1437423100,-1,'0000-00-00','00:00:00',0,'updated',162,0),(1350,1846.52,387.7692,'2015-07-20','20:11:00',1437423100,-1,'0000-00-00','00:00:00',0,'updated',163,0),(1351,2463.44,517.3224,'2015-07-20','20:11:00',1437423100,-1,'0000-00-00','00:00:00',0,'updated',164,0),(1352,3398.36,713.6556,'2015-07-20','20:11:00',1437423100,-1,'0000-00-00','00:00:00',0,'updated',165,0),(1353,1459.62,306.5202,'2015-07-20','20:11:00',1437423100,-1,'0000-00-00','00:00:00',0,'updated',166,0),(1354,1886.8,396.228,'2015-07-20','20:11:00',1437423100,-1,'0000-00-00','00:00:00',0,'updated',167,0),(1355,2628.8,552.048,'2015-07-20','20:11:00',1437423100,-1,'0000-00-00','00:00:00',0,'updated',168,0),(1356,3061.28,642.8688,'2015-07-20','20:11:00',1437423100,-1,'0000-00-00','00:00:00',0,'updated',169,0),(1357,959.3,201.453,'2015-07-20','20:11:00',1437423100,-1,'0000-00-00','00:00:00',0,'updated',170,0),(1358,1281.54,269.1234,'2015-07-20','20:11:00',1437423101,-1,'0000-00-00','00:00:00',0,'updated',171,0),(1359,1734.16,364.1736,'2015-07-20','20:11:00',1437423101,-1,'0000-00-00','00:00:00',0,'updated',172,0),(1360,2061.7,432.957,'2015-07-20','20:11:00',1437423101,-1,'0000-00-00','00:00:00',0,'updated',173,0),(1361,766.38,160.9398,'2015-07-20','20:11:00',1437423101,-1,'0000-00-00','00:00:00',0,'updated',174,0),(1362,784.4,164.724,'2015-07-20','20:11:00',1437423101,-1,'0000-00-00','00:00:00',0,'updated',175,0),(1363,577.7,121.317,'2015-07-20','20:11:00',1437423101,-1,'0000-00-00','00:00:00',0,'updated',176,0),(1364,192.92,40.5132,'2015-07-20','20:11:00',1437423101,-1,'0000-00-00','00:00:00',0,'updated',177,0),(1365,135.68,28.4928,'2015-07-20','20:11:00',1437423101,-1,'0000-00-00','00:00:00',0,'updated',178,0),(1366,135.68,28.4928,'2015-07-20','20:11:00',1437423101,-1,'0000-00-00','00:00:00',0,'updated',179,0),(1367,114.48,24.0408,'2015-07-20','20:11:00',1437423101,-1,'0000-00-00','00:00:00',0,'updated',180,0),(1368,150.52,31.6092,'2015-07-20','20:11:00',1437423101,-1,'0000-00-00','00:00:00',0,'updated',181,0),(1369,135.68,28.4928,'2015-07-20','20:11:00',1437423101,-1,'0000-00-00','00:00:00',0,'updated',182,0),(1370,157.94,33.1674,'2015-07-20','20:11:00',1437423101,-1,'0000-00-00','00:00:00',0,'updated',183,0),(1371,237.44,49.8624,'2015-07-20','20:11:00',1437423101,-1,'0000-00-00','00:00:00',0,'updated',184,0),(1372,425.06,89.2626,'2015-07-20','20:11:00',1437423101,-1,'0000-00-00','00:00:00',0,'updated',185,0),(1373,226.84,47.6364,'2015-07-20','20:11:00',1437423101,-1,'0000-00-00','00:00:00',0,'updated',186,0),(1374,407.04,85.4784,'2015-07-20','20:11:00',1437423101,-1,'0000-00-00','00:00:00',0,'updated',187,0),(1375,283.02,59.4342,'2015-07-20','20:11:00',1437423101,-1,'0000-00-00','00:00:00',0,'updated',188,0),(1376,462.16,97.0536,'2015-07-20','20:11:00',1437423101,-1,'0000-00-00','00:00:00',0,'updated',189,0),(1377,241.68,50.7528,'2015-07-20','20:11:00',1437423101,-1,'0000-00-00','00:00:00',0,'updated',190,0),(1378,431.42,90.5982,'2015-07-20','20:11:00',1437423101,-1,'0000-00-00','00:00:00',0,'updated',191,0),(1379,324.36,68.1156,'2015-07-20','20:11:00',1437423101,-1,'0000-00-00','00:00:00',0,'updated',192,0),(1380,319.06,67.0026,'2015-07-20','20:11:00',1437423102,-1,'0000-00-00','00:00:00',0,'updated',193,0),(1381,193.98,40.7358,'2015-07-20','20:11:00',1437423102,-1,'0000-00-00','00:00:00',0,'updated',194,0),(1382,552.26,115.9746,'2015-07-20','20:11:00',1437423102,-1,'0000-00-00','00:00:00',0,'updated',195,0),(1383,313.76,65.8896,'2015-07-20','20:11:00',1437423102,-1,'0000-00-00','00:00:00',0,'updated',196,0),(1384,846.94,177.8574,'2015-07-20','20:11:00',1437423102,-1,'0000-00-00','00:00:00',0,'updated',197,0),(1385,466.4,97.944,'2015-07-20','20:11:00',1437423102,-1,'0000-00-00','00:00:00',0,'updated',198,0),(1386,87.98,18.4758,'2015-07-20','20:11:00',1437423102,-1,'0000-00-00','00:00:00',0,'updated',199,0),(1387,155.82,32.7222,'2015-07-20','20:11:00',1437423102,-1,'0000-00-00','00:00:00',0,'updated',200,0),(1388,71.02,14.9142,'2015-07-20','20:11:00',1437423102,-1,'0000-00-00','00:00:00',0,'updated',201,0),(1389,541.66,113.7486,'2015-07-20','20:11:00',1437423102,-1,'0000-00-00','00:00:00',0,'updated',202,0),(1390,348.74,73.2354,'2015-07-20','20:11:00',1437423102,-1,'0000-00-00','00:00:00',0,'updated',203,0),(1391,740.94,155.5974,'2015-07-20','20:11:00',1437423102,-1,'0000-00-00','00:00:00',0,'updated',204,0),(1392,374.1588,78.573348,'2015-07-20','20:11:00',1437423102,-1,'0000-00-00','00:00:00',0,'updated',1,0),(1393,242.6976,50.966496,'2015-07-20','20:11:00',1437423102,-1,'0000-00-00','00:00:00',0,'updated',2,0),(1394,330.3384,69.371064,'2015-07-20','20:11:00',1437423102,-1,'0000-00-00','00:00:00',0,'updated',3,0),(1395,65.1688,13.685448,'2015-07-20','20:11:00',1437423102,-1,'0000-00-00','00:00:00',0,'updated',5,0),(1396,15.7304,3.303384,'2015-07-20','20:11:00',1437423102,-1,'0000-00-00','00:00:00',0,'updated',6,0),(1397,4194.3988,880.823748,'2015-07-20','20:11:00',1437423102,-1,'0000-00-00','00:00:00',0,'updated',7,0),(1398,4126.9828,866.666388,'2015-07-20','20:11:00',1437423102,-1,'0000-00-00','00:00:00',0,'updated',8,0),(1399,3968.5552,833.396592,'2015-07-20','20:11:00',1437423102,-1,'0000-00-00','00:00:00',0,'updated',9,0),(1400,3901.1392,819.239232,'2015-07-20','20:11:00',1437423102,-1,'0000-00-00','00:00:00',0,'updated',10,0),(1401,4539.344,953.26224,'2015-07-20','20:11:00',1437423103,-1,'0000-00-00','00:00:00',0,'updated',11,0),(1402,2660.6848,558.743808,'2015-07-20','20:11:00',1437423103,-1,'0000-00-00','00:00:00',0,'updated',12,0),(1403,3656.1944,767.800824,'2015-07-20','20:11:00',1437423103,-1,'0000-00-00','00:00:00',0,'updated',13,0),(1404,3557.3176,747.036696,'2015-07-20','20:11:00',1437423103,-1,'0000-00-00','00:00:00',0,'updated',14,0),(1405,3064.0572,643.452012,'2015-07-20','20:11:00',1437423103,-1,'0000-00-00','00:00:00',0,'updated',15,0),(1406,2874.1688,603.575448,'2015-07-20','20:11:00',1437423103,-1,'0000-00-00','00:00:00',0,'updated',16,0),(1407,2748.3256,577.148376,'2015-07-20','20:11:00',1437423103,-1,'0000-00-00','00:00:00',0,'updated',17,0),(1408,2415.74,507.3054,'2015-07-20','20:11:00',1437423103,-1,'0000-00-00','00:00:00',0,'updated',18,0),(1409,3302.2604,693.474684,'2015-07-20','20:11:00',1437423103,-1,'0000-00-00','00:00:00',0,'updated',19,0),(1410,3120.2372,655.249812,'2015-07-20','20:11:00',1437423103,-1,'0000-00-00','00:00:00',0,'updated',20,0),(1411,3521.3624,739.486104,'2015-07-20','20:11:00',1437423103,-1,'0000-00-00','00:00:00',0,'updated',21,0),(1412,2911.2476,611.361996,'2015-07-20','20:11:00',1437423103,-1,'0000-00-00','00:00:00',0,'updated',22,0),(1413,2235.964,469.55244,'2015-07-20','20:11:00',1437423103,-1,'0000-00-00','00:00:00',0,'updated',23,0),(1414,2786.528,585.17088,'2015-07-20','20:11:00',1437423103,-1,'0000-00-00','00:00:00',0,'updated',24,0),(1415,2671.9208,561.103368,'2015-07-20','20:11:00',1437423103,-1,'0000-00-00','00:00:00',0,'updated',25,0),(1416,2359.56,495.5076,'2015-07-20','20:11:00',1437423104,-1,'0000-00-00','00:00:00',0,'updated',26,0),(1417,2576.4148,541.047108,'2015-07-20','20:11:00',1437423104,-1,'0000-00-00','00:00:00',0,'updated',27,0),(1418,2521.3584,529.485264,'2015-07-20','20:11:00',1437423104,-1,'0000-00-00','00:00:00',0,'updated',28,0),(1419,2212.3684,464.597364,'2015-07-20','20:11:00',1437423104,-1,'0000-00-00','00:00:00',0,'updated',29,0),(1420,2743.8312,576.204552,'2015-07-20','20:11:00',1437423104,-1,'0000-00-00','00:00:00',0,'updated',30,0),(1421,2552.8192,536.092032,'2015-07-20','20:11:00',1437423104,-1,'0000-00-00','00:00:00',0,'updated',31,0),(1422,3160.6868,663.744228,'2015-07-20','20:11:00',1437423104,-1,'0000-00-00','00:00:00',0,'updated',32,0),(1423,2550.572,0,'2015-07-20','20:11:00',1437423104,-1,'0000-00-00','00:00:00',0,'updated',33,0),(1424,2550.572,0,'2015-07-20','20:11:00',1437423104,-1,'0000-00-00','00:00:00',0,'updated',34,0),(1425,2235.964,469.55244,'2015-07-20','20:11:00',1437423104,-1,'0000-00-00','00:00:00',0,'updated',35,0),(1426,2605.6284,547.181964,'2015-07-20','20:11:00',1437423104,-1,'0000-00-00','00:00:00',0,'updated',36,0),(1427,2559.5608,537.507768,'2015-07-20','20:11:00',1437423104,-1,'0000-00-00','00:00:00',0,'updated',37,0),(1428,2573.044,540.33924,'2015-07-20','20:11:00',1437423104,-1,'0000-00-00','00:00:00',0,'updated',38,0),(1429,3469.6768,728.632128,'2015-07-20','20:11:00',1437423104,-1,'0000-00-00','00:00:00',0,'updated',39,0),(1430,2392.1444,502.350324,'2015-07-20','20:11:00',1437423104,-1,'0000-00-00','00:00:00',0,'updated',40,0),(1431,2922.4836,613.721556,'2015-07-20','20:11:00',1437423104,-1,'0000-00-00','00:00:00',0,'updated',41,0),(1432,2867.4272,602.159712,'2015-07-20','20:11:00',1437423104,-1,'0000-00-00','00:00:00',0,'updated',42,0),(1433,3235.968,679.55328,'2015-07-20','20:11:00',1437423104,-1,'0000-00-00','00:00:00',0,'updated',43,0),(1434,3698.8912,776.767152,'2015-07-20','20:11:00',1437423104,-1,'0000-00-00','00:00:00',0,'updated',44,0),(1435,477.53,100.2813,'2015-07-20','20:11:00',1437423104,-1,'0000-00-00','00:00:00',0,'updated',45,0),(1436,1830.3444,384.372324,'2015-07-20','20:11:00',1437423104,-1,'0000-00-00','00:00:00',0,'updated',46,0),(1437,1713.49,359.8329,'2015-07-20','20:11:00',1437423104,-1,'0000-00-00','00:00:00',0,'updated',47,0),(1438,2092.1432,439.350072,'2015-07-20','20:11:00',1437423104,-1,'0000-00-00','00:00:00',0,'updated',48,0),(1439,2512.3696,527.597616,'2015-07-20','20:11:00',1437423105,-1,'0000-00-00','00:00:00',0,'updated',49,0),(1440,2450.5716,514.620036,'2015-07-20','20:11:00',1437423105,-1,'0000-00-00','00:00:00',0,'updated',50,0),(1441,1929.2212,405.136452,'2015-07-20','20:11:00',1437423105,-1,'0000-00-00','00:00:00',0,'updated',51,0),(1442,1874.1648,393.574608,'2015-07-20','20:11:00',1437423105,-1,'0000-00-00','00:00:00',0,'updated',52,0),(1443,1817.9848,381.776808,'2015-07-20','20:11:00',1437423105,-1,'0000-00-00','00:00:00',0,'updated',53,0),(1444,1762.9284,370.214964,'2015-07-20','20:11:00',1437423105,-1,'0000-00-00','00:00:00',0,'updated',54,0),(1445,2480.9088,520.990848,'2015-07-20','20:11:00',1437423105,-1,'0000-00-00','00:00:00',0,'updated',55,0),(1446,1957.3112,411.035352,'2015-07-20','20:11:00',1437423105,-1,'0000-00-00','00:00:00',0,'updated',56,0),(1447,1801.1308,378.237468,'2015-07-20','20:11:00',1437423105,-1,'0000-00-00','00:00:00',0,'updated',57,0),(1448,1982.0304,416.226384,'2015-07-20','20:11:00',1437423105,-1,'0000-00-00','00:00:00',0,'updated',58,0),(1449,1458.4328,306.270888,'2015-07-20','20:11:00',1437423105,-1,'0000-00-00','00:00:00',0,'updated',59,0),(1450,1426.972,299.66412,'2015-07-20','20:11:00',1437423105,-1,'0000-00-00','00:00:00',0,'updated',60,0),(1451,1383.1516,290.461836,'2015-07-20','20:11:00',1437423105,-1,'0000-00-00','00:00:00',0,'updated',61,0),(1452,1349.4436,283.383156,'2015-07-20','20:11:00',1437423105,-1,'0000-00-00','00:00:00',0,'updated',62,0),(1453,1297.758,272.52918,'2015-07-20','20:11:00',1437423105,-1,'0000-00-00','00:00:00',0,'updated',63,0),(1454,1226.9712,257.663952,'2015-07-20','20:11:00',1437423105,-1,'0000-00-00','00:00:00',0,'updated',64,0),(1455,2116.8624,444.541104,'2015-07-20','20:11:00',1437423105,-1,'0000-00-00','00:00:00',0,'updated',65,0),(1456,2002.2552,0,'2015-07-20','20:11:00',1437423105,-1,'0000-00-00','00:00:00',0,'updated',66,0),(1457,1846.0748,387.675708,'2015-07-20','20:11:00',1437423105,-1,'0000-00-00','00:00:00',0,'updated',67,0),(1458,949.442,199.38282,'2015-07-20','20:11:00',1437423105,-1,'0000-00-00','00:00:00',0,'updated',68,0),(1459,1367.4212,287.158452,'2015-07-20','20:11:00',1437423105,-1,'0000-00-00','00:00:00',0,'updated',69,0),(1460,1450.5676,304.619196,'2015-07-20','20:11:00',1437423105,-1,'0000-00-00','00:00:00',0,'updated',70,0),(1461,1337.084,280.78764,'2015-07-20','20:11:00',1437423105,-1,'0000-00-00','00:00:00',0,'updated',71,0),(1462,653.9352,137.326392,'2015-07-20','20:11:00',1437423106,-1,'0000-00-00','00:00:00',0,'updated',72,0),(1463,889.8912,186.877152,'2015-07-20','20:11:00',1437423106,-1,'0000-00-00','00:00:00',0,'updated',73,0),(1464,1583.1524,332.462004,'2015-07-20','20:11:00',1437423106,-1,'0000-00-00','00:00:00',0,'updated',74,0),(1465,1564.0512,328.450752,'2015-07-20','20:11:00',1437423106,-1,'0000-00-00','00:00:00',0,'updated',75,0),(1466,1453.9384,305.327064,'2015-07-20','20:11:00',1437423106,-1,'0000-00-00','00:00:00',0,'updated',76,0),(1467,1435.9608,301.551768,'2015-07-20','20:11:00',1437423106,-1,'0000-00-00','00:00:00',0,'updated',77,0),(1468,1348.32,283.1472,'2015-07-20','20:11:00',1437423106,-1,'0000-00-00','00:00:00',0,'updated',78,0),(1469,1348.32,283.1472,'2015-07-20','20:11:00',1437423106,-1,'0000-00-00','00:00:00',0,'updated',79,0),(1470,1328.0952,278.899992,'2015-07-20','20:11:00',1437423106,-1,'0000-00-00','00:00:00',0,'updated',80,0),(1471,1220.2296,256.248216,'2015-07-20','20:11:00',1437423106,-1,'0000-00-00','00:00:00',0,'updated',81,0),(1472,1220.2296,256.248216,'2015-07-20','20:11:00',1437423106,-1,'0000-00-00','00:00:00',0,'updated',82,0),(1473,1200.0048,252.001008,'2015-07-20','20:11:00',1437423106,-1,'0000-00-00','00:00:00',0,'updated',83,0),(1474,1129.218,237.13578,'2015-07-20','20:11:00',1437423106,-1,'0000-00-00','00:00:00',0,'updated',84,0),(1475,1167.4204,245.158284,'2015-07-20','20:11:00',1437423106,-1,'0000-00-00','00:00:00',0,'updated',85,0),(1476,1096.6336,230.293056,'2015-07-20','20:11:00',1437423106,-1,'0000-00-00','00:00:00',0,'updated',86,0),(1477,1315.7356,276.304476,'2015-07-20','20:11:00',1437423106,-1,'0000-00-00','00:00:00',0,'updated',87,0),(1478,1187.6452,249.405492,'2015-07-20','20:11:00',1437423106,-1,'0000-00-00','00:00:00',0,'updated',88,0),(1479,1115.7348,234.304308,'2015-07-20','20:11:00',1437423106,-1,'0000-00-00','00:00:00',0,'updated',89,0),(1480,1543.8264,324.203544,'2015-07-20','20:11:00',1437423106,-1,'0000-00-00','00:00:00',0,'updated',90,0),(1481,1010.1164,212.124444,'2015-07-20','20:11:00',1437423106,-1,'0000-00-00','00:00:00',0,'updated',91,0),(1482,1126.9708,236.663868,'2015-07-20','20:11:00',1437423106,-1,'0000-00-00','00:00:00',0,'updated',92,0),(1483,803.374,168.70854,'2015-07-20','20:11:00',1437423106,-1,'0000-00-00','00:00:00',0,'updated',93,0),(1484,973.0376,204.337896,'2015-07-20','20:11:00',1437423106,-1,'0000-00-00','00:00:00',0,'updated',94,0),(1485,649.4408,136.382568,'2015-07-20','20:11:00',1437423107,-1,'0000-00-00','00:00:00',0,'updated',95,0),(1486,1010.1164,212.124444,'2015-07-20','20:11:00',1437423107,-1,'0000-00-00','00:00:00',0,'updated',96,0),(1487,694.3848,145.820808,'2015-07-20','20:11:00',1437423107,-1,'0000-00-00','00:00:00',0,'updated',97,0),(1488,1008.9928,211.888488,'2015-07-20','20:11:00',1437423107,-1,'0000-00-00','00:00:00',0,'updated',98,0),(1489,619.1036,130.011756,'2015-07-20','20:11:00',1437423107,-1,'0000-00-00','00:00:00',0,'updated',99,0),(1490,844.9472,177.438912,'2015-07-20','20:11:00',1437423107,-1,'0000-00-00','00:00:00',0,'updated',100,0),(1491,593.2608,124.584768,'2015-07-20','20:11:00',1437423107,-1,'0000-00-00','00:00:00',0,'updated',101,0),(1492,593.2608,124.584768,'2015-07-20','20:11:00',1437423107,-1,'0000-00-00','00:00:00',0,'updated',102,0),(1493,929.2172,195.135612,'2015-07-20','20:11:00',1437423107,-1,'0000-00-00','00:00:00',0,'updated',103,0),(1494,537.0808,112.786968,'2015-07-20','20:11:00',1437423107,-1,'0000-00-00','00:00:00',0,'updated',104,0),(1495,511.238,107.35998,'2015-07-20','20:11:00',1437423107,-1,'0000-00-00','00:00:00',0,'updated',105,0),(1496,1288.7692,270.641532,'2015-07-20','20:11:00',1437423107,-1,'0000-00-00','00:00:00',0,'updated',106,0),(1497,2286.526,480.17046,'2015-07-20','20:11:00',1437423107,-1,'0000-00-00','00:00:00',0,'updated',107,0),(1498,1032.5884,216.843564,'2015-07-20','20:11:00',1437423107,-1,'0000-00-00','00:00:00',0,'updated',108,0),(1499,822.4752,172.719792,'2015-07-20','20:11:00',1437423107,-1,'0000-00-00','00:00:00',0,'updated',109,0),(1500,2062.9296,433.215216,'2015-07-20','20:11:00',1437423107,-1,'0000-00-00','00:00:00',0,'updated',110,0),(1501,1032.5884,216.843564,'2015-07-20','20:11:00',1437423107,-1,'0000-00-00','00:00:00',0,'updated',111,0),(1502,822.4752,172.719792,'2015-07-20','20:11:00',1437423107,-1,'0000-00-00','00:00:00',0,'updated',112,0),(1503,2062.9296,433.215216,'2015-07-20','20:11:00',1437423107,-1,'0000-00-00','00:00:00',0,'updated',113,0),(1504,592.1372,124.348812,'2015-07-20','20:11:00',1437423107,-1,'0000-00-00','00:00:00',0,'updated',114,0),(1505,1073.038,225.33798,'2015-07-20','20:11:00',1437423107,-1,'0000-00-00','00:00:00',0,'updated',115,0),(1506,1779.7824,373.754304,'2015-07-20','20:11:00',1437423107,-1,'0000-00-00','00:00:00',0,'updated',116,0),(1507,807.8684,169.652364,'2015-07-20','20:11:00',1437423107,-1,'0000-00-00','00:00:00',0,'updated',117,0),(1508,933.7116,196.079436,'2015-07-20','20:11:00',1437423107,-1,'0000-00-00','00:00:00',0,'updated',118,0),(1509,1189.8924,249.877404,'2015-07-20','20:11:00',1437423108,-1,'0000-00-00','00:00:00',0,'updated',119,0),(1510,984.2736,206.697456,'2015-07-20','20:11:00',1437423108,-1,'0000-00-00','00:00:00',0,'updated',120,0),(1511,1807.8724,379.653204,'2015-07-20','20:11:00',1437423108,-1,'0000-00-00','00:00:00',0,'updated',121,0),(1512,904.498,189.94458,'2015-07-20','20:11:00',1437423108,-1,'0000-00-00','00:00:00',0,'updated',122,0),(1513,713.486,149.83206,'2015-07-20','20:11:00',1437423108,-1,'0000-00-00','00:00:00',0,'updated',123,0),(1514,803.374,168.70854,'2015-07-20','20:11:00',1437423108,-1,'0000-00-00','00:00:00',0,'updated',124,0),(1515,411.2376,86.359896,'2015-07-20','20:11:00',1437423108,-1,'0000-00-00','00:00:00',0,'updated',125,0),(1516,637.0812,133.787052,'2015-07-20','20:11:00',1437423108,-1,'0000-00-00','00:00:00',0,'updated',126,0),(1517,385.3948,80.932908,'2015-07-20','20:11:00',1437423108,-1,'0000-00-00','00:00:00',0,'updated',127,0),(1518,422.4736,88.719456,'2015-07-20','20:11:00',1437423108,-1,'0000-00-00','00:00:00',0,'updated',128,0),(1519,4938.222,1037.02662,'2015-07-20','20:11:00',1437423108,-1,'0000-00-00','00:00:00',0,'updated',129,0),(1520,6885.4208,1445.938368,'2015-07-20','20:11:00',1437423108,-1,'0000-00-00','00:00:00',0,'updated',130,0),(1521,8694.4168,1825.827528,'2015-07-20','20:11:00',1437423108,-1,'0000-00-00','00:00:00',0,'updated',131,0),(1522,2482.0324,521.226804,'2015-07-20','20:11:00',1437423108,-1,'0000-00-00','00:00:00',0,'updated',132,0),(1523,3273.0468,687.339828,'2015-07-20','20:11:00',1437423108,-1,'0000-00-00','00:00:00',0,'updated',133,0),(1524,4526.9844,950.666724,'2015-07-20','20:11:00',1437423108,-1,'0000-00-00','00:00:00',0,'updated',134,0),(1525,5247.212,1101.91452,'2015-07-20','20:11:00',1437423108,-1,'0000-00-00','00:00:00',0,'updated',135,0),(1526,1964.0528,412.451088,'2015-07-20','20:11:00',1437423108,-1,'0000-00-00','00:00:00',0,'updated',136,0),(1527,2625.8532,551.429172,'2015-07-20','20:11:00',1437423108,-1,'0000-00-00','00:00:00',0,'updated',137,0),(1528,3620.2392,760.250232,'2015-07-20','20:11:00',1437423108,-1,'0000-00-00','00:00:00',0,'updated',138,0),(1529,4212.3764,884.599044,'2015-07-20','20:11:00',1437423108,-1,'0000-00-00','00:00:00',0,'updated',139,0),(1530,1986.5248,417.170208,'2015-07-20','20:11:00',1437423108,-1,'0000-00-00','00:00:00',0,'updated',140,0),(1531,2659.5612,0,'2015-07-20','20:11:00',1437423108,-1,'0000-00-00','00:00:00',0,'updated',141,0),(1532,3666.3068,769.924428,'2015-07-20','20:11:00',1437423109,-1,'0000-00-00','00:00:00',0,'updated',142,0),(1533,4268.5564,896.396844,'2015-07-20','20:11:00',1437423109,-1,'0000-00-00','00:00:00',0,'updated',143,0),(1534,1451.6912,304.855152,'2015-07-20','20:11:00',1437423109,-1,'0000-00-00','00:00:00',0,'updated',144,0),(1535,2011.244,422.36124,'2015-07-20','20:11:00',1437423109,-1,'0000-00-00','00:00:00',0,'updated',145,0),(1536,2707.876,568.65396,'2015-07-20','20:11:00',1437423109,-1,'0000-00-00','00:00:00',0,'updated',146,0),(1537,3198.8892,671.766732,'2015-07-20','20:11:00',1437423109,-1,'0000-00-00','00:00:00',0,'updated',147,0),(1538,3442.7104,722.969184,'2015-07-20','20:11:00',1437423109,-1,'0000-00-00','00:00:00',0,'updated',148,0),(1539,4671.9288,981.105048,'2015-07-20','20:11:00',1437423109,-1,'0000-00-00','00:00:00',0,'updated',149,0),(1540,6407.8908,1345.657068,'2015-07-20','20:11:00',1437423109,-1,'0000-00-00','00:00:00',0,'updated',150,0),(1541,7641.6036,1604.736756,'2015-07-20','20:11:00',1437423109,-1,'0000-00-00','00:00:00',0,'updated',151,0),(1542,2247.2,471.912,'2015-07-20','20:11:00',1437423109,-1,'0000-00-00','00:00:00',0,'updated',152,0),(1543,2920.2364,613.249644,'2015-07-20','20:11:00',1437423109,-1,'0000-00-00','00:00:00',0,'updated',153,0),(1544,4057.3196,852.037116,'2015-07-20','20:11:00',1437423109,-1,'0000-00-00','00:00:00',0,'updated',154,0),(1545,4659.5692,978.509532,'2015-07-20','20:11:00',1437423109,-1,'0000-00-00','00:00:00',0,'updated',155,0),(1546,1985.4012,416.934252,'2015-07-20','20:11:00',1437423109,-1,'0000-00-00','00:00:00',0,'updated',156,0),(1547,2658.4376,558.271896,'2015-07-20','20:11:00',1437423109,-1,'0000-00-00','00:00:00',0,'updated',157,0),(1548,3662.936,769.21656,'2015-07-20','20:11:00',1437423109,-1,'0000-00-00','00:00:00',0,'updated',158,0),(1549,4266.3092,895.924932,'2015-07-20','20:11:00',1437423109,-1,'0000-00-00','00:00:00',0,'updated',159,0),(1550,2528.1,530.901,'2015-07-20','20:11:00',1437423109,-1,'0000-00-00','00:00:00',0,'updated',160,0),(1551,2528.1,530.901,'2015-07-20','20:11:00',1437423109,-1,'0000-00-00','00:00:00',0,'updated',161,0),(1552,4610.1308,968.127468,'2015-07-20','20:11:00',1437423109,-1,'0000-00-00','00:00:00',0,'updated',162,0),(1553,1957.3112,411.035352,'2015-07-20','20:11:00',1437423109,-1,'0000-00-00','00:00:00',0,'updated',163,0),(1554,2611.2464,548.361744,'2015-07-20','20:11:00',1437423109,-1,'0000-00-00','00:00:00',0,'updated',164,0),(1555,3602.2616,756.474936,'2015-07-20','20:11:00',1437423110,-1,'0000-00-00','00:00:00',0,'updated',165,0),(1556,1547.1972,324.911412,'2015-07-20','20:11:00',1437423110,-1,'0000-00-00','00:00:00',0,'updated',166,0),(1557,2000.008,420.00168,'2015-07-20','20:11:00',1437423110,-1,'0000-00-00','00:00:00',0,'updated',167,0),(1558,2786.528,585.17088,'2015-07-20','20:11:00',1437423110,-1,'0000-00-00','00:00:00',0,'updated',168,0),(1559,3244.9568,681.440928,'2015-07-20','20:11:00',1437423110,-1,'0000-00-00','00:00:00',0,'updated',169,0),(1560,1016.858,213.54018,'2015-07-20','20:11:00',1437423110,-1,'0000-00-00','00:00:00',0,'updated',170,0),(1561,1358.4324,285.270804,'2015-07-20','20:11:00',1437423110,-1,'0000-00-00','00:00:00',0,'updated',171,0),(1562,1838.2096,386.024016,'2015-07-20','20:11:00',1437423110,-1,'0000-00-00','00:00:00',0,'updated',172,0),(1563,2185.402,458.93442,'2015-07-20','20:11:00',1437423110,-1,'0000-00-00','00:00:00',0,'updated',173,0),(1564,812.3628,170.596188,'2015-07-20','20:11:00',1437423110,-1,'0000-00-00','00:00:00',0,'updated',174,0),(1565,831.464,174.60744,'2015-07-20','20:11:00',1437423110,-1,'0000-00-00','00:00:00',0,'updated',175,0),(1566,612.362,128.59602,'2015-07-20','20:11:00',1437423110,-1,'0000-00-00','00:00:00',0,'updated',176,0),(1567,204.4952,42.943992,'2015-07-20','20:11:00',1437423110,-1,'0000-00-00','00:00:00',0,'updated',177,0),(1568,143.8208,30.202368,'2015-07-20','20:11:00',1437423110,-1,'0000-00-00','00:00:00',0,'updated',178,0),(1569,143.8208,30.202368,'2015-07-20','20:11:00',1437423110,-1,'0000-00-00','00:00:00',0,'updated',179,0),(1570,121.3488,25.483248,'2015-07-20','20:11:00',1437423110,-1,'0000-00-00','00:00:00',0,'updated',180,0),(1571,159.5512,33.505752,'2015-07-20','20:11:00',1437423110,-1,'0000-00-00','00:00:00',0,'updated',181,0),(1572,143.8208,30.202368,'2015-07-20','20:11:00',1437423110,-1,'0000-00-00','00:00:00',0,'updated',182,0),(1573,167.4164,35.157444,'2015-07-20','20:11:00',1437423110,-1,'0000-00-00','00:00:00',0,'updated',183,0),(1574,251.6864,52.854144,'2015-07-20','20:11:00',1437423110,-1,'0000-00-00','00:00:00',0,'updated',184,0),(1575,450.5636,94.618356,'2015-07-20','20:11:00',1437423110,-1,'0000-00-00','00:00:00',0,'updated',185,0),(1576,240.4504,50.494584,'2015-07-20','20:11:00',1437423110,-1,'0000-00-00','00:00:00',0,'updated',186,0),(1577,431.4624,90.607104,'2015-07-20','20:11:00',1437423110,-1,'0000-00-00','00:00:00',0,'updated',187,0),(1578,300.0012,63.000252,'2015-07-20','20:11:00',1437423111,-1,'0000-00-00','00:00:00',0,'updated',188,0),(1579,489.8896,102.876816,'2015-07-20','20:11:00',1437423111,-1,'0000-00-00','00:00:00',0,'updated',189,0),(1580,256.1808,53.797968,'2015-07-20','20:11:00',1437423111,-1,'0000-00-00','00:00:00',0,'updated',190,0),(1581,457.3052,96.034092,'2015-07-20','20:11:00',1437423111,-1,'0000-00-00','00:00:00',0,'updated',191,0),(1582,343.8216,72.202536,'2015-07-20','20:11:00',1437423111,-1,'0000-00-00','00:00:00',0,'updated',192,0),(1583,338.2036,71.022756,'2015-07-20','20:11:00',1437423111,-1,'0000-00-00','00:00:00',0,'updated',193,0),(1584,205.6188,43.179948,'2015-07-20','20:11:00',1437423111,-1,'0000-00-00','00:00:00',0,'updated',194,0),(1585,585.3956,122.933076,'2015-07-20','20:11:00',1437423111,-1,'0000-00-00','00:00:00',0,'updated',195,0),(1586,332.5856,69.842976,'2015-07-20','20:11:00',1437423111,-1,'0000-00-00','00:00:00',0,'updated',196,0),(1587,897.7564,188.528844,'2015-07-20','20:11:00',1437423111,-1,'0000-00-00','00:00:00',0,'updated',197,0),(1588,494.384,103.82064,'2015-07-20','20:11:00',1437423111,-1,'0000-00-00','00:00:00',0,'updated',198,0),(1589,93.2588,19.584348,'2015-07-20','20:11:00',1437423111,-1,'0000-00-00','00:00:00',0,'updated',199,0),(1590,165.1692,34.685532,'2015-07-20','20:11:00',1437423111,-1,'0000-00-00','00:00:00',0,'updated',200,0),(1591,75.2812,15.809052,'2015-07-20','20:11:00',1437423111,-1,'0000-00-00','00:00:00',0,'updated',201,0),(1592,574.1596,120.573516,'2015-07-20','20:11:00',1437423111,-1,'0000-00-00','00:00:00',0,'updated',202,0),(1593,369.6644,77.629524,'2015-07-20','20:11:00',1437423111,-1,'0000-00-00','00:00:00',0,'updated',203,0),(1594,785.3964,164.933244,'2015-07-20','20:11:00',1437423111,-1,'0000-00-00','00:00:00',0,'updated',204,0),(1601,280.991,59.00811,'2015-07-20','21:07:00',1437426460,-1,'0000-00-00','00:00:00',0,'updated',771,0),(1604,100,21,'2015-07-22','15:47:00',1437580072,-1,'0000-00-00','00:00:00',0,'updated',944,0),(1605,3236,679.56,'2015-07-22','22:18:00',1437603521,-1,'0000-00-00','00:00:00',0,'updated',291,0),(1606,110,23.1,'2015-08-04','03:59:00',1438660782,-1,'0000-00-00','00:00:00',0,'updated',944,0),(1607,100,21,'2015-08-04','03:59:00',1438660792,-1,'0000-00-00','00:00:00',0,'updated',944,0);
/*!40000 ALTER TABLE `product_price` ENABLE KEYS */;
UNLOCK TABLES;

--
-- Table structure for table `profile`
--

DROP TABLE IF EXISTS `profile`;
/*!40101 SET @saved_cs_client     = @@character_set_client */;
/*!40101 SET character_set_client = utf8 */;
CREATE TABLE `profile` (
  `profile_id` int(11) NOT NULL AUTO_INCREMENT,
  `name` varchar(45) DEFAULT NULL,
  `value` text,
  `create_timestamp` int(11) DEFAULT NULL,
  `update_timestamp` int(11) DEFAULT NULL,
  `customer_id` int(11) NOT NULL,
  `profile_class_id` int(11) NOT NULL,
  PRIMARY KEY (`profile_id`),
  KEY `fk_profile_customer1_idx` (`customer_id`),
  KEY `fk_profile_profile_class1_idx` (`profile_class_id`),
  CONSTRAINT `fk_profile_profile_class1` FOREIGN KEY (`profile_class_id`) REFERENCES `profile_class` (`profile_class_id`) ON DELETE NO ACTION ON UPDATE NO ACTION
) ENGINE=InnoDB AUTO_INCREMENT=127 DEFAULT CHARSET=utf8;
/*!40101 SET character_set_client = @saved_cs_client */;

--
-- Dumping data for table `profile`
--

LOCK TABLES `profile` WRITE;
/*!40000 ALTER TABLE `profile` DISABLE KEYS */;
INSERT INTO `profile` VALUES (1,'','12',0,0,1,1),(2,'','12',0,0,2,1),(3,'','1',0,0,3,1),(4,'','12',0,0,4,1),(5,'','12',0,0,5,1),(6,'','1',0,0,6,1),(7,'','12',0,0,7,1),(8,'','12',0,0,9,1),(9,'','1',0,0,10,1),(10,'','12',0,0,11,1),(12,'','18',0,0,12,1),(13,'','17',0,0,13,1),(14,'','17',0,0,14,1),(16,'','17',0,0,16,1),(17,'','12',0,0,17,1),(18,'','12',0,0,18,1),(19,'','12',0,0,19,1),(20,'','12',0,0,20,1),(21,'','12',0,0,21,1),(22,'','5',0,0,22,1),(23,'','12',0,0,23,1),(24,'','12',0,0,24,1),(25,'','15',0,0,25,1),(26,'','12',0,0,26,1),(27,'','18',0,0,27,1),(28,'','12',0,0,28,1),(29,'','12',0,0,29,1),(30,'','12',0,0,30,1),(31,'','12',0,0,31,1),(32,'','19',0,0,32,1),(33,'','12',0,0,33,1),(34,'','12',0,0,34,1),(35,'','1',0,0,35,1),(36,'','12',0,0,36,1),(37,'','12',0,0,37,1),(38,'','2',0,0,38,1),(39,'','12',0,0,39,1),(40,'','12',0,0,40,1),(41,'','12',0,0,41,1),(42,'','20',0,0,42,1),(43,'','',0,0,43,1),(44,'','12',0,0,44,1),(45,'','1',0,0,45,1),(46,'','1',0,0,46,1),(47,'','15',0,0,47,1),(48,'','1',0,0,48,1),(49,'','18',0,0,49,1),(50,'','18',0,0,50,1),(51,'','1',0,0,51,1),(52,'','12',0,0,52,1),(53,'','12',0,0,56,1),(54,'','12',0,0,57,1),(55,'','',0,0,58,1),(56,'','',0,0,59,1),(57,'','1',0,0,60,1),(58,'','12',0,0,61,1),(59,'','12',0,0,62,1),(60,'','18',0,0,63,1),(61,'','12',0,0,64,1),(62,'','',0,0,65,1),(63,'','12',0,0,66,1),(64,'','1',0,0,67,1),(65,'','17',0,0,68,1),(66,'','',0,0,69,1),(67,'','20',0,0,70,1),(68,'','',0,0,71,1),(69,'','12',0,0,72,1),(70,'','12',0,0,73,1),(71,'','7',0,0,74,1),(72,'','12',0,0,75,1),(73,'','1',0,0,76,1),(74,'','',0,0,77,1),(76,'','',0,0,89,1),(77,'','12',0,0,90,1),(78,'','',0,0,91,1),(79,'','8',0,0,92,1),(80,'','12',0,0,93,1),(81,'','12',0,0,94,1),(82,'','12',0,0,95,1),(83,'','',0,0,96,1),(84,'','12',0,0,97,1),(85,'','18',0,0,98,1),(86,'','12',0,0,99,1),(87,'','12',0,0,100,1),(88,'','12',0,0,101,1),(89,'','12',0,0,102,1),(90,'','12',0,0,103,1),(91,'','2',0,0,104,1),(92,'','',0,0,105,1),(93,'','12',0,0,106,1),(94,'','12',0,0,107,1),(95,'','12',0,0,108,1),(96,'','18',0,0,109,1),(97,'','12',0,0,110,1),(98,'','12',0,0,111,1),(99,'','12',0,0,112,1),(100,'','14',0,0,113,1),(101,'','15',0,0,114,1),(102,'','12',0,0,115,1),(103,'','5',0,0,116,1),(104,'','12',0,0,117,1),(105,'','12',0,0,118,1),(106,'','12',0,0,119,1),(107,'','8',0,0,120,1),(108,'','',0,0,121,1),(109,'','12',0,0,122,1),(110,'','12',0,0,123,1),(111,'','4',0,0,124,1),(112,'','1',0,0,125,1),(113,'','19',0,0,126,1),(114,'','5',0,0,127,1),(115,'','',0,0,128,1),(116,'','1',0,0,129,1),(117,'','12',0,0,130,1),(118,'','12',0,0,131,1),(119,'','18',0,0,132,1),(120,'','18',0,0,133,1),(121,'','15',0,0,134,1),(122,'','5',0,0,135,1),(123,'','',0,0,136,1),(124,'','12',0,0,137,1),(125,'','',0,0,138,1),(126,'','1',0,0,139,1);
/*!40000 ALTER TABLE `profile` ENABLE KEYS */;
UNLOCK TABLES;

--
-- Table structure for table `profile_class`
--

DROP TABLE IF EXISTS `profile_class`;
/*!40101 SET @saved_cs_client     = @@character_set_client */;
/*!40101 SET character_set_client = utf8 */;
CREATE TABLE `profile_class` (
  `profile_class_id` int(11) NOT NULL AUTO_INCREMENT,
  `name` varchar(45) DEFAULT NULL,
  `data_type` varchar(45) DEFAULT NULL,
  `data_max` int(11) DEFAULT NULL,
  `data_min` varchar(45) DEFAULT NULL,
  `pattern` varchar(45) DEFAULT NULL,
  `status` enum('enabled','disabled') DEFAULT NULL,
  `order` int(11) DEFAULT NULL,
  `multiple` tinyint(1) DEFAULT NULL,
  `default` varchar(45) DEFAULT NULL,
  `hint` varchar(255) DEFAULT NULL,
  `searchable` tinyint(1) DEFAULT NULL,
  PRIMARY KEY (`profile_class_id`)
) ENGINE=InnoDB AUTO_INCREMENT=2 DEFAULT CHARSET=utf8;
/*!40101 SET character_set_client = @saved_cs_client */;

--
-- Dumping data for table `profile_class`
--

LOCK TABLES `profile_class` WRITE;
/*!40000 ALTER TABLE `profile_class` DISABLE KEYS */;
INSERT INTO `profile_class` VALUES (1,'Código de Provincia','textInput',0,'0','','enabled',0,0,'','Código de Filtrado de provincias',1);
/*!40000 ALTER TABLE `profile_class` ENABLE KEYS */;
UNLOCK TABLES;

--
-- Table structure for table `provider`
--

DROP TABLE IF EXISTS `provider`;
/*!40101 SET @saved_cs_client     = @@character_set_client */;
/*!40101 SET character_set_client = utf8 */;
CREATE TABLE `provider` (
  `provider_id` int(11) NOT NULL AUTO_INCREMENT,
  `name` varchar(255) DEFAULT NULL,
  `business_name` varchar(255) DEFAULT NULL,
  `tax_identification` varchar(45) DEFAULT NULL,
  `address` varchar(255) DEFAULT NULL,
  `bill_type` varchar(1) DEFAULT NULL,
  `phone` varchar(45) DEFAULT NULL,
  `phone2` varchar(45) DEFAULT NULL,
  `description` text,
  `account_id` int(11) DEFAULT NULL,
  `tax_condition_id` int(11) NOT NULL,
  PRIMARY KEY (`provider_id`),
  KEY `fk_provider_account1_idx` (`account_id`),
  KEY `fk_provider_tax_condition1_idx` (`tax_condition_id`),
  CONSTRAINT `fk_provider_account1` FOREIGN KEY (`account_id`) REFERENCES `account` (`account_id`) ON DELETE NO ACTION ON UPDATE NO ACTION,
  CONSTRAINT `fk_provider_tax_condition1` FOREIGN KEY (`tax_condition_id`) REFERENCES `tax_condition` (`tax_condition_id`) ON DELETE NO ACTION ON UPDATE NO ACTION
) ENGINE=InnoDB AUTO_INCREMENT=2 DEFAULT CHARSET=utf8;
/*!40101 SET character_set_client = @saved_cs_client */;

--
-- Dumping data for table `provider`
--

LOCK TABLES `provider` WRITE;
/*!40000 ALTER TABLE `provider` DISABLE KEYS */;
INSERT INTO `provider` VALUES (1,'PORTANTINO ','PORTANTINO S.A.','30-70816592-8','OZANAM 1369-MORON-BS.AS.','A','5411-46968844','','',0,2);
/*!40000 ALTER TABLE `provider` ENABLE KEYS */;
UNLOCK TABLES;

--
-- Table structure for table `provider_bill`
--

DROP TABLE IF EXISTS `provider_bill`;
/*!40101 SET @saved_cs_client     = @@character_set_client */;
/*!40101 SET character_set_client = utf8 */;
CREATE TABLE `provider_bill` (
  `provider_bill_id` int(11) NOT NULL AUTO_INCREMENT,
  `date` date DEFAULT NULL,
  `type` varchar(1) DEFAULT NULL,
  `number` varchar(45) DEFAULT NULL,
  `net` double DEFAULT NULL,
  `taxes` double DEFAULT NULL,
  `total` double DEFAULT NULL,
  `provider_id` int(11) NOT NULL,
  `description` varchar(255) DEFAULT NULL,
  `timestamp` int(11) DEFAULT NULL,
  `balance` double DEFAULT NULL,
  `bill_type_id` int(11) NOT NULL,
  `status` varchar(45) DEFAULT NULL,
  `company_id` int(11) DEFAULT NULL,
  PRIMARY KEY (`provider_bill_id`),
  KEY `fk_provider_bill_provider1_idx` (`provider_id`),
  KEY `fk_provider_bill_bill_type1_idx` (`bill_type_id`),
  KEY `ix_provider_bill_company_id` (`company_id`),
  CONSTRAINT `fk_provider_bill_bill_type1` FOREIGN KEY (`bill_type_id`) REFERENCES `bill_type` (`bill_type_id`) ON DELETE NO ACTION ON UPDATE NO ACTION,
  CONSTRAINT `fk_provider_bill_provider1` FOREIGN KEY (`provider_id`) REFERENCES `provider` (`provider_id`) ON DELETE NO ACTION ON UPDATE NO ACTION
) ENGINE=InnoDB DEFAULT CHARSET=utf8;
/*!40101 SET character_set_client = @saved_cs_client */;

--
-- Dumping data for table `provider_bill`
--

LOCK TABLES `provider_bill` WRITE;
/*!40000 ALTER TABLE `provider_bill` DISABLE KEYS */;
/*!40000 ALTER TABLE `provider_bill` ENABLE KEYS */;
UNLOCK TABLES;

--
-- Table structure for table `provider_bill_has_provider_payment`
--

DROP TABLE IF EXISTS `provider_bill_has_provider_payment`;
/*!40101 SET @saved_cs_client     = @@character_set_client */;
/*!40101 SET character_set_client = utf8 */;
CREATE TABLE `provider_bill_has_provider_payment` (
  `provider_bill_id` int(11) NOT NULL,
  `provider_payment_id` int(11) NOT NULL,
  `amount` double DEFAULT NULL,
  PRIMARY KEY (`provider_bill_id`,`provider_payment_id`),
  KEY `fk_provider_bill_has_provider_payment_provider_payment1_idx` (`provider_payment_id`),
  KEY `fk_provider_bill_has_provider_payment_provider_bill1_idx` (`provider_bill_id`),
  CONSTRAINT `fk_provider_bill_has_provider_payment_provider_bill1` FOREIGN KEY (`provider_bill_id`) REFERENCES `provider_bill` (`provider_bill_id`) ON DELETE NO ACTION ON UPDATE NO ACTION,
  CONSTRAINT `fk_provider_bill_has_provider_payment_provider_payment1` FOREIGN KEY (`provider_payment_id`) REFERENCES `provider_payment` (`provider_payment_id`) ON DELETE NO ACTION ON UPDATE NO ACTION
) ENGINE=InnoDB DEFAULT CHARSET=utf8;
/*!40101 SET character_set_client = @saved_cs_client */;

--
-- Dumping data for table `provider_bill_has_provider_payment`
--

LOCK TABLES `provider_bill_has_provider_payment` WRITE;
/*!40000 ALTER TABLE `provider_bill_has_provider_payment` DISABLE KEYS */;
/*!40000 ALTER TABLE `provider_bill_has_provider_payment` ENABLE KEYS */;
UNLOCK TABLES;

--
-- Table structure for table `provider_bill_has_tax_rate`
--

DROP TABLE IF EXISTS `provider_bill_has_tax_rate`;
/*!40101 SET @saved_cs_client     = @@character_set_client */;
/*!40101 SET character_set_client = utf8 */;
CREATE TABLE `provider_bill_has_tax_rate` (
  `provider_bill_id` int(11) NOT NULL,
  `tax_rate_id` int(11) NOT NULL,
  `amount` double DEFAULT NULL,
  PRIMARY KEY (`provider_bill_id`,`tax_rate_id`),
  KEY `fk_provider_bill_has_tax_rate_tax_rate1_idx` (`tax_rate_id`),
  KEY `fk_provider_bill_has_tax_rate_provider_bill1_idx` (`provider_bill_id`),
  CONSTRAINT `fk_provider_bill_has_tax_rate_provider_bill1` FOREIGN KEY (`provider_bill_id`) REFERENCES `provider_bill` (`provider_bill_id`) ON DELETE NO ACTION ON UPDATE NO ACTION,
  CONSTRAINT `fk_provider_bill_has_tax_rate_tax_rate1` FOREIGN KEY (`tax_rate_id`) REFERENCES `tax_rate` (`tax_rate_id`) ON DELETE NO ACTION ON UPDATE NO ACTION
) ENGINE=InnoDB DEFAULT CHARSET=utf8;
/*!40101 SET character_set_client = @saved_cs_client */;

--
-- Dumping data for table `provider_bill_has_tax_rate`
--

LOCK TABLES `provider_bill_has_tax_rate` WRITE;
/*!40000 ALTER TABLE `provider_bill_has_tax_rate` DISABLE KEYS */;
/*!40000 ALTER TABLE `provider_bill_has_tax_rate` ENABLE KEYS */;
UNLOCK TABLES;

--
-- Table structure for table `provider_bill_item`
--

DROP TABLE IF EXISTS `provider_bill_item`;
/*!40101 SET @saved_cs_client     = @@character_set_client */;
/*!40101 SET character_set_client = utf8 */;
CREATE TABLE `provider_bill_item` (
  `provider_bill_item_id` int(11) NOT NULL AUTO_INCREMENT,
  `provider_bill_id` int(11) NOT NULL,
  `account_id` int(11) DEFAULT NULL,
  `description` varchar(255) DEFAULT NULL,
  `amount` double DEFAULT NULL,
  PRIMARY KEY (`provider_bill_item_id`),
  KEY `fk_provider_bill_item_provider_bill1_idx` (`provider_bill_id`),
  KEY `fk_provider_bill_item_account1_idx` (`account_id`),
  CONSTRAINT `fk_provider_bill_item_account1` FOREIGN KEY (`account_id`) REFERENCES `account` (`account_id`) ON DELETE NO ACTION ON UPDATE NO ACTION,
  CONSTRAINT `fk_provider_bill_item_provider_bill1` FOREIGN KEY (`provider_bill_id`) REFERENCES `provider_bill` (`provider_bill_id`) ON DELETE NO ACTION ON UPDATE NO ACTION
) ENGINE=InnoDB DEFAULT CHARSET=utf8;
/*!40101 SET character_set_client = @saved_cs_client */;

--
-- Dumping data for table `provider_bill_item`
--

LOCK TABLES `provider_bill_item` WRITE;
/*!40000 ALTER TABLE `provider_bill_item` DISABLE KEYS */;
/*!40000 ALTER TABLE `provider_bill_item` ENABLE KEYS */;
UNLOCK TABLES;

--
-- Table structure for table `provider_payment`
--

DROP TABLE IF EXISTS `provider_payment`;
/*!40101 SET @saved_cs_client     = @@character_set_client */;
/*!40101 SET character_set_client = utf8 */;
CREATE TABLE `provider_payment` (
  `provider_payment_id` int(11) NOT NULL AUTO_INCREMENT,
  `date` date DEFAULT NULL,
  `amount` double DEFAULT NULL,
  `description` varchar(255) DEFAULT NULL,
  `timestamp` int(11) DEFAULT NULL,
  `balance` double DEFAULT NULL,
  `number` varchar(45) DEFAULT NULL,
  `provider_id` int(11) NOT NULL,
  `payment_method_id` int(11) NOT NULL,
  `company_id` int(11) DEFAULT NULL,
  `paycheck_id` int(11) DEFAULT NULL,
  `status` enum('draft','closed','conciled') NOT NULL DEFAULT 'draft',
  `money_box_account_id` int(11) DEFAULT NULL,
  PRIMARY KEY (`provider_payment_id`),
  KEY `fk_provider_payment_provider1_idx` (`provider_id`),
  KEY `fk_provider_payment_payment_method1_idx` (`payment_method_id`),
  KEY `ix_provider_payment_company_id` (`company_id`),
  KEY `fk_provider_payment_paycheck1_idx` (`paycheck_id`),
  KEY `fk_provider_payment_money_box_account1_idx` (`money_box_account_id`),
  CONSTRAINT `fk_provider_payment_money_box_account1` FOREIGN KEY (`money_box_account_id`) REFERENCES `money_box_account` (`money_box_account_id`) ON DELETE NO ACTION ON UPDATE NO ACTION,
  CONSTRAINT `fk_provider_payment_paycheck1` FOREIGN KEY (`paycheck_id`) REFERENCES `paycheck` (`paycheck_id`) ON DELETE NO ACTION ON UPDATE NO ACTION,
  CONSTRAINT `fk_provider_payment_payment_method1` FOREIGN KEY (`payment_method_id`) REFERENCES `payment_method` (`payment_method_id`) ON DELETE NO ACTION ON UPDATE NO ACTION,
  CONSTRAINT `fk_provider_payment_provider1` FOREIGN KEY (`provider_id`) REFERENCES `provider` (`provider_id`) ON DELETE NO ACTION ON UPDATE NO ACTION
) ENGINE=InnoDB AUTO_INCREMENT=3 DEFAULT CHARSET=utf8;
/*!40101 SET character_set_client = @saved_cs_client */;

--
-- Dumping data for table `provider_payment`
--

LOCK TABLES `provider_payment` WRITE;
/*!40000 ALTER TABLE `provider_payment` DISABLE KEYS */;
INSERT INTO `provider_payment` VALUES (1,'2015-07-20',35000,'TRANSFERENIA BANCARIA',1438035209,0,'',1,0,1,NULL,'draft',NULL),(2,'2015-07-22',20000,'TRANSFERENIA BANCARIA',1438035241,0,'',1,0,1,NULL,'draft',NULL);
/*!40000 ALTER TABLE `provider_payment` ENABLE KEYS */;
UNLOCK TABLES;

--
-- Table structure for table `resume`
--

DROP TABLE IF EXISTS `resume`;
/*!40101 SET @saved_cs_client     = @@character_set_client */;
/*!40101 SET character_set_client = utf8 */;
CREATE TABLE `resume` (
  `resume_id` int(11) NOT NULL AUTO_INCREMENT,
  `money_box_account_id` int(11) NOT NULL,
  `name` varchar(150) NOT NULL,
  `date` date DEFAULT NULL,
  `date_from` date DEFAULT NULL,
  `date_to` date DEFAULT NULL,
  `status` enum('draft','closed','canceled','conciled') DEFAULT NULL,
  `balance_initial` double DEFAULT NULL,
  `balance_final` double DEFAULT NULL,
  `company_id` int(11) DEFAULT NULL,
  PRIMARY KEY (`resume_id`),
  KEY `fk_resume_money_box_account1_idx` (`money_box_account_id`),
  KEY `ix_resume_company_id` (`company_id`),
  CONSTRAINT `fk_resume_money_box_account1` FOREIGN KEY (`money_box_account_id`) REFERENCES `money_box_account` (`money_box_account_id`) ON DELETE NO ACTION ON UPDATE NO ACTION
) ENGINE=InnoDB DEFAULT CHARSET=utf8;
/*!40101 SET character_set_client = @saved_cs_client */;

--
-- Dumping data for table `resume`
--

LOCK TABLES `resume` WRITE;
/*!40000 ALTER TABLE `resume` DISABLE KEYS */;
/*!40000 ALTER TABLE `resume` ENABLE KEYS */;
UNLOCK TABLES;

--
-- Table structure for table `resume_item`
--

DROP TABLE IF EXISTS `resume_item`;
/*!40101 SET @saved_cs_client     = @@character_set_client */;
/*!40101 SET character_set_client = utf8 */;
CREATE TABLE `resume_item` (
  `resume_item_id` int(11) NOT NULL AUTO_INCREMENT,
  `resume_id` int(11) DEFAULT NULL,
  `operation_type_id` int(11) DEFAULT NULL,
  `description` varchar(150) DEFAULT NULL,
  `reference` varchar(45) DEFAULT NULL,
  `code` varchar(45) DEFAULT NULL,
  `debit` double DEFAULT NULL,
  `credit` double DEFAULT NULL,
  `status` enum('draft','closed','conciled') DEFAULT NULL,
  `date` date DEFAULT NULL,
  PRIMARY KEY (`resume_item_id`),
  KEY `fk_resume_item_resume1_idx` (`resume_id`),
  KEY `fk_resume_item_operation_type1_idx` (`operation_type_id`),
  CONSTRAINT `fk_resume_item_operation_type1` FOREIGN KEY (`operation_type_id`) REFERENCES `operation_type` (`operation_type_id`) ON DELETE NO ACTION ON UPDATE NO ACTION,
  CONSTRAINT `fk_resume_item_resume1` FOREIGN KEY (`resume_id`) REFERENCES `resume` (`resume_id`) ON DELETE NO ACTION ON UPDATE NO ACTION
) ENGINE=InnoDB DEFAULT CHARSET=utf8;
/*!40101 SET character_set_client = @saved_cs_client */;

--
-- Dumping data for table `resume_item`
--

LOCK TABLES `resume_item` WRITE;
/*!40000 ALTER TABLE `resume_item` DISABLE KEYS */;
/*!40000 ALTER TABLE `resume_item` ENABLE KEYS */;
UNLOCK TABLES;

--
-- Table structure for table `stock_movement`
--

DROP TABLE IF EXISTS `stock_movement`;
/*!40101 SET @saved_cs_client     = @@character_set_client */;
/*!40101 SET character_set_client = utf8 */;
CREATE TABLE `stock_movement` (
  `stock_movement_id` int(11) NOT NULL AUTO_INCREMENT,
  `type` enum('in','out','r_in','r_out') DEFAULT NULL,
  `concept` varchar(255) DEFAULT NULL,
  `qty` double DEFAULT NULL,
  `timestamp` int(11) DEFAULT NULL,
  `date` date DEFAULT NULL,
  `time` time DEFAULT NULL,
  `stock` double DEFAULT NULL,
  `avaible_stock` double DEFAULT NULL,
  `product_id` int(11) NOT NULL,
  `bill_detail_id` int(11) DEFAULT NULL,
  `company_id` int(11) DEFAULT NULL,
  `active` tinyint(1) DEFAULT NULL,
  `expiration` date DEFAULT NULL,
  `expiration_timestamp` int(11) DEFAULT NULL,
  `secondary_qty` double DEFAULT NULL,
  `secondary_stock` double DEFAULT NULL,
  `secondary_avaible_stock` double DEFAULT NULL,
  PRIMARY KEY (`stock_movement_id`),
  KEY `fk_stock_movement_product1_idx` (`product_id`),
  KEY `fk_stock_movement_bill_detail1_idx` (`bill_detail_id`),
  KEY `ix_stock_movement_company_id` (`company_id`),
  CONSTRAINT `fk_stock_movement_bill_detail1` FOREIGN KEY (`bill_detail_id`) REFERENCES `bill_detail` (`bill_detail_id`) ON DELETE NO ACTION ON UPDATE NO ACTION,
  CONSTRAINT `fk_stock_movement_product1` FOREIGN KEY (`product_id`) REFERENCES `product` (`product_id`) ON DELETE NO ACTION ON UPDATE NO ACTION
) ENGINE=InnoDB AUTO_INCREMENT=400 DEFAULT CHARSET=utf8;
/*!40101 SET character_set_client = @saved_cs_client */;

--
-- Dumping data for table `stock_movement`
--

LOCK TABLES `stock_movement` WRITE;
/*!40000 ALTER TABLE `stock_movement` DISABLE KEYS */;
INSERT INTO `stock_movement` VALUES (2,'in','Stock inicial',4,1436294709,'2015-07-07','06:45:00',NULL,NULL,2,0,1,NULL,NULL,NULL,NULL,NULL,NULL),(3,'in','Stock inicial',2,1436294875,'2015-07-07','06:47:00',NULL,NULL,3,0,1,NULL,NULL,NULL,NULL,NULL,NULL),(5,'in','Stock inicial',2,1436295172,'2015-07-07','06:52:00',NULL,NULL,5,0,1,NULL,NULL,NULL,NULL,NULL,NULL),(6,'in','Stock inicial',1,1436295283,'2015-07-07','06:54:00',NULL,NULL,6,0,1,NULL,NULL,NULL,NULL,NULL,NULL),(12,'in','Actualización rápida',1,1436296607,'2015-07-07','07:16:00',NULL,NULL,6,0,1,NULL,NULL,NULL,NULL,NULL,NULL),(13,'in','Actualización rápida',2,1436296617,'2015-07-07','07:16:00',NULL,NULL,5,0,1,NULL,NULL,NULL,NULL,NULL,NULL),(14,'in','Actualización rápida',2,1436296628,'2015-07-07','07:17:00',NULL,NULL,3,0,1,NULL,NULL,NULL,NULL,NULL,NULL),(15,'in','Actualización rápida',4,1436296636,'2015-07-07','07:17:00',NULL,NULL,2,0,1,NULL,NULL,NULL,NULL,NULL,NULL),(128,'out','Venta',4,1436375108,'2015-07-08','05:05:00',NULL,NULL,2,98,1,NULL,NULL,NULL,NULL,NULL,NULL),(129,'out','Venta',2,1436375108,'2015-07-08','05:05:00',NULL,NULL,3,99,1,NULL,NULL,NULL,NULL,NULL,NULL),(130,'out','Venta',2,1436375108,'2015-07-08','05:05:00',NULL,NULL,5,100,1,NULL,NULL,NULL,NULL,NULL,NULL),(131,'out','Venta',1,1436375108,'2015-07-08','05:05:00',NULL,NULL,6,101,1,NULL,NULL,NULL,NULL,NULL,NULL),(132,'in','Actualización rápida',14,1436541825,'2015-07-10','03:23:00',NULL,NULL,6,0,1,NULL,NULL,NULL,NULL,NULL,NULL),(134,'in','Actualización rápida',28,1436541927,'2015-07-10','03:25:00',NULL,NULL,5,0,1,NULL,NULL,NULL,NULL,NULL,NULL),(135,'in','Actualización rápida',28,1436541937,'2015-07-10','03:25:00',NULL,NULL,3,0,1,NULL,NULL,NULL,NULL,NULL,NULL),(136,'in','Actualización rápida',56,1436541945,'2015-07-10','03:25:00',NULL,NULL,2,0,1,NULL,NULL,NULL,NULL,NULL,NULL),(139,'out','Venta',3,1437075518,'2015-07-16','07:38:00',NULL,NULL,76,128,1,NULL,NULL,NULL,NULL,NULL,NULL),(140,'out','Venta',10,1437075518,'2015-07-16','07:38:00',NULL,NULL,771,129,1,NULL,NULL,NULL,NULL,NULL,NULL),(141,'out','Venta',3,1437076072,'2015-07-16','07:47:00',NULL,NULL,76,128,1,NULL,NULL,NULL,NULL,NULL,NULL),(142,'out','Venta',10,1437076072,'2015-07-16','07:47:00',NULL,NULL,771,129,1,NULL,NULL,NULL,NULL,NULL,NULL),(143,'out','Venta',3,1437076145,'2015-07-16','07:49:00',NULL,NULL,76,128,1,NULL,NULL,NULL,NULL,NULL,NULL),(144,'out','Venta',10,1437076146,'2015-07-16','07:49:00',NULL,NULL,771,129,1,NULL,NULL,NULL,NULL,NULL,NULL),(145,'out','Venta',3,1437076195,'2015-07-16','07:49:00',NULL,NULL,76,128,1,NULL,NULL,NULL,NULL,NULL,NULL),(146,'out','Venta',10,1437076195,'2015-07-16','07:49:00',NULL,NULL,771,129,1,NULL,NULL,NULL,NULL,NULL,NULL),(147,'out','Venta',3,1437076276,'2015-07-16','07:51:00',NULL,NULL,76,128,1,NULL,NULL,NULL,NULL,NULL,NULL),(148,'out','Venta',10,1437076276,'2015-07-16','07:51:00',NULL,NULL,771,129,1,NULL,NULL,NULL,NULL,NULL,NULL),(149,'out','Venta',2,1437079920,'2015-07-16','08:52:00',NULL,NULL,111,132,1,NULL,NULL,NULL,NULL,NULL,NULL),(150,'out','Venta',7,1437080030,'2015-07-16','08:53:00',NULL,NULL,111,133,1,NULL,NULL,NULL,NULL,NULL,NULL),(151,'out','Venta',2,1437080574,'2015-07-16','09:02:00',NULL,NULL,111,135,1,NULL,NULL,NULL,NULL,NULL,NULL),(152,'out','Venta',3,1437080856,'2015-07-16','09:07:00',NULL,NULL,112,136,1,NULL,NULL,NULL,NULL,NULL,NULL),(153,'out','Venta',2,1437084773,'2015-07-16','10:12:00',NULL,NULL,111,137,1,NULL,NULL,NULL,NULL,NULL,NULL),(154,'out','Venta',1,1437088464,'2015-07-16','11:14:00',NULL,NULL,307,138,1,NULL,NULL,NULL,NULL,NULL,NULL),(155,'out','Venta',10,1437137726,'2015-07-17','12:55:00',NULL,NULL,78,139,1,NULL,NULL,NULL,NULL,NULL,NULL),(156,'out','Venta',10,1437138539,'2015-07-17','01:08:00',NULL,NULL,99,134,1,NULL,NULL,NULL,NULL,NULL,NULL),(161,'out','Venta',1,1437140651,'2015-07-17','01:44:00',NULL,NULL,101,144,1,NULL,NULL,NULL,NULL,NULL,NULL),(162,'out','Venta',2,1437149070,'2015-07-17','04:04:00',NULL,NULL,111,145,1,NULL,NULL,NULL,NULL,NULL,NULL),(163,'out','Venta',10,1437161023,'2015-07-17','07:23:00',NULL,NULL,99,147,1,NULL,NULL,NULL,NULL,NULL,NULL),(164,'out','Venta',20,1437165194,'2015-07-17','08:33:00',NULL,NULL,99,148,1,NULL,NULL,NULL,NULL,NULL,NULL),(165,'out','Venta',15,1437165194,'2015-07-17','08:33:00',NULL,NULL,13,149,1,NULL,NULL,NULL,NULL,NULL,NULL),(166,'out','Venta',10,1437165194,'2015-07-17','08:33:00',NULL,NULL,47,151,1,NULL,NULL,NULL,NULL,NULL,NULL),(180,'out','Venta',75,1437403292,'2015-07-20','02:41:00',NULL,NULL,101,165,1,NULL,NULL,NULL,NULL,NULL,NULL),(181,'out','Venta',36,1437403292,'2015-07-20','02:41:00',NULL,NULL,98,166,1,NULL,NULL,NULL,NULL,NULL,NULL),(182,'out','Venta',6,1437403293,'2015-07-20','02:41:00',NULL,NULL,82,167,1,NULL,NULL,NULL,NULL,NULL,NULL),(183,'out','Venta',100,1437403293,'2015-07-20','02:41:00',NULL,NULL,127,168,1,NULL,NULL,NULL,NULL,NULL,NULL),(184,'out','Venta',1,1437428135,'2015-07-20','09:35:00',NULL,NULL,291,182,1,NULL,NULL,NULL,NULL,NULL,NULL),(187,'out','Venta',1,1437572547,'2015-07-22','01:42:00',NULL,NULL,901,194,1,NULL,NULL,NULL,NULL,NULL,NULL),(191,'out','Venta',30,1437575872,'2015-07-22','02:37:00',NULL,NULL,771,192,1,NULL,NULL,NULL,NULL,NULL,NULL),(195,'out','Venta',30,1437577358,'2015-07-22','03:02:00',NULL,NULL,771,202,1,NULL,NULL,NULL,NULL,NULL,NULL),(199,'out','Venta',30,1437577985,'2015-07-22','03:13:00',NULL,NULL,771,198,1,NULL,NULL,NULL,NULL,NULL,NULL),(200,'out','Venta',4,1437578683,'2015-07-22','03:24:00',NULL,NULL,901,203,1,NULL,NULL,NULL,NULL,NULL,NULL),(201,'out','Venta',1,1437578683,'2015-07-22','03:24:00',NULL,NULL,933,204,1,NULL,NULL,NULL,NULL,NULL,NULL),(202,'out','Venta',4,1437580155,'2015-07-22','03:49:00',NULL,NULL,901,206,1,NULL,NULL,NULL,NULL,NULL,NULL),(203,'out','Venta',1,1437580155,'2015-07-22','03:49:00',NULL,NULL,933,207,1,NULL,NULL,NULL,NULL,NULL,NULL),(204,'out','Venta',1,1437580155,'2015-07-22','03:49:00',NULL,NULL,944,208,1,NULL,NULL,NULL,NULL,NULL,NULL),(205,'out','Venta',4,1437580977,'2015-07-22','04:02:00',NULL,NULL,901,206,1,NULL,NULL,NULL,NULL,NULL,NULL),(206,'out','Venta',1,1437580977,'2015-07-22','04:02:00',NULL,NULL,933,207,1,NULL,NULL,NULL,NULL,NULL,NULL),(207,'out','Venta',1,1437580977,'2015-07-22','04:02:00',NULL,NULL,944,208,1,NULL,NULL,NULL,NULL,NULL,NULL),(208,'out','Venta',4,1437581951,'2015-07-22','04:19:00',NULL,NULL,901,206,1,NULL,NULL,NULL,NULL,NULL,NULL),(209,'out','Venta',1,1437581951,'2015-07-22','04:19:00',NULL,NULL,933,207,1,NULL,NULL,NULL,NULL,NULL,NULL),(210,'out','Venta',1,1437581951,'2015-07-22','04:19:00',NULL,NULL,944,208,1,NULL,NULL,NULL,NULL,NULL,NULL),(211,'out','Venta',4,1437582625,'2015-07-22','04:30:00',NULL,NULL,901,206,1,NULL,NULL,NULL,NULL,NULL,NULL),(212,'out','Venta',1,1437582625,'2015-07-22','04:30:00',NULL,NULL,933,207,1,NULL,NULL,NULL,NULL,NULL,NULL),(213,'out','Venta',1,1437582625,'2015-07-22','04:30:00',NULL,NULL,944,208,1,NULL,NULL,NULL,NULL,NULL,NULL),(215,'out','Venta',18,1437595412,'2015-07-22','08:03:00',NULL,NULL,935,211,1,NULL,NULL,NULL,NULL,NULL,NULL),(216,'out','Venta',1,1437595412,'2015-07-22','08:03:00',NULL,NULL,933,212,1,NULL,NULL,NULL,NULL,NULL,NULL),(217,'out','Venta',1,1437595588,'2015-07-22','08:06:00',NULL,NULL,923,213,1,NULL,NULL,NULL,NULL,NULL,NULL),(218,'out','Venta',1,1437595588,'2015-07-22','08:06:00',NULL,NULL,933,214,1,NULL,NULL,NULL,NULL,NULL,NULL),(219,'out','Venta',2,1437763066,'2015-07-24','06:37:00',NULL,NULL,934,237,1,NULL,NULL,NULL,NULL,NULL,NULL),(220,'out','Venta',1,1437763066,'2015-07-24','06:37:00',NULL,NULL,944,238,1,NULL,NULL,NULL,NULL,NULL,NULL),(221,'out','Venta',1,1437766995,'2015-07-24','07:43:00',NULL,NULL,82,246,1,NULL,NULL,NULL,NULL,NULL,NULL),(222,'out','Venta',2,1437766995,'2015-07-24','07:43:00',NULL,NULL,101,247,1,NULL,NULL,NULL,NULL,NULL,NULL),(223,'out','Venta',2,1438012949,'2015-07-27','04:02:00',NULL,NULL,934,250,1,NULL,NULL,NULL,NULL,NULL,NULL),(224,'out','Venta',2,1438115781,'2015-07-28','08:36:00',NULL,NULL,901,254,1,NULL,NULL,NULL,NULL,NULL,NULL),(225,'out','Venta',1,1438197421,'2015-07-29','07:17:00',NULL,NULL,24,255,1,NULL,NULL,NULL,NULL,NULL,NULL),(230,'out','Venta',1,1438626338,'2015-08-03','06:25:00',NULL,NULL,29,281,1,NULL,NULL,NULL,NULL,NULL,NULL),(231,'out','Venta',1,1438627434,'2015-08-03','06:43:00',NULL,NULL,934,282,1,NULL,NULL,NULL,NULL,NULL,NULL),(232,'out','Venta',1,1438633827,'2015-08-03','08:30:00',NULL,NULL,99,284,1,NULL,NULL,NULL,NULL,NULL,NULL),(233,'out','Venta',3,1438636771,'2015-08-03','09:19:00',NULL,NULL,937,286,1,NULL,NULL,NULL,NULL,NULL,NULL),(234,'out','Venta',1,1438636771,'2015-08-03','09:19:00',NULL,NULL,944,287,1,NULL,NULL,NULL,NULL,NULL,NULL),(235,'out','Venta',10,1438640063,'2015-08-03','10:14:00',NULL,NULL,99,288,1,NULL,NULL,NULL,NULL,NULL,NULL),(236,'out','Venta',10,1438640415,'2015-08-03','10:20:00',NULL,NULL,99,289,1,NULL,NULL,NULL,NULL,NULL,NULL),(237,'out','Venta',1,1438641027,'2015-08-03','10:30:00',NULL,NULL,99,290,1,NULL,NULL,NULL,NULL,NULL,NULL),(238,'in','Actualización rápida',6,1438660809,'2015-08-04','04:00:00',NULL,NULL,944,0,1,NULL,NULL,NULL,NULL,NULL,NULL),(239,'out','Venta',19,1438703428,'2015-08-04','03:50:00',NULL,NULL,926,298,1,NULL,NULL,NULL,NULL,NULL,NULL),(240,'out','Venta',10,1438716508,'2015-08-04','07:28:00',NULL,NULL,16,299,1,NULL,NULL,NULL,NULL,NULL,NULL),(241,'out','Venta',6,1438719008,'2015-08-04','08:10:00',NULL,NULL,934,302,1,NULL,NULL,NULL,NULL,NULL,NULL),(242,'out','Venta',2,1438719009,'2015-08-04','08:10:00',NULL,NULL,939,303,1,NULL,NULL,NULL,NULL,NULL,NULL),(243,'out','Venta',1,1438719009,'2015-08-04','08:10:00',NULL,NULL,944,304,1,NULL,NULL,NULL,NULL,NULL,NULL),(244,'out','Venta',2,1438719850,'2015-08-04','08:24:00',NULL,NULL,96,305,1,NULL,NULL,NULL,NULL,NULL,NULL),(245,'out','Venta',2,1438722669,'2015-08-04','09:11:00',NULL,NULL,901,317,1,NULL,NULL,NULL,NULL,NULL,NULL),(246,'out','Venta',1,1438722669,'2015-08-04','09:11:00',NULL,NULL,922,318,1,NULL,NULL,NULL,NULL,NULL,NULL),(247,'out','Venta',9,1438723093,'2015-08-04','09:18:00',NULL,NULL,82,319,1,NULL,NULL,NULL,NULL,NULL,NULL),(248,'out','Venta',6,1438723093,'2015-08-04','09:18:00',NULL,NULL,771,320,1,NULL,NULL,NULL,NULL,NULL,NULL),(249,'out','Venta',1,1438723492,'2015-08-04','09:24:00',NULL,NULL,901,322,1,NULL,NULL,NULL,NULL,NULL,NULL),(250,'out','Venta',9,1438723918,'2015-08-04','09:31:00',NULL,NULL,82,324,1,NULL,NULL,NULL,NULL,NULL,NULL),(251,'out','Venta',6,1438723918,'2015-08-04','09:31:00',NULL,NULL,771,325,1,NULL,NULL,NULL,NULL,NULL,NULL),(252,'out','Venta',8,1438790554,'2015-08-05','04:02:00',NULL,NULL,93,328,1,NULL,NULL,NULL,NULL,NULL,NULL),(253,'out','Venta',31,1438803408,'2015-08-05','07:36:00',NULL,NULL,922,332,1,NULL,NULL,NULL,NULL,NULL,NULL),(254,'out','Venta',31,1438803408,'2015-08-05','07:36:00',NULL,NULL,933,333,1,NULL,NULL,NULL,NULL,NULL,NULL),(255,'out','Venta',13,1438810937,'2015-08-05','09:42:00',NULL,NULL,934,335,1,NULL,NULL,NULL,NULL,NULL,NULL),(256,'out','Venta',3,1438890521,'2015-08-06','07:48:00',NULL,NULL,901,341,1,NULL,NULL,NULL,NULL,NULL,NULL),(257,'out','Venta',1,1438890521,'2015-08-06','07:48:00',NULL,NULL,933,343,1,NULL,NULL,NULL,NULL,NULL,NULL),(259,'out','Venta',2,1438890811,'2015-08-06','07:53:00',NULL,NULL,901,344,1,NULL,NULL,NULL,NULL,NULL,NULL),(260,'out','Venta',1,1438891316,'2015-08-06','08:01:00',NULL,NULL,901,347,1,NULL,NULL,NULL,NULL,NULL,NULL),(261,'out','Venta',1,1438891316,'2015-08-06','08:01:00',NULL,NULL,934,348,1,NULL,NULL,NULL,NULL,NULL,NULL),(262,'out','Venta',1,1438891316,'2015-08-06','08:01:00',NULL,NULL,933,349,1,NULL,NULL,NULL,NULL,NULL,NULL),(263,'out','Venta',5,1438891780,'2015-08-06','08:09:00',NULL,NULL,901,350,1,NULL,NULL,NULL,NULL,NULL,NULL),(266,'out','Venta',1,1439214761,'2015-08-10','10:52:00',NULL,NULL,27,358,1,NULL,NULL,NULL,NULL,NULL,NULL),(267,'out','Venta',1,1439215128,'2015-08-10','10:58:00',NULL,NULL,27,359,1,NULL,NULL,NULL,NULL,NULL,NULL),(268,'out','Venta',1,1439232919,'2015-08-10','03:55:00',NULL,NULL,83,361,1,NULL,NULL,NULL,NULL,NULL,NULL),(269,'out','Venta',2,1439232919,'2015-08-10','03:55:00',NULL,NULL,93,362,1,NULL,NULL,NULL,NULL,NULL,NULL),(270,'out','Venta',2,1439302478,'2015-08-11','11:14:00',NULL,NULL,771,393,1,NULL,NULL,NULL,NULL,NULL,NULL),(271,'out','Venta',2,1439308217,'2015-08-11','12:50:00',NULL,NULL,95,396,1,NULL,NULL,NULL,NULL,NULL,NULL),(272,'out','Venta',2,1439385510,'2015-08-12','10:18:00',NULL,NULL,920,399,1,NULL,NULL,NULL,NULL,NULL,NULL),(273,'out','Venta',1,1439385510,'2015-08-12','10:18:00',NULL,NULL,901,400,1,NULL,NULL,NULL,NULL,NULL,NULL),(274,'out','Venta',1,1439385510,'2015-08-12','10:18:00',NULL,NULL,944,401,1,NULL,NULL,NULL,NULL,NULL,NULL),(275,'out','Venta',4,1439387642,'2015-08-12','10:54:00',NULL,NULL,98,402,1,NULL,NULL,NULL,NULL,NULL,NULL),(276,'out','Venta',3,1439387642,'2015-08-12','10:54:00',NULL,NULL,82,403,1,NULL,NULL,NULL,NULL,NULL,NULL),(277,'out','Venta',1,1439412795,'2015-08-12','05:53:00',NULL,NULL,13,407,1,NULL,NULL,NULL,NULL,NULL,NULL),(278,'out','Venta',12,1439412796,'2015-08-12','05:53:00',NULL,NULL,101,409,1,NULL,NULL,NULL,NULL,NULL,NULL),(279,'out','Venta',1,1439492115,'2015-08-13','03:55:00',NULL,NULL,933,411,1,NULL,NULL,NULL,NULL,NULL,NULL),(280,'out','Venta',1,1439494646,'2015-08-13','04:37:00',NULL,NULL,933,413,1,NULL,NULL,NULL,NULL,NULL,NULL),(281,'out','Venta',3,1439590251,'2015-08-14','07:10:00',NULL,NULL,935,419,1,NULL,NULL,NULL,NULL,NULL,NULL),(282,'out','Venta',1,1439924880,'2015-08-18','04:08:00',NULL,NULL,98,420,1,NULL,NULL,NULL,NULL,NULL,NULL),(283,'out','Venta',7,1439925099,'2015-08-18','04:11:00',NULL,NULL,920,422,1,NULL,NULL,NULL,NULL,NULL,NULL),(284,'out','Venta',1,1439925099,'2015-08-18','04:11:00',NULL,NULL,933,423,1,NULL,NULL,NULL,NULL,NULL,NULL),(285,'out','Venta',3,1439989422,'2015-08-19','10:03:00',NULL,NULL,906,426,1,NULL,NULL,NULL,NULL,NULL,NULL),(286,'out','Venta',1,1440015917,'2015-08-19','05:25:00',NULL,NULL,98,430,1,NULL,NULL,NULL,NULL,NULL,NULL),(287,'out','Venta',5,1440075508,'2015-08-20','09:58:00',NULL,NULL,920,433,1,NULL,NULL,NULL,NULL,NULL,NULL),(288,'out','Venta',1,1440075508,'2015-08-20','09:58:00',NULL,NULL,933,434,1,NULL,NULL,NULL,NULL,NULL,NULL),(289,'out','Venta',2,1440076057,'2015-08-20','10:07:00',NULL,NULL,920,435,1,NULL,NULL,NULL,NULL,NULL,NULL),(290,'out','Venta',1,1440076057,'2015-08-20','10:07:00',NULL,NULL,933,436,1,NULL,NULL,NULL,NULL,NULL,NULL),(291,'out','Venta',2,1440078352,'2015-08-20','10:45:00',NULL,NULL,920,443,1,NULL,NULL,NULL,NULL,NULL,NULL),(292,'out','Venta',1,1440078353,'2015-08-20','10:45:00',NULL,NULL,933,444,1,NULL,NULL,NULL,NULL,NULL,NULL),(293,'out','Venta',1,1440080103,'2015-08-20','11:15:00',NULL,NULL,944,445,1,NULL,NULL,NULL,NULL,NULL,NULL),(294,'out','Venta',2,1440098725,'2015-08-20','04:25:00',NULL,NULL,74,452,1,NULL,NULL,NULL,NULL,NULL,NULL),(295,'out','Venta',3,1440531222,'2015-08-25','04:33:00',NULL,NULL,901,461,1,NULL,NULL,NULL,NULL,NULL,NULL),(297,'out','Venta',2,1440767016,'2015-08-28','10:03:00',NULL,NULL,93,466,1,NULL,NULL,NULL,NULL,NULL,NULL),(298,'out','Venta',1,1441112029,'2015-09-01','09:53:00',NULL,NULL,926,467,1,NULL,NULL,NULL,NULL,NULL,NULL),(299,'out','Venta',1,1441113367,'2015-09-01','10:16:00',NULL,NULL,936,471,1,NULL,NULL,NULL,NULL,NULL,NULL),(300,'out','Venta',1,1441113367,'2015-09-01','10:16:00',NULL,NULL,933,472,1,NULL,NULL,NULL,NULL,NULL,NULL),(301,'out','Venta',2,1441115398,'2015-09-01','10:49:00',NULL,NULL,937,473,1,NULL,NULL,NULL,NULL,NULL,NULL),(302,'out','Venta',5,1441115398,'2015-09-01','10:49:00',NULL,NULL,935,475,1,NULL,NULL,NULL,NULL,NULL,NULL),(303,'out','Venta',1,1441115398,'2015-09-01','10:49:00',NULL,NULL,944,476,1,NULL,NULL,NULL,NULL,NULL,NULL),(304,'out','Venta',2,1441117291,'2015-09-01','11:21:00',NULL,NULL,937,477,1,NULL,NULL,NULL,NULL,NULL,NULL),(305,'out','Venta',5,1441117291,'2015-09-01','11:21:00',NULL,NULL,935,478,1,NULL,NULL,NULL,NULL,NULL,NULL),(306,'out','Venta',1,1441117291,'2015-09-01','11:21:00',NULL,NULL,944,479,1,NULL,NULL,NULL,NULL,NULL,NULL),(307,'out','Venta',3,1441120288,'2015-09-01','12:11:00',NULL,NULL,939,481,1,NULL,NULL,NULL,NULL,NULL,NULL),(308,'out','Venta',60,1441120288,'2015-09-01','12:11:00',NULL,NULL,927,482,1,NULL,NULL,NULL,NULL,NULL,NULL),(309,'out','Venta',1,1441140390,'2015-09-01','05:46:00',NULL,NULL,901,492,1,NULL,NULL,NULL,NULL,NULL,NULL),(310,'out','Venta',4,1441140390,'2015-09-01','05:46:00',NULL,NULL,126,493,1,NULL,NULL,NULL,NULL,NULL,NULL),(311,'out','Venta',3,1441141384,'2015-09-01','06:03:00',NULL,NULL,101,494,1,NULL,NULL,NULL,NULL,NULL,NULL),(312,'out','Venta',1,1441145164,'2015-09-01','07:06:00',NULL,NULL,906,496,1,NULL,NULL,NULL,NULL,NULL,NULL),(313,'out','Venta',3,1441194039,'2015-09-02','08:40:00',NULL,NULL,901,499,1,NULL,NULL,NULL,NULL,NULL,NULL),(314,'out','Venta',9,1441197945,'2015-09-02','09:45:00',NULL,NULL,111,503,1,NULL,NULL,NULL,NULL,NULL,NULL),(315,'out','Venta',1,1441201143,'2015-09-02','10:39:00',NULL,NULL,922,507,1,NULL,NULL,NULL,NULL,NULL,NULL),(316,'out','Venta',2,1441201143,'2015-09-02','10:39:00',NULL,NULL,920,508,1,NULL,NULL,NULL,NULL,NULL,NULL),(317,'out','Venta',9,1441201143,'2015-09-02','10:39:00',NULL,NULL,901,509,1,NULL,NULL,NULL,NULL,NULL,NULL),(318,'out','Venta',1,1441201143,'2015-09-02','10:39:00',NULL,NULL,933,510,1,NULL,NULL,NULL,NULL,NULL,NULL),(319,'out','Venta',2,1441205645,'2015-09-02','11:54:00',NULL,NULL,79,511,1,NULL,NULL,NULL,NULL,NULL,NULL),(320,'out','Venta',1,1441206450,'2015-09-02','12:07:00',NULL,NULL,923,515,1,NULL,NULL,NULL,NULL,NULL,NULL),(321,'out','Venta',1,1441206451,'2015-09-02','12:07:00',NULL,NULL,935,516,1,NULL,NULL,NULL,NULL,NULL,NULL),(322,'out','Venta',1,1441209260,'2015-09-02','12:54:00',NULL,NULL,901,519,1,NULL,NULL,NULL,NULL,NULL,NULL),(323,'out','Venta',4,1441209260,'2015-09-02','12:54:00',NULL,NULL,127,520,1,NULL,NULL,NULL,NULL,NULL,NULL),(324,'out','Venta',4,1441223216,'2015-09-02','04:46:00',NULL,NULL,901,521,1,NULL,NULL,NULL,NULL,NULL,NULL),(325,'out','Venta',1,1441223216,'2015-09-02','04:46:00',NULL,NULL,933,522,1,NULL,NULL,NULL,NULL,NULL,NULL),(326,'out','Venta',1,1441315492,'2015-09-03','06:24:00',NULL,NULL,935,534,1,NULL,NULL,NULL,NULL,NULL,NULL),(327,'out','Venta',1,1441315492,'2015-09-03','06:24:00',NULL,NULL,933,535,1,NULL,NULL,NULL,NULL,NULL,NULL),(328,'out','Venta',7,1441315735,'2015-09-03','06:28:00',NULL,NULL,901,536,1,NULL,NULL,NULL,NULL,NULL,NULL),(329,'out','Venta',4,1441316874,'2015-09-03','06:47:00',NULL,NULL,935,537,1,NULL,NULL,NULL,NULL,NULL,NULL),(330,'out','Venta',1,1441316874,'2015-09-03','06:47:00',NULL,NULL,944,538,1,NULL,NULL,NULL,NULL,NULL,NULL),(331,'out','Venta',2,1441317927,'2015-09-03','07:05:00',NULL,NULL,935,539,1,NULL,NULL,NULL,NULL,NULL,NULL),(332,'out','Venta',1,1441317927,'2015-09-03','07:05:00',NULL,NULL,933,540,1,NULL,NULL,NULL,NULL,NULL,NULL),(333,'out','Venta',5,1441318805,'2015-09-03','07:20:00',NULL,NULL,934,541,1,NULL,NULL,NULL,NULL,NULL,NULL),(334,'out','Venta',1,1441318805,'2015-09-03','07:20:00',NULL,NULL,923,542,1,NULL,NULL,NULL,NULL,NULL,NULL),(335,'out','Venta',1,1441318805,'2015-09-03','07:20:00',NULL,NULL,922,543,1,NULL,NULL,NULL,NULL,NULL,NULL),(336,'out','Venta',3,1441376497,'2015-09-04','11:21:00',NULL,NULL,901,544,1,NULL,NULL,NULL,NULL,NULL,NULL),(337,'out','Venta',5,1441397256,'2015-09-04','05:07:00',NULL,NULL,101,549,1,NULL,NULL,NULL,NULL,NULL,NULL),(338,'out','Venta',1,1441638712,'2015-09-07','12:11:00',NULL,NULL,81,551,1,NULL,NULL,NULL,NULL,NULL,NULL),(339,'out','Venta',2,1441726512,'2015-09-08','12:35:00',NULL,NULL,76,580,1,NULL,NULL,NULL,NULL,NULL,NULL),(340,'out','Venta',2,1441743127,'2015-09-08','05:12:00',NULL,NULL,78,604,1,NULL,NULL,NULL,NULL,NULL,NULL),(341,'out','Venta',3,1441838206,'2015-09-09','07:36:00',NULL,NULL,27,614,1,NULL,NULL,NULL,NULL,NULL,NULL),(342,'out','Venta',3,1441839388,'2015-09-09','07:56:00',NULL,NULL,27,615,1,NULL,NULL,NULL,NULL,NULL,NULL),(343,'out','Venta',2,1441911268,'2015-09-10','03:54:00',NULL,NULL,901,616,1,NULL,NULL,NULL,NULL,NULL,NULL),(344,'out','Venta',5,1441911858,'2015-09-10','04:04:00',NULL,NULL,901,617,1,NULL,NULL,NULL,NULL,NULL,NULL),(345,'out','Venta',18,1441914552,'2015-09-10','04:49:00',NULL,NULL,101,620,1,NULL,NULL,NULL,NULL,NULL,NULL),(346,'out','Venta',18,1441917831,'2015-09-10','05:43:00',NULL,NULL,101,623,1,NULL,NULL,NULL,NULL,NULL,NULL),(347,'out','Venta',1,1441974881,'2015-09-11','09:34:00',NULL,NULL,901,626,1,NULL,NULL,NULL,NULL,NULL,NULL),(348,'out','Venta',1,1441974881,'2015-09-11','09:34:00',NULL,NULL,922,627,1,NULL,NULL,NULL,NULL,NULL,NULL),(349,'out','Venta',2,1441986691,'2015-09-11','12:51:00',NULL,NULL,901,635,1,NULL,NULL,NULL,NULL,NULL,NULL),(350,'out','Venta',2,1442000819,'2015-09-11','04:46:00',NULL,NULL,46,638,1,NULL,NULL,NULL,NULL,NULL,NULL),(351,'out','Venta',20,1442000819,'2015-09-11','04:46:00',NULL,NULL,76,639,1,NULL,NULL,NULL,NULL,NULL,NULL),(352,'out','Venta',6,1442245917,'2015-09-14','12:51:00',NULL,NULL,101,642,1,NULL,NULL,NULL,NULL,NULL,NULL),(353,'out','Venta',10,1442257803,'2015-09-14','04:10:00',NULL,NULL,935,644,1,NULL,NULL,NULL,NULL,NULL,NULL),(354,'out','Venta',1,1442257803,'2015-09-14','04:10:00',NULL,NULL,933,645,1,NULL,NULL,NULL,NULL,NULL,NULL),(355,'out','Venta',2,1442260147,'2015-09-14','04:49:00',NULL,NULL,901,646,1,NULL,NULL,NULL,NULL,NULL,NULL),(356,'out','Venta',6,1442260147,'2015-09-14','04:49:00',NULL,NULL,904,647,1,NULL,NULL,NULL,NULL,NULL,NULL),(357,'out','Venta',6,1442262142,'2015-09-14','05:22:00',NULL,NULL,101,643,1,NULL,NULL,NULL,NULL,NULL,NULL),(358,'out','Venta',2,1442265623,'2015-09-14','06:20:00',NULL,NULL,939,656,1,NULL,NULL,NULL,NULL,NULL,NULL),(359,'out','Venta',1,1442265821,'2015-09-14','06:23:00',NULL,NULL,923,659,1,NULL,NULL,NULL,NULL,NULL,NULL),(360,'out','Venta',1,1442266340,'2015-09-14','06:32:00',NULL,NULL,934,660,1,NULL,NULL,NULL,NULL,NULL,NULL),(361,'out','Venta',1,1442270362,'2015-09-14','07:39:00',NULL,NULL,935,663,1,NULL,NULL,NULL,NULL,NULL,NULL),(362,'out','Venta',1,1442270362,'2015-09-14','07:39:00',NULL,NULL,923,664,1,NULL,NULL,NULL,NULL,NULL,NULL),(363,'out','Venta',1,1442270363,'2015-09-14','07:39:00',NULL,NULL,901,665,1,NULL,NULL,NULL,NULL,NULL,NULL),(364,'out','Venta',2,1442271241,'2015-09-14','07:54:00',NULL,NULL,939,666,1,NULL,NULL,NULL,NULL,NULL,NULL),(365,'out','Venta',2,1442346710,'2015-09-15','04:51:00',NULL,NULL,939,657,1,NULL,NULL,NULL,NULL,NULL,NULL),(366,'out','Venta',2,1442416677,'2015-09-16','12:17:00',NULL,NULL,926,695,1,NULL,NULL,NULL,NULL,NULL,NULL),(367,'out','Venta',2,1442416677,'2015-09-16','12:17:00',NULL,NULL,906,696,1,NULL,NULL,NULL,NULL,NULL,NULL),(368,'out','Venta',1,1442416677,'2015-09-16','12:17:00',NULL,NULL,901,697,1,NULL,NULL,NULL,NULL,NULL,NULL),(369,'out','Venta',1,1442416677,'2015-09-16','12:17:00',NULL,NULL,920,698,1,NULL,NULL,NULL,NULL,NULL,NULL),(370,'out','Venta',1,1442503658,'2015-09-17','12:27:00',NULL,NULL,923,707,1,NULL,NULL,NULL,NULL,NULL,NULL),(371,'out','Venta',1,1442503658,'2015-09-17','12:27:00',NULL,NULL,924,708,1,NULL,NULL,NULL,NULL,NULL,NULL),(372,'out','Venta',1,1442503658,'2015-09-17','12:27:00',NULL,NULL,944,709,1,NULL,NULL,NULL,NULL,NULL,NULL),(373,'out','Venta',3,1442503963,'2015-09-17','12:32:00',NULL,NULL,935,710,1,NULL,NULL,NULL,NULL,NULL,NULL),(374,'out','Venta',1,1442503963,'2015-09-17','12:32:00',NULL,NULL,933,711,1,NULL,NULL,NULL,NULL,NULL,NULL),(375,'out','Venta',1,1442504263,'2015-09-17','12:37:00',NULL,NULL,935,712,1,NULL,NULL,NULL,NULL,NULL,NULL),(376,'out','Venta',1,1442504263,'2015-09-17','12:37:00',NULL,NULL,933,713,1,NULL,NULL,NULL,NULL,NULL,NULL),(377,'out','Venta',3,1442517089,'2015-09-17','04:11:00',NULL,NULL,936,714,1,NULL,NULL,NULL,NULL,NULL,NULL),(378,'out','Venta',2,1442517089,'2015-09-17','04:11:00',NULL,NULL,901,716,1,NULL,NULL,NULL,NULL,NULL,NULL),(379,'out','Venta',5,1442517089,'2015-09-17','04:11:00',NULL,NULL,904,717,1,NULL,NULL,NULL,NULL,NULL,NULL),(380,'out','Venta',1,1442517089,'2015-09-17','04:11:00',NULL,NULL,933,718,1,NULL,NULL,NULL,NULL,NULL,NULL),(381,'out','Venta',3,1442519895,'2015-09-17','04:58:00',NULL,NULL,936,720,1,NULL,NULL,NULL,NULL,NULL,NULL),(382,'out','Venta',2,1442519895,'2015-09-17','04:58:00',NULL,NULL,901,722,1,NULL,NULL,NULL,NULL,NULL,NULL),(383,'out','Venta',5,1442519895,'2015-09-17','04:58:00',NULL,NULL,904,723,1,NULL,NULL,NULL,NULL,NULL,NULL),(384,'out','Venta',1,1442519895,'2015-09-17','04:58:00',NULL,NULL,933,724,1,NULL,NULL,NULL,NULL,NULL,NULL),(385,'out','Venta',5,1442520974,'2015-09-17','05:16:00',NULL,NULL,935,725,1,NULL,NULL,NULL,NULL,NULL,NULL),(386,'out','Venta',1,1442520975,'2015-09-17','05:16:00',NULL,NULL,933,726,1,NULL,NULL,NULL,NULL,NULL,NULL),(387,'out','Venta',1,1442522715,'2015-09-17','05:45:00',NULL,NULL,906,727,1,NULL,NULL,NULL,NULL,NULL,NULL),(388,'out','Venta',2,1442522715,'2015-09-17','05:45:00',NULL,NULL,901,728,1,NULL,NULL,NULL,NULL,NULL,NULL),(389,'out','Venta',4,1442522715,'2015-09-17','05:45:00',NULL,NULL,935,729,1,NULL,NULL,NULL,NULL,NULL,NULL),(390,'out','Venta',4,1442522715,'2015-09-17','05:45:00',NULL,NULL,923,730,1,NULL,NULL,NULL,NULL,NULL,NULL),(391,'out','Venta',1,1442522715,'2015-09-17','05:45:00',NULL,NULL,924,731,1,NULL,NULL,NULL,NULL,NULL,NULL),(392,'out','Venta',1,1442522715,'2015-09-17','05:45:00',NULL,NULL,922,732,1,NULL,NULL,NULL,NULL,NULL,NULL),(393,'out','Venta',1,1442522715,'2015-09-17','05:45:00',NULL,NULL,936,733,1,NULL,NULL,NULL,NULL,NULL,NULL),(394,'out','Venta',5,1442524426,'2015-09-17','06:13:00',NULL,NULL,102,735,1,NULL,NULL,NULL,NULL,NULL,NULL),(395,'out','Venta',2,1442848297,'2015-09-21','12:11:00',NULL,NULL,901,737,1,NULL,NULL,NULL,NULL,NULL,NULL),(396,'out','Venta',4,1442936188,'2015-09-22','12:36:00',NULL,NULL,901,745,1,NULL,NULL,NULL,NULL,NULL,NULL),(397,'out','Venta',1,1442936188,'2015-09-22','12:36:00',NULL,NULL,944,746,1,NULL,NULL,NULL,NULL,NULL,NULL),(398,'out','Venta',2,1442956575,'2015-09-22','06:16:00',NULL,NULL,102,751,1,NULL,NULL,NULL,NULL,NULL,NULL),(399,'out','Venta',5,1443023723,'2015-09-23','12:55:00',NULL,NULL,82,753,1,NULL,NULL,NULL,NULL,NULL,NULL);
/*!40000 ALTER TABLE `stock_movement` ENABLE KEYS */;
UNLOCK TABLES;

--
-- Table structure for table `tax`
--

DROP TABLE IF EXISTS `tax`;
/*!40101 SET @saved_cs_client     = @@character_set_client */;
/*!40101 SET character_set_client = utf8 */;
CREATE TABLE `tax` (
  `tax_id` int(11) NOT NULL AUTO_INCREMENT,
  `name` varchar(45) DEFAULT NULL,
  `slug` varchar(45) DEFAULT NULL,
  `required` tinyint(1) DEFAULT NULL,
  PRIMARY KEY (`tax_id`)
) ENGINE=InnoDB AUTO_INCREMENT=2 DEFAULT CHARSET=utf8;
/*!40101 SET character_set_client = @saved_cs_client */;

--
-- Dumping data for table `tax`
--

LOCK TABLES `tax` WRITE;
/*!40000 ALTER TABLE `tax` DISABLE KEYS */;
INSERT INTO `tax` VALUES (1,'Iva','iva',0);
/*!40000 ALTER TABLE `tax` ENABLE KEYS */;
UNLOCK TABLES;

--
-- Table structure for table `tax_condition`
--

DROP TABLE IF EXISTS `tax_condition`;
/*!40101 SET @saved_cs_client     = @@character_set_client */;
/*!40101 SET character_set_client = utf8 */;
CREATE TABLE `tax_condition` (
  `tax_condition_id` int(11) NOT NULL AUTO_INCREMENT,
  `name` varchar(45) DEFAULT NULL,
  `document_type_id` int(11) DEFAULT NULL,
  `exempt` tinyint(1) DEFAULT NULL,
  PRIMARY KEY (`tax_condition_id`),
  KEY `fk_tax_condition_document_type1_idx` (`document_type_id`),
  CONSTRAINT `fk_tax_condition_document_type1` FOREIGN KEY (`document_type_id`) REFERENCES `document_type` (`document_type_id`) ON DELETE NO ACTION ON UPDATE NO ACTION
) ENGINE=InnoDB AUTO_INCREMENT=4 DEFAULT CHARSET=utf8;
/*!40101 SET character_set_client = @saved_cs_client */;

--
-- Dumping data for table `tax_condition`
--

LOCK TABLES `tax_condition` WRITE;
/*!40000 ALTER TABLE `tax_condition` DISABLE KEYS */;
INSERT INTO `tax_condition` VALUES (1,'IVA Inscripto',1,0),(2,'Consumidor Final',0,0),(3,'Exento',0,1);
/*!40000 ALTER TABLE `tax_condition` ENABLE KEYS */;
UNLOCK TABLES;

--
-- Table structure for table `tax_condition_has_bill_type`
--

DROP TABLE IF EXISTS `tax_condition_has_bill_type`;
/*!40101 SET @saved_cs_client     = @@character_set_client */;
/*!40101 SET character_set_client = utf8 */;
CREATE TABLE `tax_condition_has_bill_type` (
  `tax_condition_id` int(11) NOT NULL,
  `bill_type_id` int(11) NOT NULL,
  `order` int(11) DEFAULT NULL,
  PRIMARY KEY (`tax_condition_id`,`bill_type_id`),
  KEY `fk_tax_condition_has_bill_type_bill_type1_idx` (`bill_type_id`),
  KEY `fk_tax_condition_has_bill_type_tax_condition1_idx` (`tax_condition_id`),
  CONSTRAINT `fk_tax_condition_has_bill_type_bill_type1` FOREIGN KEY (`bill_type_id`) REFERENCES `bill_type` (`bill_type_id`) ON DELETE NO ACTION ON UPDATE NO ACTION,
  CONSTRAINT `fk_tax_condition_has_bill_type_tax_condition1` FOREIGN KEY (`tax_condition_id`) REFERENCES `tax_condition` (`tax_condition_id`) ON DELETE NO ACTION ON UPDATE NO ACTION
) ENGINE=InnoDB DEFAULT CHARSET=utf8;
/*!40101 SET character_set_client = @saved_cs_client */;

--
-- Dumping data for table `tax_condition_has_bill_type`
--

LOCK TABLES `tax_condition_has_bill_type` WRITE;
/*!40000 ALTER TABLE `tax_condition_has_bill_type` DISABLE KEYS */;
INSERT INTO `tax_condition_has_bill_type` VALUES (1,1,0),(1,3,0),(1,4,0),(1,7,0),(2,2,0),(2,5,0),(2,6,0),(2,7,0),(3,2,0),(3,5,0),(3,6,0),(3,7,0);
/*!40000 ALTER TABLE `tax_condition_has_bill_type` ENABLE KEYS */;
UNLOCK TABLES;

--
-- Table structure for table `tax_rate`
--

DROP TABLE IF EXISTS `tax_rate`;
/*!40101 SET @saved_cs_client     = @@character_set_client */;
/*!40101 SET character_set_client = utf8 */;
CREATE TABLE `tax_rate` (
  `tax_rate_id` int(11) NOT NULL AUTO_INCREMENT,
  `pct` double DEFAULT NULL,
  `tax_id` int(11) NOT NULL,
  `code` int(11) DEFAULT NULL,
  PRIMARY KEY (`tax_rate_id`),
  KEY `fk_tax_rate_tax1_idx` (`tax_id`),
  CONSTRAINT `fk_tax_rate_tax1` FOREIGN KEY (`tax_id`) REFERENCES `tax` (`tax_id`) ON DELETE NO ACTION ON UPDATE NO ACTION
) ENGINE=InnoDB AUTO_INCREMENT=2 DEFAULT CHARSET=utf8;
/*!40101 SET character_set_client = @saved_cs_client */;

--
-- Dumping data for table `tax_rate`
--

LOCK TABLES `tax_rate` WRITE;
/*!40000 ALTER TABLE `tax_rate` DISABLE KEYS */;
INSERT INTO `tax_rate` VALUES (1,0.21,1,5);
/*!40000 ALTER TABLE `tax_rate` ENABLE KEYS */;
UNLOCK TABLES;

--
-- Table structure for table `taxes_book`
--

DROP TABLE IF EXISTS `taxes_book`;
/*!40101 SET @saved_cs_client     = @@character_set_client */;
/*!40101 SET character_set_client = utf8 */;
CREATE TABLE `taxes_book` (
  `taxes_book_id` int(11) NOT NULL AUTO_INCREMENT,
  `type` enum('sale','buy') DEFAULT NULL,
  `status` enum('draft','closed') DEFAULT NULL,
  `timestamp` timestamp NULL DEFAULT NULL,
  `number` int(11) DEFAULT NULL,
  `company_id` int(11) DEFAULT NULL,
  `period` date DEFAULT NULL,
  PRIMARY KEY (`taxes_book_id`),
  KEY `ix_taxes_book_company_id` (`company_id`)
) ENGINE=InnoDB DEFAULT CHARSET=utf8;
/*!40101 SET character_set_client = @saved_cs_client */;

--
-- Dumping data for table `taxes_book`
--

LOCK TABLES `taxes_book` WRITE;
/*!40000 ALTER TABLE `taxes_book` DISABLE KEYS */;
/*!40000 ALTER TABLE `taxes_book` ENABLE KEYS */;
UNLOCK TABLES;

--
-- Table structure for table `taxes_book_item`
--

DROP TABLE IF EXISTS `taxes_book_item`;
/*!40101 SET @saved_cs_client     = @@character_set_client */;
/*!40101 SET character_set_client = utf8 */;
CREATE TABLE `taxes_book_item` (
  `taxes_book_item_id` int(11) NOT NULL AUTO_INCREMENT,
  `page` int(11) NOT NULL,
  `taxes_book_id` int(11) NOT NULL,
  `bill_id` int(11) DEFAULT NULL,
  `provider_bill_id` int(11) DEFAULT NULL,
  PRIMARY KEY (`taxes_book_item_id`),
  KEY `fk_taxes_book_item_taxes_book1_idx` (`taxes_book_id`),
  KEY `fk_taxes_book_item_bill1_idx` (`bill_id`),
  KEY `fk_taxes_book_item_provider_bill1_idx` (`provider_bill_id`),
  CONSTRAINT `fk_taxes_book_item_bill1` FOREIGN KEY (`bill_id`) REFERENCES `bill` (`bill_id`) ON DELETE NO ACTION ON UPDATE NO ACTION,
  CONSTRAINT `fk_taxes_book_item_provider_bill1` FOREIGN KEY (`provider_bill_id`) REFERENCES `provider_bill` (`provider_bill_id`) ON DELETE NO ACTION ON UPDATE NO ACTION,
  CONSTRAINT `fk_taxes_book_item_taxes_book1` FOREIGN KEY (`taxes_book_id`) REFERENCES `taxes_book` (`taxes_book_id`) ON DELETE NO ACTION ON UPDATE NO ACTION
) ENGINE=InnoDB DEFAULT CHARSET=utf8;
/*!40101 SET character_set_client = @saved_cs_client */;

--
-- Dumping data for table `taxes_book_item`
--

LOCK TABLES `taxes_book_item` WRITE;
/*!40000 ALTER TABLE `taxes_book_item` DISABLE KEYS */;
/*!40000 ALTER TABLE `taxes_book_item` ENABLE KEYS */;
UNLOCK TABLES;

--
-- Table structure for table `unit`
--

DROP TABLE IF EXISTS `unit`;
/*!40101 SET @saved_cs_client     = @@character_set_client */;
/*!40101 SET character_set_client = utf8 */;
CREATE TABLE `unit` (
  `unit_id` int(11) NOT NULL AUTO_INCREMENT,
  `name` varchar(45) DEFAULT NULL,
  `type` enum('int','float') DEFAULT NULL,
  `symbol` varchar(10) DEFAULT NULL,
  `symbol_position` enum('prefix','suffix') DEFAULT NULL,
  `code` int(11) DEFAULT NULL,
  PRIMARY KEY (`unit_id`)
) ENGINE=InnoDB AUTO_INCREMENT=2 DEFAULT CHARSET=utf8;
/*!40101 SET character_set_client = @saved_cs_client */;

--
-- Dumping data for table `unit`
--

LOCK TABLES `unit` WRITE;
/*!40000 ALTER TABLE `unit` DISABLE KEYS */;
INSERT INTO `unit` VALUES (1,'Cantidad','int','c.','suffix',0);
/*!40000 ALTER TABLE `unit` ENABLE KEYS */;
UNLOCK TABLES;

--
-- Table structure for table `user`
--

DROP TABLE IF EXISTS `user`;
/*!40101 SET @saved_cs_client     = @@character_set_client */;
/*!40101 SET character_set_client = utf8 */;
CREATE TABLE `user` (
  `id` int(11) NOT NULL AUTO_INCREMENT,
  `username` varchar(255) NOT NULL,
  `auth_key` varchar(32) NOT NULL,
  `password_hash` varchar(255) NOT NULL,
  `confirmation_token` varchar(255) DEFAULT NULL,
  `status` int(11) NOT NULL DEFAULT '1',
  `superadmin` smallint(6) DEFAULT '0',
  `created_at` int(11) NOT NULL,
  `updated_at` int(11) NOT NULL,
  `registration_ip` varchar(15) DEFAULT NULL,
  `bind_to_ip` varchar(255) DEFAULT NULL,
  `email` varchar(128) DEFAULT NULL,
  `email_confirmed` smallint(1) NOT NULL DEFAULT '0',
  PRIMARY KEY (`id`)
) ENGINE=InnoDB AUTO_INCREMENT=18 DEFAULT CHARSET=utf8;
/*!40101 SET character_set_client = @saved_cs_client */;

--
-- Dumping data for table `user`
--

LOCK TABLES `user` WRITE;
/*!40000 ALTER TABLE `user` DISABLE KEYS */;
INSERT INTO `user` VALUES (1,'superadmin','OrLp6vrD_cZsULEzAuk3vyQYRJ4FkK8Q','$2y$13$HHCqCQ7WYcoYVUeiHqcbUOvQweqX5A1lzobtwg97DANIFfCSC/81q',NULL,1,1,1451478898,1452005464,NULL,NULL,NULL,0),(16,'admin','g4tKvlZ3InTq0IDe6qtdoVr1lDxEVY9L','$2y$13$bvefMqoCflkTipklUETpTOZFsCJH8alX7Kz8mh.lYqllsvIZMH5KO',NULL,1,0,1451916126,1452001243,'127.0.0.1','',NULL,0),(17,'cobrador','XnonNj0AKMWg09zpo8Wyz7PLxOEZCW0Y','$2y$13$5yDV84RQ9timsFvpcFdLTOmcXXMjFulFDNzgrjxpFIG1YQgR9HPn.',NULL,1,0,1452002846,1452002846,'127.0.0.1','',NULL,0);
/*!40000 ALTER TABLE `user` ENABLE KEYS */;
UNLOCK TABLES;

--
-- Table structure for table `user_visit_log`
--

DROP TABLE IF EXISTS `user_visit_log`;
/*!40101 SET @saved_cs_client     = @@character_set_client */;
/*!40101 SET character_set_client = utf8 */;
CREATE TABLE `user_visit_log` (
  `id` int(11) NOT NULL AUTO_INCREMENT,
  `token` varchar(255) NOT NULL,
  `ip` varchar(15) NOT NULL,
  `language` char(2) NOT NULL,
  `user_agent` varchar(255) NOT NULL,
  `user_id` int(11) DEFAULT NULL,
  `visit_time` int(11) NOT NULL,
  `browser` varchar(30) DEFAULT NULL,
  `os` varchar(20) DEFAULT NULL,
  PRIMARY KEY (`id`),
  KEY `user_id` (`user_id`),
  CONSTRAINT `user_visit_log_ibfk_1` FOREIGN KEY (`user_id`) REFERENCES `user` (`id`) ON DELETE SET NULL ON UPDATE CASCADE
) ENGINE=InnoDB AUTO_INCREMENT=12 DEFAULT CHARSET=utf8;
/*!40101 SET character_set_client = @saved_cs_client */;

--
-- Dumping data for table `user_visit_log`
--

LOCK TABLES `user_visit_log` WRITE;
/*!40000 ALTER TABLE `user_visit_log` DISABLE KEYS */;
INSERT INTO `user_visit_log` VALUES (1,'568a69bac95bd','127.0.0.1','es','Mozilla/5.0 (X11; Linux x86_64) AppleWebKit/537.36 (KHTML, like Gecko) Chrome/40.0.2214.115 Safari/537.36',NULL,1451911610,'Chrome','Linux'),(2,'568a6a0baf8e8','127.0.0.1','es','Mozilla/5.0 (X11; Linux x86_64) AppleWebKit/537.36 (KHTML, like Gecko) Chrome/40.0.2214.115 Safari/537.36',1,1451911691,'Chrome','Linux'),(3,'568a6b1bd9975','127.0.0.1','es','Mozilla/5.0 (X11; Linux x86_64) AppleWebKit/537.36 (KHTML, like Gecko) Chrome/40.0.2214.115 Safari/537.36',NULL,1451911963,'Chrome','Linux'),(4,'568a6b2675d81','127.0.0.1','es','Mozilla/5.0 (X11; Linux x86_64) AppleWebKit/537.36 (KHTML, like Gecko) Chrome/40.0.2214.115 Safari/537.36',1,1451911974,'Chrome','Linux'),(5,'568a6b3629cbd','127.0.0.1','es','Mozilla/5.0 (X11; Linux x86_64) AppleWebKit/537.36 (KHTML, like Gecko) Chrome/40.0.2214.115 Safari/537.36',NULL,1451911990,'Chrome','Linux'),(6,'568a6c01475e9','127.0.0.1','es','Mozilla/5.0 (X11; Linux x86_64) AppleWebKit/537.36 (KHTML, like Gecko) Chrome/40.0.2214.115 Safari/537.36',1,1451912193,'Chrome','Linux'),(7,'568a707a59159','127.0.0.1','es','Mozilla/5.0 (X11; Linux x86_64) AppleWebKit/537.36 (KHTML, like Gecko) Chrome/40.0.2214.115 Safari/537.36',NULL,1451913338,'Chrome','Linux'),(8,'568a7b73319b9','127.0.0.1','es','Mozilla/5.0 (X11; Linux x86_64) AppleWebKit/537.36 (KHTML, like Gecko) Chrome/40.0.2214.115 Safari/537.36',16,1451916147,'Chrome','Linux'),(9,'568bce2f10358','127.0.0.1','es','Mozilla/5.0 (X11; Linux x86_64) AppleWebKit/537.36 (KHTML, like Gecko) Chrome/40.0.2214.115 Safari/537.36',17,1452002863,'Chrome','Linux'),(10,'568cfd1d6ca5a','127.0.0.1','es','Mozilla/5.0 (X11; Linux x86_64) AppleWebKit/537.36 (KHTML, like Gecko) Chrome/40.0.2214.115 Safari/537.36',1,1452080413,'Chrome','Linux'),(11,'568cfeac44680','127.0.0.1','es','Mozilla/5.0 (X11; Linux x86_64) AppleWebKit/537.36 (KHTML, like Gecko) Chrome/40.0.2214.115 Safari/537.36',1,1452080812,'Chrome','Linux');
/*!40000 ALTER TABLE `user_visit_log` ENABLE KEYS */;
UNLOCK TABLES;

--
-- Table structure for table `vendor`
--

DROP TABLE IF EXISTS `vendor`;
/*!40101 SET @saved_cs_client     = @@character_set_client */;
/*!40101 SET character_set_client = utf8 */;
CREATE TABLE `vendor` (
  `vendor_id` int(11) NOT NULL AUTO_INCREMENT,
  `name` varchar(45) DEFAULT NULL,
  `lastname` varchar(45) DEFAULT NULL,
  `document_type_id` int(11) DEFAULT NULL,
  `document_number` varchar(45) DEFAULT NULL,
  `sex` varchar(10) DEFAULT NULL,
  `address_id` int(11) DEFAULT NULL,
  `account_id` int(11) DEFAULT NULL,
  `phone` varchar(45) DEFAULT NULL,
  `user_id` int(11) DEFAULT NULL,
  PRIMARY KEY (`vendor_id`),
  KEY `fk_vendor_1_idx` (`account_id`),
  KEY `fk_vendor_2_idx` (`address_id`),
  KEY `fk_vendor_3_idx` (`document_type_id`),
  CONSTRAINT `fk_vendor_1` FOREIGN KEY (`account_id`) REFERENCES `account` (`account_id`) ON DELETE NO ACTION ON UPDATE NO ACTION,
  CONSTRAINT `fk_vendor_2` FOREIGN KEY (`address_id`) REFERENCES `address` (`address_id`) ON DELETE NO ACTION ON UPDATE NO ACTION,
  CONSTRAINT `fk_vendor_3` FOREIGN KEY (`document_type_id`) REFERENCES `document_type` (`document_type_id`) ON DELETE NO ACTION ON UPDATE NO ACTION
) ENGINE=InnoDB DEFAULT CHARSET=utf8;
/*!40101 SET character_set_client = @saved_cs_client */;

--
-- Dumping data for table `vendor`
--

LOCK TABLES `vendor` WRITE;
/*!40000 ALTER TABLE `vendor` DISABLE KEYS */;
/*!40000 ALTER TABLE `vendor` ENABLE KEYS */;
UNLOCK TABLES;

--
-- Table structure for table `zone`
--

DROP TABLE IF EXISTS `zone`;
/*!40101 SET @saved_cs_client     = @@character_set_client */;
/*!40101 SET character_set_client = utf8 */;
CREATE TABLE `zone` (
  `zone_id` int(11) NOT NULL AUTO_INCREMENT,
  `name` varchar(255) NOT NULL,
  `parent_id` int(11) DEFAULT NULL,
  `create_timestamp` int(11) DEFAULT NULL,
  `update_timestamp` int(11) DEFAULT NULL,
  `status` enum('enabled','disabled') DEFAULT NULL,
  `system` varchar(100) DEFAULT NULL,
  `type` varchar(60) DEFAULT NULL,
  `postal_code` int(11) DEFAULT NULL,
  PRIMARY KEY (`zone_id`),
  KEY `fk_zone_1_idx` (`parent_id`),
  CONSTRAINT `fk_zone_zone1` FOREIGN KEY (`parent_id`) REFERENCES `zone` (`zone_id`) ON DELETE NO ACTION ON UPDATE NO ACTION
) ENGINE=InnoDB AUTO_INCREMENT=2 DEFAULT CHARSET=utf8;
/*!40101 SET character_set_client = @saved_cs_client */;

--
-- Dumping data for table `zone`
--

LOCK TABLES `zone` WRITE;
/*!40000 ALTER TABLE `zone` DISABLE KEYS */;
INSERT INTO `zone` VALUES (1,'Argentina',0,1442431003,0,'enabled','argentina','country',0);
/*!40000 ALTER TABLE `zone` ENABLE KEYS */;
UNLOCK TABLES;
/*!40103 SET TIME_ZONE=@OLD_TIME_ZONE */;

/*!40101 SET SQL_MODE=@OLD_SQL_MODE */;
/*!40014 SET FOREIGN_KEY_CHECKS=@OLD_FOREIGN_KEY_CHECKS */;
/*!40014 SET UNIQUE_CHECKS=@OLD_UNIQUE_CHECKS */;
/*!40101 SET CHARACTER_SET_CLIENT=@OLD_CHARACTER_SET_CLIENT */;
/*!40101 SET CHARACTER_SET_RESULTS=@OLD_CHARACTER_SET_RESULTS */;
/*!40101 SET COLLATION_CONNECTION=@OLD_COLLATION_CONNECTION */;
/*!40111 SET SQL_NOTES=@OLD_SQL_NOTES */;

-- Dump completed on 2016-01-26  8:19:40
